[2025-10-21T21:07:15.208] [DEBUG] debug-file - jsonObjWithoutParam {"name":"video","version":"1.0.0","description":"Please describe the basic information.","main":"Index.ets","author":"","license":"Apache-2.0","dependencies":{"utils":"file:../../commons/utils","uicomponents":"file:../../commons/uicomponents"}} at undefined
[2025-10-21T21:07:15.208] [DEBUG] debug-file - video : default@BuildNativeWithNinja cost memory 0.0589752197265625
[2025-10-21T21:07:15.209] [DEBUG] debug-file - runTaskFromQueue task cost before running: 565 ms 
[2025-10-21T21:07:15.209] [INFO] debug-file - Finished :video:default@BuildNativeWithNinja... after 2 ms 
[2025-10-21T21:07:15.211] [DEBUG] debug-file - jsonObjWithoutParam {"utils":"file:../../commons/utils","uicomponents":"file:../../commons/uicomponents"} at undefined
[2025-10-21T21:07:15.211] [DEBUG] debug-file - jsonObjWithoutParam {"name":"quickstart","version":"1.0.0","description":"Please describe the basic information.","main":"Index.ets","author":"","license":"Apache-2.0","dependencies":{"utils":"file:../../commons/utils","uicomponents":"file:../../commons/uicomponents"}} at undefined
[2025-10-21T21:07:15.211] [DEBUG] debug-file - Executing task :quickstart:default@BuildNativeWithNinja
[2025-10-21T21:07:15.211] [DEBUG] debug-file - jsonObjWithoutParam {"utils":"file:../../commons/utils","uicomponents":"file:../../commons/uicomponents"} at undefined
[2025-10-21T21:07:15.211] [DEBUG] debug-file - jsonObjWithoutParam {"name":"quickstart","version":"1.0.0","description":"Please describe the basic information.","main":"Index.ets","author":"","license":"Apache-2.0","dependencies":{"utils":"file:../../commons/utils","uicomponents":"file:../../commons/uicomponents"}} at undefined
[2025-10-21T21:07:15.212] [DEBUG] debug-file - quickstart : default@BuildNativeWithNinja cost memory 0.0672760009765625
[2025-10-21T21:07:15.212] [DEBUG] debug-file - runTaskFromQueue task cost before running: 568 ms 
[2025-10-21T21:07:15.212] [INFO] debug-file - Finished :quickstart:default@BuildNativeWithNinja... after 1 ms 
[2025-10-21T21:07:15.213] [DEBUG] debug-file - jsonObjWithoutParam {"uicomponents":"file:../../commons/uicomponents","utils":"file:../../commons/utils"} at undefined
[2025-10-21T21:07:15.213] [DEBUG] debug-file - jsonObjWithoutParam {"name":"follows","version":"1.0.0","description":"Please describe the basic information.","main":"Index.ets","author":"","license":"Apache-2.0","dependencies":{"uicomponents":"file:../../commons/uicomponents","utils":"file:../../commons/utils"}} at undefined
[2025-10-21T21:07:15.214] [DEBUG] debug-file - Executing task :follows:default@BuildNativeWithNinja
[2025-10-21T21:07:15.214] [DEBUG] debug-file - jsonObjWithoutParam {"uicomponents":"file:../../commons/uicomponents","utils":"file:../../commons/utils"} at undefined
[2025-10-21T21:07:15.214] [DEBUG] debug-file - jsonObjWithoutParam {"name":"follows","version":"1.0.0","description":"Please describe the basic information.","main":"Index.ets","author":"","license":"Apache-2.0","dependencies":{"uicomponents":"file:../../commons/uicomponents","utils":"file:../../commons/utils"}} at undefined
[2025-10-21T21:07:15.215] [DEBUG] debug-file - follows : default@BuildNativeWithNinja cost memory 0.06194305419921875
[2025-10-21T21:07:15.215] [DEBUG] debug-file - runTaskFromQueue task cost before running: 571 ms 
[2025-10-21T21:07:15.215] [INFO] debug-file - Finished :follows:default@BuildNativeWithNinja... after 1 ms 
[2025-10-21T21:07:15.217] [DEBUG] debug-file - jsonObjWithoutParam {"utils":"file:../../commons/utils","BackendConfig":"file:../../commons/utils"} at undefined
[2025-10-21T21:07:15.217] [DEBUG] debug-file - jsonObjWithoutParam {"name":"login","version":"1.0.0","description":"Please describe the basic information.","main":"Index.ets","author":"","license":"Apache-2.0","dependencies":{"utils":"file:../../commons/utils","BackendConfig":"file:../../commons/utils"}} at undefined
[2025-10-21T21:07:15.217] [DEBUG] debug-file - Executing task :login:default@ProcessLibs
[2025-10-21T21:07:15.219] [DEBUG] debug-file - Incremental task login:default@ProcessLibs pre-execution cost: 1 ms .
[2025-10-21T21:07:15.219] [DEBUG] debug-file - login : default@ProcessLibs cost memory 0.1331329345703125
[2025-10-21T21:07:15.219] [INFO] debug-file - UP-TO-DATE :login:default@ProcessLibs...  
[2025-10-21T21:07:15.221] [DEBUG] debug-file - jsonObjWithoutParam {"video":"file:../../features/video","news":"file:../../features/news","quickstart":"file:../../features/quickstart","follow":"file:../../features/follows","mine":"file:../../features/mine","login":"file:../../features/login","uicomponents":"file:../../commons/uicomponents","utils":"file:../../commons/utils"} at undefined
[2025-10-21T21:07:15.221] [DEBUG] debug-file - jsonObjWithoutParam {"name":"default","version":"1.0.0","description":"Please describe the basic information.","main":"","author":"","license":"","dependencies":{"video":"file:../../features/video","news":"file:../../features/news","quickstart":"file:../../features/quickstart","follow":"file:../../features/follows","mine":"file:../../features/mine","login":"file:../../features/login","uicomponents":"file:../../commons/uicomponents","utils":"file:../../commons/utils"}} at undefined
[2025-10-21T21:07:15.221] [DEBUG] debug-file - Executing task :default:default@ConfigureCmake
[2025-10-21T21:07:15.222] [DEBUG] debug-file - jsonObjWithoutParam {"video":"file:../../features/video","news":"file:../../features/news","quickstart":"file:../../features/quickstart","follow":"file:../../features/follows","mine":"file:../../features/mine","login":"file:../../features/login","uicomponents":"file:../../commons/uicomponents","utils":"file:../../commons/utils"} at undefined
[2025-10-21T21:07:15.222] [DEBUG] debug-file - jsonObjWithoutParam {"name":"default","version":"1.0.0","description":"Please describe the basic information.","main":"","author":"","license":"","dependencies":{"video":"file:../../features/video","news":"file:../../features/news","quickstart":"file:../../features/quickstart","follow":"file:../../features/follows","mine":"file:../../features/mine","login":"file:../../features/login","uicomponents":"file:../../commons/uicomponents","utils":"file:../../commons/utils"}} at undefined
[2025-10-21T21:07:15.222] [DEBUG] debug-file - default : default@ConfigureCmake cost memory 0.051666259765625
[2025-10-21T21:07:15.222] [DEBUG] debug-file - runTaskFromQueue task cost before running: 578 ms 
[2025-10-21T21:07:15.222] [INFO] debug-file - Finished :default:default@ConfigureCmake... after 1 ms 
[2025-10-21T21:07:15.223] [DEBUG] debug-file - jsonObjWithoutParam {"video":"file:../../features/video","news":"file:../../features/news","quickstart":"file:../../features/quickstart","follow":"file:../../features/follows","mine":"file:../../features/mine","login":"file:../../features/login","uicomponents":"file:../../commons/uicomponents","utils":"file:../../commons/utils"} at undefined
[2025-10-21T21:07:15.224] [DEBUG] debug-file - jsonObjWithoutParam {"name":"default","version":"1.0.0","description":"Please describe the basic information.","main":"","author":"","license":"","dependencies":{"video":"file:../../features/video","news":"file:../../features/news","quickstart":"file:../../features/quickstart","follow":"file:../../features/follows","mine":"file:../../features/mine","login":"file:../../features/login","uicomponents":"file:../../commons/uicomponents","utils":"file:../../commons/utils"}} at undefined
[2025-10-21T21:07:15.224] [DEBUG] debug-file - restool module names: default,news,video,quickstart,utils,uicomponents,mine,login,follows; moduleName=default, taskName=default@CompileResource
[2025-10-21T21:07:15.227] [DEBUG] debug-file - Executing task :default:default@CompileResource
[2025-10-21T21:07:15.243] [DEBUG] debug-file - Incremental task default:default@CompileResource pre-execution cost: 16 ms .
[2025-10-21T21:07:15.243] [DEBUG] debug-file - default : default@CompileResource cost memory -4.568031311035156
[2025-10-21T21:07:15.244] [INFO] debug-file - UP-TO-DATE :default:default@CompileResource...  
[2025-10-21T21:07:15.246] [DEBUG] debug-file - jsonObjWithoutParam {"utils":"file:../../commons/utils","uicomponents":"file:../../commons/uicomponents"} at undefined
[2025-10-21T21:07:15.246] [DEBUG] debug-file - jsonObjWithoutParam {"name":"news","version":"1.0.0","description":"Please describe the basic information.","main":"Index.ets","author":"","license":"Apache-2.0","dependencies":{"utils":"file:../../commons/utils","uicomponents":"file:../../commons/uicomponents"}} at undefined
[2025-10-21T21:07:15.246] [DEBUG] debug-file - Executing task :news:default@ProcessLibs
[2025-10-21T21:07:15.248] [DEBUG] debug-file - Incremental task news:default@ProcessLibs pre-execution cost: 1 ms .
[2025-10-21T21:07:15.248] [DEBUG] debug-file - news : default@ProcessLibs cost memory 0.13236236572265625
[2025-10-21T21:07:15.248] [INFO] debug-file - UP-TO-DATE :news:default@ProcessLibs...  
[2025-10-21T21:07:15.249] [DEBUG] debug-file - jsonObjWithoutParam {"utils":"file:../../commons/utils","uicomponents":"file:../../commons/uicomponents"} at undefined
[2025-10-21T21:07:15.249] [DEBUG] debug-file - jsonObjWithoutParam {"name":"video","version":"1.0.0","description":"Please describe the basic information.","main":"Index.ets","author":"","license":"Apache-2.0","dependencies":{"utils":"file:../../commons/utils","uicomponents":"file:../../commons/uicomponents"}} at undefined
[2025-10-21T21:07:15.249] [DEBUG] debug-file - Executing task :video:default@ProcessLibs
[2025-10-21T21:07:15.251] [DEBUG] debug-file - Incremental task video:default@ProcessLibs pre-execution cost: 1 ms .
[2025-10-21T21:07:15.251] [DEBUG] debug-file - video : default@ProcessLibs cost memory 0.1324310302734375
[2025-10-21T21:07:15.251] [INFO] debug-file - UP-TO-DATE :video:default@ProcessLibs...  
[2025-10-21T21:07:15.252] [DEBUG] debug-file - jsonObjWithoutParam {"utils":"file:../../commons/utils","uicomponents":"file:../../commons/uicomponents"} at undefined
[2025-10-21T21:07:15.252] [DEBUG] debug-file - jsonObjWithoutParam {"name":"quickstart","version":"1.0.0","description":"Please describe the basic information.","main":"Index.ets","author":"","license":"Apache-2.0","dependencies":{"utils":"file:../../commons/utils","uicomponents":"file:../../commons/uicomponents"}} at undefined
[2025-10-21T21:07:15.253] [DEBUG] debug-file - Executing task :quickstart:default@ProcessLibs
[2025-10-21T21:07:15.254] [DEBUG] debug-file - Incremental task quickstart:default@ProcessLibs pre-execution cost: 1 ms .
[2025-10-21T21:07:15.254] [DEBUG] debug-file - quickstart : default@ProcessLibs cost memory 0.13521575927734375
[2025-10-21T21:07:15.254] [INFO] debug-file - UP-TO-DATE :quickstart:default@ProcessLibs...  
[2025-10-21T21:07:15.256] [DEBUG] debug-file - jsonObjWithoutParam {"uicomponents":"file:../../commons/uicomponents","utils":"file:../../commons/utils"} at undefined
[2025-10-21T21:07:15.256] [DEBUG] debug-file - jsonObjWithoutParam {"name":"follows","version":"1.0.0","description":"Please describe the basic information.","main":"Index.ets","author":"","license":"Apache-2.0","dependencies":{"uicomponents":"file:../../commons/uicomponents","utils":"file:../../commons/utils"}} at undefined
[2025-10-21T21:07:15.256] [DEBUG] debug-file - Executing task :follows:default@ProcessLibs
[2025-10-21T21:07:15.258] [DEBUG] debug-file - Incremental task follows:default@ProcessLibs pre-execution cost: 1 ms .
[2025-10-21T21:07:15.258] [DEBUG] debug-file - follows : default@ProcessLibs cost memory 0.1378936767578125
[2025-10-21T21:07:15.259] [INFO] debug-file - UP-TO-DATE :follows:default@ProcessLibs...  
[2025-10-21T21:07:15.260] [DEBUG] debug-file - jsonObjWithoutParam {"utils":"file:../../commons/utils","BackendConfig":"file:../../commons/utils"} at undefined
[2025-10-21T21:07:15.260] [DEBUG] debug-file - jsonObjWithoutParam {"name":"login","version":"1.0.0","description":"Please describe the basic information.","main":"Index.ets","author":"","license":"Apache-2.0","dependencies":{"utils":"file:../../commons/utils","BackendConfig":"file:../../commons/utils"}} at undefined
[2025-10-21T21:07:15.261] [DEBUG] debug-file - Executing task :login:default@DoNativeStrip
[2025-10-21T21:07:15.261] [DEBUG] debug-file - Task 'login:default@DoNativeStrip' cost while wrapping incremental declarations: 1 ms 
[2025-10-21T21:07:15.261] [DEBUG] debug-file - Incremental task login:default@DoNativeStrip pre-execution cost: 1 ms .
[2025-10-21T21:07:15.262] [DEBUG] debug-file - login : default@DoNativeStrip cost memory 0.07633209228515625
[2025-10-21T21:07:15.262] [INFO] debug-file - UP-TO-DATE :login:default@DoNativeStrip...  
[2025-10-21T21:07:15.263] [DEBUG] debug-file - jsonObjWithoutParam {"video":"file:../../features/video","news":"file:../../features/news","quickstart":"file:../../features/quickstart","follow":"file:../../features/follows","mine":"file:../../features/mine","login":"file:../../features/login","uicomponents":"file:../../commons/uicomponents","utils":"file:../../commons/utils"} at undefined
[2025-10-21T21:07:15.263] [DEBUG] debug-file - jsonObjWithoutParam {"name":"default","version":"1.0.0","description":"Please describe the basic information.","main":"","author":"","license":"","dependencies":{"video":"file:../../features/video","news":"file:../../features/news","quickstart":"file:../../features/quickstart","follow":"file:../../features/follows","mine":"file:../../features/mine","login":"file:../../features/login","uicomponents":"file:../../commons/uicomponents","utils":"file:../../commons/utils"}} at undefined
[2025-10-21T21:07:15.264] [DEBUG] debug-file - Executing task :default:default@BuildNativeWithCmake
[2025-10-21T21:07:15.264] [DEBUG] debug-file - jsonObjWithoutParam {"video":"file:../../features/video","news":"file:../../features/news","quickstart":"file:../../features/quickstart","follow":"file:../../features/follows","mine":"file:../../features/mine","login":"file:../../features/login","uicomponents":"file:../../commons/uicomponents","utils":"file:../../commons/utils"} at undefined
[2025-10-21T21:07:15.264] [DEBUG] debug-file - jsonObjWithoutParam {"name":"default","version":"1.0.0","description":"Please describe the basic information.","main":"","author":"","license":"","dependencies":{"video":"file:../../features/video","news":"file:../../features/news","quickstart":"file:../../features/quickstart","follow":"file:../../features/follows","mine":"file:../../features/mine","login":"file:../../features/login","uicomponents":"file:../../commons/uicomponents","utils":"file:../../commons/utils"}} at undefined
[2025-10-21T21:07:15.264] [DEBUG] debug-file - default : default@BuildNativeWithCmake cost memory 0.04970550537109375
[2025-10-21T21:07:15.264] [DEBUG] debug-file - runTaskFromQueue task cost before running: 620 ms 
[2025-10-21T21:07:15.264] [INFO] debug-file - Finished :default:default@BuildNativeWithCmake... after 1 ms 
[2025-10-21T21:07:15.266] [DEBUG] debug-file - jsonObjWithoutParam {"video":"file:../../features/video","news":"file:../../features/news","quickstart":"file:../../features/quickstart","follow":"file:../../features/follows","mine":"file:../../features/mine","login":"file:../../features/login","uicomponents":"file:../../commons/uicomponents","utils":"file:../../commons/utils"} at undefined
[2025-10-21T21:07:15.266] [DEBUG] debug-file - jsonObjWithoutParam {"name":"default","version":"1.0.0","description":"Please describe the basic information.","main":"","author":"","license":"","dependencies":{"video":"file:../../features/video","news":"file:../../features/news","quickstart":"file:../../features/quickstart","follow":"file:../../features/follows","mine":"file:../../features/mine","login":"file:../../features/login","uicomponents":"file:../../commons/uicomponents","utils":"file:../../commons/utils"}} at undefined
[2025-10-21T21:07:15.268] [DEBUG] debug-file - Executing task :default:default@CompileArkTS
[2025-10-21T21:07:15.268] [DEBUG] debug-file - obfuscationOptions: undefined
[2025-10-21T21:07:15.281] [DEBUG] debug-file - default:default@CompileArkTS is not up-to-date, since the input file 'G:\HarmonyOsProjects\news_app-3a12a9aaec8f982bbbef9569988265dcb99f73e0\features\mine\src\main\ets' has been changed.
[2025-10-21T21:07:15.281] [DEBUG] debug-file - Incremental task default:default@CompileArkTS pre-execution cost: 7 ms .
[2025-10-21T21:07:15.291] [DEBUG] debug-file - build config:
[2025-10-21T21:07:15.291] [DEBUG] debug-file - {
  moduleType: 'entry',
  perf: 0,
  targetName: '.default',
  packageManagerType: 'ohpm',
  localPropertiesPath: 'G:\\HarmonyOsProjects\\news_app-3a12a9aaec8f982bbbef9569988265dcb99f73e0\\local.properties',
  isPreview: false,
  isOhosTest: false,
  isLocalTest: false,
  buildMode: 'Debug',
  watchMode: 'false',
  aceProfilePath: 'G:\\HarmonyOsProjects\\news_app-3a12a9aaec8f982bbbef9569988265dcb99f73e0\\products\\default\\build\\default\\intermediates\\res\\default\\resources\\base\\profile',
  etsLoaderPath: 'G:\\DevEco Studio\\sdk\\default\\openharmony\\ets\\build-tools\\ets-loader',
  modulePath: 'G:\\HarmonyOsProjects\\news_app-3a12a9aaec8f982bbbef9569988265dcb99f73e0\\products\\default',
  testFrameworkPar: {
    testMode: undefined,
    coveragePathFilter: undefined,
    coverageMode: undefined
  },
  needCoverageInsert: false,
  debugLine: false,
  projectTopDir: 'G:\\HarmonyOsProjects\\news_app-3a12a9aaec8f982bbbef9569988265dcb99f73e0',
  compileSdkVersion: 18,
  compatibleSdkVersion: 17,
  compatibleSdkVersionStage: undefined,
  bundleName: 'c***t',
  etsLoaderVersion: '5.1.0.110',
  etsLoaderReleaseType: 'Release',
  aotCompileMode: 'type',
  apPath: 'G:\\HarmonyOsProjects\\news_app-3a12a9aaec8f982bbbef9569988265dcb99f73e0\\products\\default\\modules.ap',
  entryModuleName: 'default',
  entryModuleVersion: '1.0.0',
  entryPackageName: 'default',
  allModuleNameHash: '4f72ccedca24de805b84221319f6d728',
  externalApiPaths: [ 'G:\\DevEco Studio\\sdk\\default\\hms\\ets' ],
  compilerTypes: undefined,
  isCrossplatform: false,
  hvigorPluginFile: undefined,
  compilePluginPath: undefined,
  buildGeneratedProfilePath: 'G:\\HarmonyOsProjects\\news_app-3a12a9aaec8f982bbbef9569988265dcb99f73e0\\products\\default\\build\\default\\generated\\profile\\default',
  bundleType: 'app',
  arkTSVersion: undefined,
  apiVersion: 18,
  needCompleteSourcesMap: false,
  isFaMode: false,
  strictMode: undefined,
  buildDir: 'G:\\HarmonyOsProjects\\news_app-3a12a9aaec8f982bbbef9569988265dcb99f73e0\\products\\default\\build',
  deviceTypes: [ 'phone', 'tablet', '2in1' ],
  useNormalizedOHMUrl: false,
  pkgContextInfo: undefined,
  ohPackagePathMap: {},
  dependencyAliasMap: {},
  permission: { requestPermissions: [ [Object] ], definePermissions: undefined },
  integratedHsp: false,
  projectArkOption: undefined,
  sourceMapDir: undefined,
  branchElimination: false,
  transformLib: undefined,
  caseSensitiveCheck: false,
  tsImportSendable: false,
  resolveConflictMode: true,
  depName2RootPath: {},
  depName2DepInfo: {},
  rootPathSet: [
    'G:\\HarmonyOsProjects\\news_app-3a12a9aaec8f982bbbef9569988265dcb99f73e0'
  ],
  useNativeResolver: true,
  shouldEmitJs: true,
  useTscResolve: false,
  singleFileEmit: false,
  userProjectConfig: {
    autoLazyImport: false,
    allowEmptyBundleName: false,
    reExportCheckMode: 'noCheck'
  },
  autoLazyImport: false,
  allowEmptyBundleName: false,
  reExportCheckMode: 'noCheck',
  arkCompileCachePath: 'G:\\HarmonyOsProjects\\news_app-3a12a9aaec8f982bbbef9569988265dcb99f73e0\\products\\default\\build\\default\\cache\\default\\default@CompileArkTS\\esmodule',
  aceModuleJsonPath: 'G:\\HarmonyOsProjects\\news_app-3a12a9aaec8f982bbbef9569988265dcb99f73e0\\products\\default\\build\\default\\intermediates\\res\\default\\ark_module.json',
  appResource: 'G:\\HarmonyOsProjects\\news_app-3a12a9aaec8f982bbbef9569988265dcb99f73e0\\products\\default\\build\\default\\intermediates\\res\\default\\ResourceTable.txt',
  rawFileResource: 'G:\\HarmonyOsProjects\\news_app-3a12a9aaec8f982bbbef9569988265dcb99f73e0\\products\\default\\build\\default\\intermediates\\res\\default\\resources\\rawfile',
  resourceTableHash: '973ba68d93ea4e73edb12958ad88852c',
  runtimeOS: 'HarmonyOS',
  sdkInfo: 'false:18:5.1.0.110:Release',
  aceModuleRoot: 'G:\\HarmonyOsProjects\\news_app-3a12a9aaec8f982bbbef9569988265dcb99f73e0\\products\\default\\src\\main\\ets',
  compileMode: 'esmodule',
  aceSuperVisualPath: 'G:\\HarmonyOsProjects\\news_app-3a12a9aaec8f982bbbef9569988265dcb99f73e0\\products\\default\\src\\main\\supervisual',
  aceBuildJson: 'G:\\HarmonyOsProjects\\news_app-3a12a9aaec8f982bbbef9569988265dcb99f73e0\\products\\default\\build\\default\\intermediates\\loader\\default\\loader.json',
  cachePath: 'G:\\HarmonyOsProjects\\news_app-3a12a9aaec8f982bbbef9569988265dcb99f73e0\\products\\default\\build\\default\\cache\\default\\default@CompileArkTS\\esmodule\\debug',
  aceModuleBuild: 'G:\\HarmonyOsProjects\\news_app-3a12a9aaec8f982bbbef9569988265dcb99f73e0\\products\\default\\build\\default\\intermediates\\loader_out\\default\\ets',
  supportChunks: true,
  declaredFilesPath: undefined,
  pkgNameToPkgBriefInfo: {
    video: {
      pkgRoot: 'G:\\HarmonyOsProjects\\news_app-3a12a9aaec8f982bbbef9569988265dcb99f73e0\\features\\video',
      pkgName: 'video',
      sourceRoots: [Array],
      originalSourceRoots: undefined
    },
    news: {
      pkgRoot: 'G:\\HarmonyOsProjects\\news_app-3a12a9aaec8f982bbbef9569988265dcb99f73e0\\features\\news',
      pkgName: 'news',
      sourceRoots: [Array],
      originalSourceRoots: undefined
    },
    quickstart: {
      pkgRoot: 'G:\\HarmonyOsProjects\\news_app-3a12a9aaec8f982bbbef9569988265dcb99f73e0\\features\\quickstart',
      pkgName: 'quickstart',
      sourceRoots: [Array],
      originalSourceRoots: undefined
    },
    follows: {
      pkgRoot: 'G:\\HarmonyOsProjects\\news_app-3a12a9aaec8f982bbbef9569988265dcb99f73e0\\features\\follows',
      pkgName: 'follows',
      sourceRoots: [Array],
      originalSourceRoots: undefined
    },
    mine: {
      pkgRoot: 'G:\\HarmonyOsProjects\\news_app-3a12a9aaec8f982bbbef9569988265dcb99f73e0\\features\\mine',
      pkgName: 'mine',
      sourceRoots: [Array],
      originalSourceRoots: undefined
    },
    login: {
      pkgRoot: 'G:\\HarmonyOsProjects\\news_app-3a12a9aaec8f982bbbef9569988265dcb99f73e0\\features\\login',
      pkgName: 'login',
      sourceRoots: [Array],
      originalSourceRoots: undefined
    },
    uicomponents: {
      pkgRoot: 'G:\\HarmonyOsProjects\\news_app-3a12a9aaec8f982bbbef9569988265dcb99f73e0\\commons\\uicomponents',
      pkgName: 'uicomponents',
      sourceRoots: [Array],
      originalSourceRoots: undefined
    },
    utils: {
      pkgRoot: 'G:\\HarmonyOsProjects\\news_app-3a12a9aaec8f982bbbef9569988265dcb99f73e0\\commons\\utils',
      pkgName: 'utils',
      sourceRoots: [Array],
      originalSourceRoots: undefined
    },
    default: {
      pkgRoot: 'G:\\HarmonyOsProjects\\news_app-3a12a9aaec8f982bbbef9569988265dcb99f73e0\\products\\default',
      originalSourceRoots: undefined,
      sourceRoots: [Array],
      pkgName: 'default'
    }
  },
  projectModel: {
    'G:\\HarmonyOsProjects\\news_app-3a12a9aaec8f982bbbef9569988265dcb99f73e0\\products\\default\\src\\main': {
      moduleName: 'default',
      modulePkgPath: 'G:\\HarmonyOsProjects\\news_app-3a12a9aaec8f982bbbef9569988265dcb99f73e0\\products\\default',
      belongProjectPath: 'G:\\HarmonyOsProjects\\news_app-3a12a9aaec8f982bbbef9569988265dcb99f73e0'
    },
    'G:\\HarmonyOsProjects\\news_app-3a12a9aaec8f982bbbef9569988265dcb99f73e0\\products\\default\\build\\default\\intermediates\\src\\ohosTest\\ets': {
      moduleName: 'default',
      modulePkgPath: 'G:\\HarmonyOsProjects\\news_app-3a12a9aaec8f982bbbef9569988265dcb99f73e0\\products\\default',
      belongProjectPath: 'G:\\HarmonyOsProjects\\news_app-3a12a9aaec8f982bbbef9569988265dcb99f73e0'
    },
    'G:\\HarmonyOsProjects\\news_app-3a12a9aaec8f982bbbef9569988265dcb99f73e0\\products\\default\\src\\ohosTest': {
      moduleName: 'default',
      modulePkgPath: 'G:\\HarmonyOsProjects\\news_app-3a12a9aaec8f982bbbef9569988265dcb99f73e0\\products\\default',
      belongProjectPath: 'G:\\HarmonyOsProjects\\news_app-3a12a9aaec8f982bbbef9569988265dcb99f73e0'
    },
    'G:\\HarmonyOsProjects\\news_app-3a12a9aaec8f982bbbef9569988265dcb99f73e0\\products\\default': {
      moduleName: 'default',
      modulePkgPath: 'G:\\HarmonyOsProjects\\news_app-3a12a9aaec8f982bbbef9569988265dcb99f73e0\\products\\default',
      belongProjectPath: 'G:\\HarmonyOsProjects\\news_app-3a12a9aaec8f982bbbef9569988265dcb99f73e0'
    },
    'G:\\HarmonyOsProjects\\news_app-3a12a9aaec8f982bbbef9569988265dcb99f73e0\\features\\news\\src\\main': {
      moduleName: 'news',
      modulePkgPath: 'G:\\HarmonyOsProjects\\news_app-3a12a9aaec8f982bbbef9569988265dcb99f73e0\\features\\news',
      belongProjectPath: 'G:\\HarmonyOsProjects\\news_app-3a12a9aaec8f982bbbef9569988265dcb99f73e0'
    },
    'G:\\HarmonyOsProjects\\news_app-3a12a9aaec8f982bbbef9569988265dcb99f73e0\\features\\news\\build\\default\\intermediates\\src\\ohosTest\\ets': {
      moduleName: 'news',
      modulePkgPath: 'G:\\HarmonyOsProjects\\news_app-3a12a9aaec8f982bbbef9569988265dcb99f73e0\\features\\news',
      belongProjectPath: 'G:\\HarmonyOsProjects\\news_app-3a12a9aaec8f982bbbef9569988265dcb99f73e0'
    },
    'G:\\HarmonyOsProjects\\news_app-3a12a9aaec8f982bbbef9569988265dcb99f73e0\\features\\news\\src\\ohosTest': {
      moduleName: 'news',
      modulePkgPath: 'G:\\HarmonyOsProjects\\news_app-3a12a9aaec8f982bbbef9569988265dcb99f73e0\\features\\news',
      belongProjectPath: 'G:\\HarmonyOsProjects\\news_app-3a12a9aaec8f982bbbef9569988265dcb99f73e0'
    },
    'G:\\HarmonyOsProjects\\news_app-3a12a9aaec8f982bbbef9569988265dcb99f73e0\\features\\news': {
      moduleName: 'news',
      modulePkgPath: 'G:\\HarmonyOsProjects\\news_app-3a12a9aaec8f982bbbef9569988265dcb99f73e0\\features\\news',
      belongProjectPath: 'G:\\HarmonyOsProjects\\news_app-3a12a9aaec8f982bbbef9569988265dcb99f73e0'
    },
    'G:\\HarmonyOsProjects\\news_app-3a12a9aaec8f982bbbef9569988265dcb99f73e0\\features\\video\\src\\main': {
      moduleName: 'video',
      modulePkgPath: 'G:\\HarmonyOsProjects\\news_app-3a12a9aaec8f982bbbef9569988265dcb99f73e0\\features\\video',
      belongProjectPath: 'G:\\HarmonyOsProjects\\news_app-3a12a9aaec8f982bbbef9569988265dcb99f73e0'
    },
    'G:\\HarmonyOsProjects\\news_app-3a12a9aaec8f982bbbef9569988265dcb99f73e0\\features\\video\\build\\default\\intermediates\\src\\ohosTest\\ets': {
      moduleName: 'video',
      modulePkgPath: 'G:\\HarmonyOsProjects\\news_app-3a12a9aaec8f982bbbef9569988265dcb99f73e0\\features\\video',
      belongProjectPath: 'G:\\HarmonyOsProjects\\news_app-3a12a9aaec8f982bbbef9569988265dcb99f73e0'
    },
    'G:\\HarmonyOsProjects\\news_app-3a12a9aaec8f982bbbef9569988265dcb99f73e0\\features\\video\\src\\ohosTest': {
      moduleName: 'video',
      modulePkgPath: 'G:\\HarmonyOsProjects\\news_app-3a12a9aaec8f982bbbef9569988265dcb99f73e0\\features\\video',
      belongProjectPath: 'G:\\HarmonyOsProjects\\news_app-3a12a9aaec8f982bbbef9569988265dcb99f73e0'
    },
    'G:\\HarmonyOsProjects\\news_app-3a12a9aaec8f982bbbef9569988265dcb99f73e0\\features\\video': {
      moduleName: 'video',
      modulePkgPath: 'G:\\HarmonyOsProjects\\news_app-3a12a9aaec8f982bbbef9569988265dcb99f73e0\\features\\video',
      belongProjectPath: 'G:\\HarmonyOsProjects\\news_app-3a12a9aaec8f982bbbef9569988265dcb99f73e0'
    },
    'G:\\HarmonyOsProjects\\news_app-3a12a9aaec8f982bbbef9569988265dcb99f73e0\\features\\quickstart\\src\\main': {
      moduleName: 'quickstart',
      modulePkgPath: 'G:\\HarmonyOsProjects\\news_app-3a12a9aaec8f982bbbef9569988265dcb99f73e0\\features\\quickstart',
      belongProjectPath: 'G:\\HarmonyOsProjects\\news_app-3a12a9aaec8f982bbbef9569988265dcb99f73e0'
    },
    'G:\\HarmonyOsProjects\\news_app-3a12a9aaec8f982bbbef9569988265dcb99f73e0\\features\\quickstart\\build\\default\\intermediates\\src\\ohosTest\\ets': {
      moduleName: 'quickstart',
      modulePkgPath: 'G:\\HarmonyOsProjects\\news_app-3a12a9aaec8f982bbbef9569988265dcb99f73e0\\features\\quickstart',
      belongProjectPath: 'G:\\HarmonyOsProjects\\news_app-3a12a9aaec8f982bbbef9569988265dcb99f73e0'
    },
    'G:\\HarmonyOsProjects\\news_app-3a12a9aaec8f982bbbef9569988265dcb99f73e0\\features\\quickstart\\src\\ohosTest': {
      moduleName: 'quickstart',
      modulePkgPath: 'G:\\HarmonyOsProjects\\news_app-3a12a9aaec8f982bbbef9569988265dcb99f73e0\\features\\quickstart',
      belongProjectPath: 'G:\\HarmonyOsProjects\\news_app-3a12a9aaec8f982bbbef9569988265dcb99f73e0'
    },
    'G:\\HarmonyOsProjects\\news_app-3a12a9aaec8f982bbbef9569988265dcb99f73e0\\features\\quickstart': {
      moduleName: 'quickstart',
      modulePkgPath: 'G:\\HarmonyOsProjects\\news_app-3a12a9aaec8f982bbbef9569988265dcb99f73e0\\features\\quickstart',
      belongProjectPath: 'G:\\HarmonyOsProjects\\news_app-3a12a9aaec8f982bbbef9569988265dcb99f73e0'
    },
    'G:\\HarmonyOsProjects\\news_app-3a12a9aaec8f982bbbef9569988265dcb99f73e0\\commons\\utils\\src\\main': {
      moduleName: 'utils',
      modulePkgPath: 'G:\\HarmonyOsProjects\\news_app-3a12a9aaec8f982bbbef9569988265dcb99f73e0\\commons\\utils',
      belongProjectPath: 'G:\\HarmonyOsProjects\\news_app-3a12a9aaec8f982bbbef9569988265dcb99f73e0'
    },
    'G:\\HarmonyOsProjects\\news_app-3a12a9aaec8f982bbbef9569988265dcb99f73e0\\commons\\utils\\build\\default\\intermediates\\src\\ohosTest\\ets': {
      moduleName: 'utils_test',
      modulePkgPath: 'G:\\HarmonyOsProjects\\news_app-3a12a9aaec8f982bbbef9569988265dcb99f73e0\\commons\\utils',
      belongProjectPath: 'G:\\HarmonyOsProjects\\news_app-3a12a9aaec8f982bbbef9569988265dcb99f73e0'
    },
    'G:\\HarmonyOsProjects\\news_app-3a12a9aaec8f982bbbef9569988265dcb99f73e0\\commons\\utils\\src\\ohosTest': {
      moduleName: 'utils_test',
      modulePkgPath: 'G:\\HarmonyOsProjects\\news_app-3a12a9aaec8f982bbbef9569988265dcb99f73e0\\commons\\utils',
      belongProjectPath: 'G:\\HarmonyOsProjects\\news_app-3a12a9aaec8f982bbbef9569988265dcb99f73e0'
    },
    'G:\\HarmonyOsProjects\\news_app-3a12a9aaec8f982bbbef9569988265dcb99f73e0\\commons\\utils': {
      moduleName: 'utils',
      modulePkgPath: 'G:\\HarmonyOsProjects\\news_app-3a12a9aaec8f982bbbef9569988265dcb99f73e0\\commons\\utils',
      belongProjectPath: 'G:\\HarmonyOsProjects\\news_app-3a12a9aaec8f982bbbef9569988265dcb99f73e0'
    },
    'G:\\HarmonyOsProjects\\news_app-3a12a9aaec8f982bbbef9569988265dcb99f73e0\\commons\\uicomponents\\src\\main': {
      moduleName: 'uicomponents',
      modulePkgPath: 'G:\\HarmonyOsProjects\\news_app-3a12a9aaec8f982bbbef9569988265dcb99f73e0\\commons\\uicomponents',
      belongProjectPath: 'G:\\HarmonyOsProjects\\news_app-3a12a9aaec8f982bbbef9569988265dcb99f73e0'
    },
    'G:\\HarmonyOsProjects\\news_app-3a12a9aaec8f982bbbef9569988265dcb99f73e0\\commons\\uicomponents\\build\\default\\intermediates\\src\\ohosTest\\ets': {
      moduleName: 'uicomponents_test',
      modulePkgPath: 'G:\\HarmonyOsProjects\\news_app-3a12a9aaec8f982bbbef9569988265dcb99f73e0\\commons\\uicomponents',
      belongProjectPath: 'G:\\HarmonyOsProjects\\news_app-3a12a9aaec8f982bbbef9569988265dcb99f73e0'
    },
    'G:\\HarmonyOsProjects\\news_app-3a12a9aaec8f982bbbef9569988265dcb99f73e0\\commons\\uicomponents\\src\\ohosTest': {
      moduleName: 'uicomponents_test',
      modulePkgPath: 'G:\\HarmonyOsProjects\\news_app-3a12a9aaec8f982bbbef9569988265dcb99f73e0\\commons\\uicomponents',
      belongProjectPath: 'G:\\HarmonyOsProjects\\news_app-3a12a9aaec8f982bbbef9569988265dcb99f73e0'
    },
    'G:\\HarmonyOsProjects\\news_app-3a12a9aaec8f982bbbef9569988265dcb99f73e0\\commons\\uicomponents': {
      moduleName: 'uicomponents',
      modulePkgPath: 'G:\\HarmonyOsProjects\\news_app-3a12a9aaec8f982bbbef9569988265dcb99f73e0\\commons\\uicomponents',
      belongProjectPath: 'G:\\HarmonyOsProjects\\news_app-3a12a9aaec8f982bbbef9569988265dcb99f73e0'
    },
    'G:\\HarmonyOsProjects\\news_app-3a12a9aaec8f982bbbef9569988265dcb99f73e0\\features\\mine\\src\\main': {
      moduleName: 'mine',
      modulePkgPath: 'G:\\HarmonyOsProjects\\news_app-3a12a9aaec8f982bbbef9569988265dcb99f73e0\\features\\mine',
      belongProjectPath: 'G:\\HarmonyOsProjects\\news_app-3a12a9aaec8f982bbbef9569988265dcb99f73e0'
    },
    'G:\\HarmonyOsProjects\\news_app-3a12a9aaec8f982bbbef9569988265dcb99f73e0\\features\\mine\\build\\default\\intermediates\\src\\ohosTest\\ets': {
      moduleName: 'mine_test',
      modulePkgPath: 'G:\\HarmonyOsProjects\\news_app-3a12a9aaec8f982bbbef9569988265dcb99f73e0\\features\\mine',
      belongProjectPath: 'G:\\HarmonyOsProjects\\news_app-3a12a9aaec8f982bbbef9569988265dcb99f73e0'
    },
    'G:\\HarmonyOsProjects\\news_app-3a12a9aaec8f982bbbef9569988265dcb99f73e0\\features\\mine\\src\\ohosTest': {
      moduleName: 'mine_test',
      modulePkgPath: 'G:\\HarmonyOsProjects\\news_app-3a12a9aaec8f982bbbef9569988265dcb99f73e0\\features\\mine',
      belongProjectPath: 'G:\\HarmonyOsProjects\\news_app-3a12a9aaec8f982bbbef9569988265dcb99f73e0'
    },
    'G:\\HarmonyOsProjects\\news_app-3a12a9aaec8f982bbbef9569988265dcb99f73e0\\features\\mine': {
      moduleName: 'mine',
      modulePkgPath: 'G:\\HarmonyOsProjects\\news_app-3a12a9aaec8f982bbbef9569988265dcb99f73e0\\features\\mine',
      belongProjectPath: 'G:\\HarmonyOsProjects\\news_app-3a12a9aaec8f982bbbef9569988265dcb99f73e0'
    },
    'G:\\HarmonyOsProjects\\news_app-3a12a9aaec8f982bbbef9569988265dcb99f73e0\\features\\login\\src\\main': {
      moduleName: 'login',
      modulePkgPath: 'G:\\HarmonyOsProjects\\news_app-3a12a9aaec8f982bbbef9569988265dcb99f73e0\\features\\login',
      belongProjectPath: 'G:\\HarmonyOsProjects\\news_app-3a12a9aaec8f982bbbef9569988265dcb99f73e0'
    },
    'G:\\HarmonyOsProjects\\news_app-3a12a9aaec8f982bbbef9569988265dcb99f73e0\\features\\login\\build\\default\\intermediates\\src\\ohosTest\\ets': {
      moduleName: 'login_test',
      modulePkgPath: 'G:\\HarmonyOsProjects\\news_app-3a12a9aaec8f982bbbef9569988265dcb99f73e0\\features\\login',
      belongProjectPath: 'G:\\HarmonyOsProjects\\news_app-3a12a9aaec8f982bbbef9569988265dcb99f73e0'
    },
    'G:\\HarmonyOsProjects\\news_app-3a12a9aaec8f982bbbef9569988265dcb99f73e0\\features\\login\\src\\ohosTest': {
      moduleName: 'login_test',
      modulePkgPath: 'G:\\HarmonyOsProjects\\news_app-3a12a9aaec8f982bbbef9569988265dcb99f73e0\\features\\login',
      belongProjectPath: 'G:\\HarmonyOsProjects\\news_app-3a12a9aaec8f982bbbef9569988265dcb99f73e0'
    },
    'G:\\HarmonyOsProjects\\news_app-3a12a9aaec8f982bbbef9569988265dcb99f73e0\\features\\login': {
      moduleName: 'login',
      modulePkgPath: 'G:\\HarmonyOsProjects\\news_app-3a12a9aaec8f982bbbef9569988265dcb99f73e0\\features\\login',
      belongProjectPath: 'G:\\HarmonyOsProjects\\news_app-3a12a9aaec8f982bbbef9569988265dcb99f73e0'
    },
    'G:\\HarmonyOsProjects\\news_app-3a12a9aaec8f982bbbef9569988265dcb99f73e0\\features\\follows\\src\\main': {
      moduleName: 'follows',
      modulePkgPath: 'G:\\HarmonyOsProjects\\news_app-3a12a9aaec8f982bbbef9569988265dcb99f73e0\\features\\follows',
      belongProjectPath: 'G:\\HarmonyOsProjects\\news_app-3a12a9aaec8f982bbbef9569988265dcb99f73e0'
    },
    'G:\\HarmonyOsProjects\\news_app-3a12a9aaec8f982bbbef9569988265dcb99f73e0\\features\\follows\\build\\default\\intermediates\\src\\ohosTest\\ets': {
      moduleName: 'follows_test',
      modulePkgPath: 'G:\\HarmonyOsProjects\\news_app-3a12a9aaec8f982bbbef9569988265dcb99f73e0\\features\\follows',
      belongProjectPath: 'G:\\HarmonyOsProjects\\news_app-3a12a9aaec8f982bbbef9569988265dcb99f73e0'
    },
    'G:\\HarmonyOsProjects\\news_app-3a12a9aaec8f982bbbef9569988265dcb99f73e0\\features\\follows\\src\\ohosTest': {
      moduleName: 'follows_test',
      modulePkgPath: 'G:\\HarmonyOsProjects\\news_app-3a12a9aaec8f982bbbef9569988265dcb99f73e0\\features\\follows',
      belongProjectPath: 'G:\\HarmonyOsProjects\\news_app-3a12a9aaec8f982bbbef9569988265dcb99f73e0'
    },
    'G:\\HarmonyOsProjects\\news_app-3a12a9aaec8f982bbbef9569988265dcb99f73e0\\features\\follows': {
      moduleName: 'follows',
      modulePkgPath: 'G:\\HarmonyOsProjects\\news_app-3a12a9aaec8f982bbbef9569988265dcb99f73e0\\features\\follows',
      belongProjectPath: 'G:\\HarmonyOsProjects\\news_app-3a12a9aaec8f982bbbef9569988265dcb99f73e0'
    },
    'G:\\HarmonyOsProjects\\news_app-3a12a9aaec8f982bbbef9569988265dcb99f73e0': {
      moduleName: 'news_app-3a12a9aaec8f982bbbef9569988265dcb99f73e0',
      modulePkgPath: 'G:\\HarmonyOsProjects\\news_app-3a12a9aaec8f982bbbef9569988265dcb99f73e0',
      belongProjectPath: 'G:\\HarmonyOsProjects\\news_app-3a12a9aaec8f982bbbef9569988265dcb99f73e0'
    }
  },
  pkgJsonFileHash: '59a2558a9dcbfa0b262caa1c319c7f52',
  allModulePaths: [
    'G:\\HarmonyOsProjects\\news_app-3a12a9aaec8f982bbbef9569988265dcb99f73e0\\products\\default',
    'G:\\HarmonyOsProjects\\news_app-3a12a9aaec8f982bbbef9569988265dcb99f73e0\\features\\news',
    'G:\\HarmonyOsProjects\\news_app-3a12a9aaec8f982bbbef9569988265dcb99f73e0\\features\\video',
    'G:\\HarmonyOsProjects\\news_app-3a12a9aaec8f982bbbef9569988265dcb99f73e0\\features\\quickstart',
    'G:\\HarmonyOsProjects\\news_app-3a12a9aaec8f982bbbef9569988265dcb99f73e0\\commons\\utils',
    'G:\\HarmonyOsProjects\\news_app-3a12a9aaec8f982bbbef9569988265dcb99f73e0\\commons\\uicomponents',
    'G:\\HarmonyOsProjects\\news_app-3a12a9aaec8f982bbbef9569988265dcb99f73e0\\features\\mine',
    'G:\\HarmonyOsProjects\\news_app-3a12a9aaec8f982bbbef9569988265dcb99f73e0\\features\\login',
    'G:\\HarmonyOsProjects\\news_app-3a12a9aaec8f982bbbef9569988265dcb99f73e0\\features\\follows'
  ],
  routerMap: {},
  obfuscationOptions: undefined,
  compileBlockPkg: [],
  mockParams: {
    decorator: '@MockSetup',
    packageName: '@ohos/hamock',
    etsSourceRootPath: 'src/main/ets',
    mockConfigPath: undefined,
    mockConfigKey2ModuleInfo: {}
  },
  copyCodeResourceEnable: true,
  copyCodeResourceExcludes: [],
  uiTransformOptimization: false,
  otherPaths: {
    'video/*': [
      '..\\..\\..\\..\\..\\features\\video\\src\\main\\*',
      '..\\..\\..\\..\\..\\features\\video\\build\\default\\generated\\profile\\default\\*'
    ],
    'news/*': [
      '..\\..\\..\\..\\..\\features\\news\\src\\main\\*',
      '..\\..\\..\\..\\..\\features\\news\\build\\default\\generated\\profile\\default\\*'
    ],
    'quickstart/*': [
      '..\\..\\..\\..\\..\\features\\quickstart\\src\\main\\*',
      '..\\..\\..\\..\\..\\features\\quickstart\\build\\default\\generated\\profile\\default\\*'
    ],
    'follows/*': [
      '..\\..\\..\\..\\..\\features\\follows\\src\\main\\*',
      '..\\..\\..\\..\\..\\features\\follows\\build\\default\\generated\\profile\\default\\*'
    ],
    'mine/*': [
      '..\\..\\..\\..\\..\\features\\mine\\src\\main\\*',
      '..\\..\\..\\..\\..\\features\\mine\\build\\default\\generated\\profile\\default\\*'
    ],
    'login/*': [
      '..\\..\\..\\..\\..\\features\\login\\src\\main\\*',
      '..\\..\\..\\..\\..\\features\\login\\build\\default\\generated\\profile\\default\\*'
    ],
    'uicomponents/*': [
      '..\\..\\..\\..\\..\\commons\\uicomponents\\src\\main\\*',
      '..\\..\\..\\..\\..\\commons\\uicomponents\\build\\default\\generated\\profile\\default\\*'
    ],
    'utils/*': [
      '..\\..\\..\\..\\..\\commons\\utils\\src\\main\\*',
      '..\\..\\..\\..\\..\\commons\\utils\\build\\default\\generated\\profile\\default\\*'
    ],
    'default/*': [
      '..\\*',
      '..\\..\\..\\build\\default\\generated\\profile\\default\\*'
    ]
  },
  collectImportersConfig: undefined
}
[2025-10-21T21:07:15.292] [DEBUG] debug-file - Compile arkts with external api path: G:\DevEco Studio\sdk\default\hms\ets
[2025-10-21T21:07:15.293] [DEBUG] debug-file - default@CompileArkTS work[4] is submitted.
[2025-10-21T21:07:15.294] [DEBUG] debug-file - default@CompileArkTS work[4] is pushed to ready queue.
[2025-10-21T21:07:15.294] [DEBUG] debug-file - A work dispatched to worker[15] failed because unable to get work from ready queue.
[2025-10-21T21:07:15.294] [DEBUG] debug-file - A work dispatched to worker[14] failed because unable to get work from ready queue.
[2025-10-21T21:07:15.294] [DEBUG] debug-file - A work dispatched to worker[13] failed because unable to get work from ready queue.
[2025-10-21T21:07:15.294] [DEBUG] debug-file - A work dispatched to worker[12] failed because unable to get work from ready queue.
[2025-10-21T21:07:15.294] [DEBUG] debug-file - A work dispatched to worker[11] failed because unable to get work from ready queue.
[2025-10-21T21:07:15.294] [DEBUG] debug-file - A work dispatched to worker[10] failed because unable to get work from ready queue.
[2025-10-21T21:07:15.294] [DEBUG] debug-file - A work dispatched to worker[9] failed because unable to get work from ready queue.
[2025-10-21T21:07:15.294] [DEBUG] debug-file - A work dispatched to worker[8] failed because unable to get work from ready queue.
[2025-10-21T21:07:15.294] [DEBUG] debug-file - A work dispatched to worker[7] failed because unable to get work from ready queue.
[2025-10-21T21:07:15.294] [DEBUG] debug-file - A work dispatched to worker[6] failed because unable to get work from ready queue.
[2025-10-21T21:07:15.294] [DEBUG] debug-file - A work dispatched to worker[5] failed because unable to get work from ready queue.
[2025-10-21T21:07:15.295] [DEBUG] debug-file - default@CompileArkTS work[4] has been dispatched to worker[4].
[2025-10-21T21:07:15.295] [DEBUG] debug-file - default@CompileArkTS work[4] is dispatched.
[2025-10-21T21:07:15.295] [DEBUG] debug-file - CopyResources startTime: 36993978379300
[2025-10-21T21:07:15.295] [DEBUG] debug-file - default@CompileArkTS work[5] is submitted.
[2025-10-21T21:07:15.296] [DEBUG] debug-file - default@CompileArkTS work[5] is pushed to ready queue.
[2025-10-21T21:07:15.296] [DEBUG] debug-file - A work dispatched to worker[15] failed because unable to get work from ready queue.
[2025-10-21T21:07:15.296] [DEBUG] debug-file - Create  resident worker with id: 14.
[2025-10-21T21:07:15.297] [DEBUG] debug-file - default@CompileArkTS work[5] has been dispatched to worker[14].
[2025-10-21T21:07:15.297] [DEBUG] debug-file - default@CompileArkTS work[5] is dispatched.
[2025-10-21T21:07:15.297] [DEBUG] debug-file - default : default@CompileArkTS cost memory 3.1358566284179688
[2025-10-21T21:07:15.300] [DEBUG] debug-file - jsonObjWithoutParam {"video":"file:../../features/video","news":"file:../../features/news","quickstart":"file:../../features/quickstart","follow":"file:../../features/follows","mine":"file:../../features/mine","login":"file:../../features/login","uicomponents":"file:../../commons/uicomponents","utils":"file:../../commons/utils"} at undefined
[2025-10-21T21:07:15.300] [DEBUG] debug-file - jsonObjWithoutParam {"name":"default","version":"1.0.0","description":"Please describe the basic information.","main":"","author":"","license":"","dependencies":{"video":"file:../../features/video","news":"file:../../features/news","quickstart":"file:../../features/quickstart","follow":"file:../../features/follows","mine":"file:../../features/mine","login":"file:../../features/login","uicomponents":"file:../../commons/uicomponents","utils":"file:../../commons/utils"}} at undefined
[2025-10-21T21:07:15.303] [DEBUG] debug-file - Executing task :default:default@BuildJS
[2025-10-21T21:07:15.307] [DEBUG] debug-file - default : default@BuildJS cost memory 0.2180328369140625
[2025-10-21T21:07:15.307] [DEBUG] debug-file - runTaskFromQueue task cost before running: 664 ms 
[2025-10-21T21:07:15.307] [INFO] debug-file - Finished :default:default@BuildJS... after 4 ms 
[2025-10-21T21:07:15.309] [DEBUG] debug-file - jsonObjWithoutParam {"utils":"file:../../commons/utils","uicomponents":"file:../../commons/uicomponents"} at undefined
[2025-10-21T21:07:15.309] [DEBUG] debug-file - jsonObjWithoutParam {"name":"news","version":"1.0.0","description":"Please describe the basic information.","main":"Index.ets","author":"","license":"Apache-2.0","dependencies":{"utils":"file:../../commons/utils","uicomponents":"file:../../commons/uicomponents"}} at undefined
[2025-10-21T21:07:15.310] [DEBUG] debug-file - Executing task :news:default@DoNativeStrip
[2025-10-21T21:07:15.310] [DEBUG] debug-file - Task 'news:default@DoNativeStrip' cost while wrapping incremental declarations: 1 ms 
[2025-10-21T21:07:15.311] [DEBUG] debug-file - Incremental task news:default@DoNativeStrip pre-execution cost: 1 ms .
[2025-10-21T21:07:15.311] [DEBUG] debug-file - news : default@DoNativeStrip cost memory 0.0781707763671875
[2025-10-21T21:07:15.311] [INFO] debug-file - UP-TO-DATE :news:default@DoNativeStrip...  
[2025-10-21T21:07:15.312] [DEBUG] debug-file - jsonObjWithoutParam {"utils":"file:../../commons/utils","uicomponents":"file:../../commons/uicomponents"} at undefined
[2025-10-21T21:07:15.312] [DEBUG] debug-file - jsonObjWithoutParam {"name":"video","version":"1.0.0","description":"Please describe the basic information.","main":"Index.ets","author":"","license":"Apache-2.0","dependencies":{"utils":"file:../../commons/utils","uicomponents":"file:../../commons/uicomponents"}} at undefined
[2025-10-21T21:07:15.314] [DEBUG] debug-file - Executing task :video:default@DoNativeStrip
[2025-10-21T21:07:15.314] [DEBUG] debug-file - Task 'video:default@DoNativeStrip' cost while wrapping incremental declarations: 1 ms 
[2025-10-21T21:07:15.314] [DEBUG] debug-file - Incremental task video:default@DoNativeStrip pre-execution cost: 1 ms .
[2025-10-21T21:07:15.314] [DEBUG] debug-file - video : default@DoNativeStrip cost memory 0.0762939453125
[2025-10-21T21:07:15.314] [INFO] debug-file - UP-TO-DATE :video:default@DoNativeStrip...  
[2025-10-21T21:07:15.316] [DEBUG] debug-file - jsonObjWithoutParam {"utils":"file:../../commons/utils","uicomponents":"file:../../commons/uicomponents"} at undefined
[2025-10-21T21:07:15.316] [DEBUG] debug-file - jsonObjWithoutParam {"name":"quickstart","version":"1.0.0","description":"Please describe the basic information.","main":"Index.ets","author":"","license":"Apache-2.0","dependencies":{"utils":"file:../../commons/utils","uicomponents":"file:../../commons/uicomponents"}} at undefined
[2025-10-21T21:07:15.318] [DEBUG] debug-file - Executing task :quickstart:default@DoNativeStrip
[2025-10-21T21:07:15.318] [DEBUG] debug-file - Task 'quickstart:default@DoNativeStrip' cost while wrapping incremental declarations: 1 ms 
[2025-10-21T21:07:15.319] [DEBUG] debug-file - Incremental task quickstart:default@DoNativeStrip pre-execution cost: 1 ms .
[2025-10-21T21:07:15.319] [DEBUG] debug-file - quickstart : default@DoNativeStrip cost memory 0.0778350830078125
[2025-10-21T21:07:15.319] [INFO] debug-file - UP-TO-DATE :quickstart:default@DoNativeStrip...  
[2025-10-21T21:07:15.320] [DEBUG] debug-file - jsonObjWithoutParam {"uicomponents":"file:../../commons/uicomponents","utils":"file:../../commons/utils"} at undefined
[2025-10-21T21:07:15.320] [DEBUG] debug-file - jsonObjWithoutParam {"name":"follows","version":"1.0.0","description":"Please describe the basic information.","main":"Index.ets","author":"","license":"Apache-2.0","dependencies":{"uicomponents":"file:../../commons/uicomponents","utils":"file:../../commons/utils"}} at undefined
[2025-10-21T21:07:15.321] [DEBUG] debug-file - Executing task :follows:default@DoNativeStrip
[2025-10-21T21:07:15.322] [DEBUG] debug-file - Task 'follows:default@DoNativeStrip' cost while wrapping incremental declarations: 1 ms 
[2025-10-21T21:07:15.322] [DEBUG] debug-file - Incremental task follows:default@DoNativeStrip pre-execution cost: 1 ms .
[2025-10-21T21:07:15.322] [DEBUG] debug-file - follows : default@DoNativeStrip cost memory 0.07738494873046875
[2025-10-21T21:07:15.322] [INFO] debug-file - UP-TO-DATE :follows:default@DoNativeStrip...  
[2025-10-21T21:07:15.323] [DEBUG] debug-file - jsonObjWithoutParam {"login":"file:../login"} at undefined
[2025-10-21T21:07:15.324] [DEBUG] debug-file - jsonObjWithoutParam {"name":"mine","version":"1.0.0","description":"Please describe the basic information.","main":"Index.ets","author":"","license":"Apache-2.0","dependencies":{"login":"file:../login"}} at undefined
[2025-10-21T21:07:15.324] [DEBUG] debug-file - Executing task :mine:default@BuildNativeWithNinja
[2025-10-21T21:07:15.324] [DEBUG] debug-file - jsonObjWithoutParam {"login":"file:../login"} at undefined
[2025-10-21T21:07:15.324] [DEBUG] debug-file - jsonObjWithoutParam {"name":"mine","version":"1.0.0","description":"Please describe the basic information.","main":"Index.ets","author":"","license":"Apache-2.0","dependencies":{"login":"file:../login"}} at undefined
[2025-10-21T21:07:15.325] [DEBUG] debug-file - mine : default@BuildNativeWithNinja cost memory 0.0581512451171875
[2025-10-21T21:07:15.325] [DEBUG] debug-file - runTaskFromQueue task cost before running: 681 ms 
[2025-10-21T21:07:15.325] [INFO] debug-file - Finished :mine:default@BuildNativeWithNinja... after 1 ms 
[2025-10-21T21:07:15.326] [DEBUG] debug-file - jsonObjWithoutParam {"login":"file:../login"} at undefined
[2025-10-21T21:07:15.326] [DEBUG] debug-file - jsonObjWithoutParam {"name":"mine","version":"1.0.0","description":"Please describe the basic information.","main":"Index.ets","author":"","license":"Apache-2.0","dependencies":{"login":"file:../login"}} at undefined
[2025-10-21T21:07:15.327] [DEBUG] debug-file - Executing task :mine:default@ProcessLibs
[2025-10-21T21:07:15.328] [DEBUG] debug-file - Incremental task mine:default@ProcessLibs pre-execution cost: 1 ms .
[2025-10-21T21:07:15.328] [DEBUG] debug-file - mine : default@ProcessLibs cost memory 0.13134002685546875
[2025-10-21T21:07:15.328] [INFO] debug-file - UP-TO-DATE :mine:default@ProcessLibs...  
[2025-10-21T21:07:15.330] [DEBUG] debug-file - jsonObjWithoutParam {"login":"file:../login"} at undefined
[2025-10-21T21:07:15.330] [DEBUG] debug-file - jsonObjWithoutParam {"name":"mine","version":"1.0.0","description":"Please describe the basic information.","main":"Index.ets","author":"","license":"Apache-2.0","dependencies":{"login":"file:../login"}} at undefined
[2025-10-21T21:07:15.332] [DEBUG] debug-file - Executing task :mine:default@DoNativeStrip
[2025-10-21T21:07:15.332] [DEBUG] debug-file - Task 'mine:default@DoNativeStrip' cost while wrapping incremental declarations: 1 ms 
[2025-10-21T21:07:15.333] [DEBUG] debug-file - Incremental task mine:default@DoNativeStrip pre-execution cost: 1 ms .
[2025-10-21T21:07:15.333] [DEBUG] debug-file - mine : default@DoNativeStrip cost memory 0.0753326416015625
[2025-10-21T21:07:15.333] [INFO] debug-file - UP-TO-DATE :mine:default@DoNativeStrip...  
[2025-10-21T21:07:15.334] [DEBUG] debug-file - jsonObjWithoutParam {"video":"file:../../features/video","news":"file:../../features/news","quickstart":"file:../../features/quickstart","follow":"file:../../features/follows","mine":"file:../../features/mine","login":"file:../../features/login","uicomponents":"file:../../commons/uicomponents","utils":"file:../../commons/utils"} at undefined
[2025-10-21T21:07:15.335] [DEBUG] debug-file - jsonObjWithoutParam {"name":"default","version":"1.0.0","description":"Please describe the basic information.","main":"","author":"","license":"","dependencies":{"video":"file:../../features/video","news":"file:../../features/news","quickstart":"file:../../features/quickstart","follow":"file:../../features/follows","mine":"file:../../features/mine","login":"file:../../features/login","uicomponents":"file:../../commons/uicomponents","utils":"file:../../commons/utils"}} at undefined
[2025-10-21T21:07:15.335] [DEBUG] debug-file - Executing task :default:default@BuildNativeWithNinja
[2025-10-21T21:07:15.335] [DEBUG] debug-file - jsonObjWithoutParam {"video":"file:../../features/video","news":"file:../../features/news","quickstart":"file:../../features/quickstart","follow":"file:../../features/follows","mine":"file:../../features/mine","login":"file:../../features/login","uicomponents":"file:../../commons/uicomponents","utils":"file:../../commons/utils"} at undefined
[2025-10-21T21:07:15.335] [DEBUG] debug-file - jsonObjWithoutParam {"name":"default","version":"1.0.0","description":"Please describe the basic information.","main":"","author":"","license":"","dependencies":{"video":"file:../../features/video","news":"file:../../features/news","quickstart":"file:../../features/quickstart","follow":"file:../../features/follows","mine":"file:../../features/mine","login":"file:../../features/login","uicomponents":"file:../../commons/uicomponents","utils":"file:../../commons/utils"}} at undefined
[2025-10-21T21:07:15.336] [DEBUG] debug-file - default : default@BuildNativeWithNinja cost memory 0.06842041015625
[2025-10-21T21:07:15.336] [DEBUG] debug-file - runTaskFromQueue task cost before running: 692 ms 
[2025-10-21T21:07:15.336] [INFO] debug-file - Finished :default:default@BuildNativeWithNinja... after 1 ms 
[2025-10-21T21:07:15.338] [DEBUG] debug-file - jsonObjWithoutParam {"video":"file:../../features/video","news":"file:../../features/news","quickstart":"file:../../features/quickstart","follow":"file:../../features/follows","mine":"file:../../features/mine","login":"file:../../features/login","uicomponents":"file:../../commons/uicomponents","utils":"file:../../commons/utils"} at undefined
[2025-10-21T21:07:15.338] [DEBUG] debug-file - jsonObjWithoutParam {"name":"default","version":"1.0.0","description":"Please describe the basic information.","main":"","author":"","license":"","dependencies":{"video":"file:../../features/video","news":"file:../../features/news","quickstart":"file:../../features/quickstart","follow":"file:../../features/follows","mine":"file:../../features/mine","login":"file:../../features/login","uicomponents":"file:../../commons/uicomponents","utils":"file:../../commons/utils"}} at undefined
[2025-10-21T21:07:15.338] [DEBUG] debug-file - Executing task :default:default@ProcessLibs
[2025-10-21T21:07:15.348] [DEBUG] debug-file - Incremental task default:default@ProcessLibs pre-execution cost: 2 ms .
[2025-10-21T21:07:15.348] [DEBUG] debug-file - default : default@ProcessLibs cost memory 1.3859176635742188
[2025-10-21T21:07:15.348] [INFO] debug-file - UP-TO-DATE :default:default@ProcessLibs...  
[2025-10-21T21:07:15.350] [DEBUG] debug-file - jsonObjWithoutParam {"video":"file:../../features/video","news":"file:../../features/news","quickstart":"file:../../features/quickstart","follow":"file:../../features/follows","mine":"file:../../features/mine","login":"file:../../features/login","uicomponents":"file:../../commons/uicomponents","utils":"file:../../commons/utils"} at undefined
[2025-10-21T21:07:15.350] [DEBUG] debug-file - jsonObjWithoutParam {"name":"default","version":"1.0.0","description":"Please describe the basic information.","main":"","author":"","license":"","dependencies":{"video":"file:../../features/video","news":"file:../../features/news","quickstart":"file:../../features/quickstart","follow":"file:../../features/follows","mine":"file:../../features/mine","login":"file:../../features/login","uicomponents":"file:../../commons/uicomponents","utils":"file:../../commons/utils"}} at undefined
[2025-10-21T21:07:15.352] [DEBUG] debug-file - Executing task :default:default@DoNativeStrip
[2025-10-21T21:07:15.352] [DEBUG] debug-file - Task 'default:default@DoNativeStrip' cost while wrapping incremental declarations: 1 ms 
[2025-10-21T21:07:15.352] [DEBUG] debug-file - Incremental task default:default@DoNativeStrip pre-execution cost: 1 ms .
[2025-10-21T21:07:15.352] [DEBUG] debug-file - default : default@DoNativeStrip cost memory 0.0763092041015625
[2025-10-21T21:07:15.353] [INFO] debug-file - UP-TO-DATE :default:default@DoNativeStrip...  
[2025-10-21T21:07:15.354] [DEBUG] debug-file - jsonObjWithoutParam {"video":"file:../../features/video","news":"file:../../features/news","quickstart":"file:../../features/quickstart","follow":"file:../../features/follows","mine":"file:../../features/mine","login":"file:../../features/login","uicomponents":"file:../../commons/uicomponents","utils":"file:../../commons/utils"} at undefined
[2025-10-21T21:07:15.354] [DEBUG] debug-file - jsonObjWithoutParam {"name":"default","version":"1.0.0","description":"Please describe the basic information.","main":"","author":"","license":"","dependencies":{"video":"file:../../features/video","news":"file:../../features/news","quickstart":"file:../../features/quickstart","follow":"file:../../features/follows","mine":"file:../../features/mine","login":"file:../../features/login","uicomponents":"file:../../commons/uicomponents","utils":"file:../../commons/utils"}} at undefined
[2025-10-21T21:07:15.356] [DEBUG] debug-file - Executing task :default:default@CacheNativeLibs
[2025-10-21T21:07:15.356] [DEBUG] debug-file - Task 'default:default@CacheNativeLibs' cost while wrapping incremental declarations: 1 ms 
[2025-10-21T21:07:15.356] [DEBUG] debug-file - Incremental task default:default@CacheNativeLibs pre-execution cost: 1 ms .
[2025-10-21T21:07:15.356] [DEBUG] debug-file - default : default@CacheNativeLibs cost memory 0.0932159423828125
[2025-10-21T21:07:15.356] [INFO] debug-file - UP-TO-DATE :default:default@CacheNativeLibs...  
[2025-10-21T21:07:16.046] [DEBUG] debug-file - worker[14] has one work done.
[2025-10-21T21:07:16.047] [DEBUG] debug-file - CopyResources is end, endTime: 36994730023000
[2025-10-21T21:07:16.047] [DEBUG] debug-file - default@CompileArkTS work[5] done.
[2025-10-21T21:07:16.047] [DEBUG] debug-file - A work dispatched to worker[14] failed because unable to get work from ready queue.
[2025-10-21T21:07:16.315] [DEBUG] debug-file - worker[4] has one work done.
[2025-10-21T21:07:16.319] [DEBUG] debug-file - default@CompileArkTS work[4] done.
[2025-10-21T21:07:16.319] [DEBUG] debug-file - A work dispatched to worker[4] failed because unable to get work from ready queue.
[2025-10-21T21:07:16.322] [INFO] debug-file - Finished :default:default@CompileArkTS... after 1 s 47 ms 
[2025-10-21T21:07:16.324] [DEBUG] debug-file - jsonObjWithoutParam {"video":"file:../../features/video","news":"file:../../features/news","quickstart":"file:../../features/quickstart","follow":"file:../../features/follows","mine":"file:../../features/mine","login":"file:../../features/login","uicomponents":"file:../../commons/uicomponents","utils":"file:../../commons/utils"} at undefined
[2025-10-21T21:07:16.324] [DEBUG] debug-file - jsonObjWithoutParam {"name":"default","version":"1.0.0","description":"Please describe the basic information.","main":"","author":"","license":"","dependencies":{"video":"file:../../features/video","news":"file:../../features/news","quickstart":"file:../../features/quickstart","follow":"file:../../features/follows","mine":"file:../../features/mine","login":"file:../../features/login","uicomponents":"file:../../commons/uicomponents","utils":"file:../../commons/utils"}} at undefined
[2025-10-21T21:07:16.325] [DEBUG] debug-file - Executing task :default:default@GeneratePkgModuleJson
[2025-10-21T21:07:16.325] [DEBUG] debug-file - Task 'default:default@GeneratePkgModuleJson' cost while wrapping incremental declarations: 1 ms 
[2025-10-21T21:07:16.325] [DEBUG] debug-file - Incremental task default:default@GeneratePkgModuleJson pre-execution cost: 1 ms .
[2025-10-21T21:07:16.325] [DEBUG] debug-file - default : default@GeneratePkgModuleJson cost memory 0.0720367431640625
[2025-10-21T21:07:16.325] [INFO] debug-file - UP-TO-DATE :default:default@GeneratePkgModuleJson...  
[2025-10-21T21:07:16.327] [DEBUG] debug-file - jsonObjWithoutParam {"video":"file:../../features/video","news":"file:../../features/news","quickstart":"file:../../features/quickstart","follow":"file:../../features/follows","mine":"file:../../features/mine","login":"file:../../features/login","uicomponents":"file:../../commons/uicomponents","utils":"file:../../commons/utils"} at undefined
[2025-10-21T21:07:16.327] [DEBUG] debug-file - jsonObjWithoutParam {"name":"default","version":"1.0.0","description":"Please describe the basic information.","main":"","author":"","license":"","dependencies":{"video":"file:../../features/video","news":"file:../../features/news","quickstart":"file:../../features/quickstart","follow":"file:../../features/follows","mine":"file:../../features/mine","login":"file:../../features/login","uicomponents":"file:../../commons/uicomponents","utils":"file:../../commons/utils"}} at undefined
[2025-10-21T21:07:16.332] [DEBUG] debug-file - Executing task :default:default@PackageHap
[2025-10-21T21:07:16.338] [DEBUG] debug-file - default:default@PackageHap is not up-to-date, since the input file 'G:\HarmonyOsProjects\news_app-3a12a9aaec8f982bbbef9569988265dcb99f73e0\products\default\build\default\intermediates\loader_out\default\ets' has been changed.
[2025-10-21T21:07:16.338] [DEBUG] debug-file - Incremental task default:default@PackageHap pre-execution cost: 6 ms .
[2025-10-21T21:07:16.338] [DEBUG] debug-file - jsonObjWithoutParam {"video":"file:../../features/video","news":"file:../../features/news","quickstart":"file:../../features/quickstart","follow":"file:../../features/follows","mine":"file:../../features/mine","login":"file:../../features/login","uicomponents":"file:../../commons/uicomponents","utils":"file:../../commons/utils"} at undefined
[2025-10-21T21:07:16.338] [DEBUG] debug-file - jsonObjWithoutParam {"name":"default","version":"1.0.0","description":"Please describe the basic information.","main":"","author":"","license":"","dependencies":{"video":"file:../../features/video","news":"file:../../features/news","quickstart":"file:../../features/quickstart","follow":"file:../../features/follows","mine":"file:../../features/mine","login":"file:../../features/login","uicomponents":"file:../../commons/uicomponents","utils":"file:../../commons/utils"}} at undefined
[2025-10-21T21:07:16.340] [DEBUG] debug-file - Use tool [G:\DevEco Studio\sdk\default\openharmony\toolchains\lib\app_packing_tool.jar]
 [
  'java',
  '-Dfile.encoding=GBK',
  '-jar',
  'G:\\DevEco Studio\\sdk\\default\\openharmony\\toolchains\\lib\\app_packing_tool.jar',
  '--mode',
  'hap',
  '--force',
  'true',
  '--lib-path',
  'G:\\HarmonyOsProjects\\news_app-3a12a9aaec8f982bbbef9569988265dcb99f73e0\\products\\default\\build\\default\\intermediates\\stripped_native_libs\\default',
  '--json-path',
  'G:\\HarmonyOsProjects\\news_app-3a12a9aaec8f982bbbef9569988265dcb99f73e0\\products\\default\\build\\default\\intermediates\\package\\default\\module.json',
  '--resources-path',
  'G:\\HarmonyOsProjects\\news_app-3a12a9aaec8f982bbbef9569988265dcb99f73e0\\products\\default\\build\\default\\intermediates\\res\\default\\resources',
  '--index-path',
  'G:\\HarmonyOsProjects\\news_app-3a12a9aaec8f982bbbef9569988265dcb99f73e0\\products\\default\\build\\default\\intermediates\\res\\default\\resources.index',
  '--pack-info-path',
  'G:\\HarmonyOsProjects\\news_app-3a12a9aaec8f982bbbef9569988265dcb99f73e0\\products\\default\\build\\default\\outputs\\default\\pack.info',
  '--out-path',
  'G:\\HarmonyOsProjects\\news_app-3a12a9aaec8f982bbbef9569988265dcb99f73e0\\products\\default\\build\\default\\outputs\\default\\default-default-unsigned.hap',
  '--ets-path',
  'G:\\HarmonyOsProjects\\news_app-3a12a9aaec8f982bbbef9569988265dcb99f73e0\\products\\default\\build\\default\\intermediates\\loader_out\\default\\ets'
]
[2025-10-21T21:07:16.401] [DEBUG] debug-file - java daemon socket received message:{"code":0,"message":"pack success"}
[2025-10-21T21:07:16.405] [DEBUG] debug-file - default : default@PackageHap cost memory 1.61895751953125
[2025-10-21T21:07:16.405] [DEBUG] debug-file - runTaskFromQueue task cost before running: 1 s 762 ms 
[2025-10-21T21:07:16.406] [INFO] debug-file - Finished :default:default@PackageHap... after 74 ms 
[2025-10-21T21:07:16.408] [DEBUG] debug-file - jsonObjWithoutParam {"video":"file:../../features/video","news":"file:../../features/news","quickstart":"file:../../features/quickstart","follow":"file:../../features/follows","mine":"file:../../features/mine","login":"file:../../features/login","uicomponents":"file:../../commons/uicomponents","utils":"file:../../commons/utils"} at undefined
[2025-10-21T21:07:16.408] [DEBUG] debug-file - jsonObjWithoutParam {"name":"default","version":"1.0.0","description":"Please describe the basic information.","main":"","author":"","license":"","dependencies":{"video":"file:../../features/video","news":"file:../../features/news","quickstart":"file:../../features/quickstart","follow":"file:../../features/follows","mine":"file:../../features/mine","login":"file:../../features/login","uicomponents":"file:../../commons/uicomponents","utils":"file:../../commons/utils"}} at undefined
[2025-10-21T21:07:16.410] [DEBUG] debug-file - Executing task :default:default@SignHap
[2025-10-21T21:07:16.410] [WARN] debug-file - Will skip sign 'hos_hap'. No signingConfigs profile is configured in current project.
             If needed, configure the signingConfigs in G:\HarmonyOsProjects\news_app-3a12a9aaec8f982bbbef9569988265dcb99f73e0\build-profile.json5.
[2025-10-21T21:07:16.410] [DEBUG] debug-file - default:default@SignHap is not up-to-date, since the input file 'G:\HarmonyOsProjects\news_app-3a12a9aaec8f982bbbef9569988265dcb99f73e0\products\default\build\default\outputs\default\default-default-unsigned.hap' has been changed.
[2025-10-21T21:07:16.410] [DEBUG] debug-file - Incremental task default:default@SignHap pre-execution cost: 1 ms .
[2025-10-21T21:07:16.410] [DEBUG] debug-file - jsonObjWithoutParam {"video":"file:../../features/video","news":"file:../../features/news","quickstart":"file:../../features/quickstart","follow":"file:../../features/follows","mine":"file:../../features/mine","login":"file:../../features/login","uicomponents":"file:../../commons/uicomponents","utils":"file:../../commons/utils"} at undefined
[2025-10-21T21:07:16.410] [DEBUG] debug-file - jsonObjWithoutParam {"name":"default","version":"1.0.0","description":"Please describe the basic information.","main":"","author":"","license":"","dependencies":{"video":"file:../../features/video","news":"file:../../features/news","quickstart":"file:../../features/quickstart","follow":"file:../../features/follows","mine":"file:../../features/mine","login":"file:../../features/login","uicomponents":"file:../../commons/uicomponents","utils":"file:../../commons/utils"}} at undefined
[2025-10-21T21:07:16.411] [DEBUG] debug-file - default : default@SignHap cost memory 0.1385345458984375
[2025-10-21T21:07:16.411] [DEBUG] debug-file - runTaskFromQueue task cost before running: 1 s 767 ms 
[2025-10-21T21:07:16.411] [INFO] debug-file - Finished :default:default@SignHap... after 2 ms 
[2025-10-21T21:07:16.412] [DEBUG] debug-file - jsonObjWithoutParam {"video":"file:../../features/video","news":"file:../../features/news","quickstart":"file:../../features/quickstart","follow":"file:../../features/follows","mine":"file:../../features/mine","login":"file:../../features/login","uicomponents":"file:../../commons/uicomponents","utils":"file:../../commons/utils"} at undefined
[2025-10-21T21:07:16.412] [DEBUG] debug-file - jsonObjWithoutParam {"name":"default","version":"1.0.0","description":"Please describe the basic information.","main":"","author":"","license":"","dependencies":{"video":"file:../../features/video","news":"file:../../features/news","quickstart":"file:../../features/quickstart","follow":"file:../../features/follows","mine":"file:../../features/mine","login":"file:../../features/login","uicomponents":"file:../../commons/uicomponents","utils":"file:../../commons/utils"}} at undefined
[2025-10-21T21:07:16.413] [DEBUG] debug-file - Executing task :default:default@CollectDebugSymbol
[2025-10-21T21:07:16.415] [DEBUG] debug-file - jsonObjWithoutParam {"video":"file:../../features/video","news":"file:../../features/news","quickstart":"file:../../features/quickstart","follow":"file:../../features/follows","mine":"file:../../features/mine","login":"file:../../features/login","uicomponents":"file:../../commons/uicomponents","utils":"file:../../commons/utils"} at undefined
[2025-10-21T21:07:16.416] [DEBUG] debug-file - jsonObjWithoutParam {"name":"default","version":"1.0.0","description":"Please describe the basic information.","main":"","author":"","license":"","dependencies":{"video":"file:../../features/video","news":"file:../../features/news","quickstart":"file:../../features/quickstart","follow":"file:../../features/follows","mine":"file:../../features/mine","login":"file:../../features/login","uicomponents":"file:../../commons/uicomponents","utils":"file:../../commons/utils"}} at undefined
[2025-10-21T21:07:16.416] [DEBUG] debug-file - default : default@CollectDebugSymbol cost memory 0.24554443359375
[2025-10-21T21:07:16.416] [DEBUG] debug-file - runTaskFromQueue task cost before running: 1 s 772 ms 
[2025-10-21T21:07:16.416] [INFO] debug-file - Finished :default:default@CollectDebugSymbol... after 3 ms 
[2025-10-21T21:07:16.417] [DEBUG] debug-file - Executing task :default:assembleHap
[2025-10-21T21:07:16.417] [DEBUG] debug-file - default : assembleHap cost memory 0.01137542724609375
[2025-10-21T21:07:16.417] [DEBUG] debug-file - runTaskFromQueue task cost before running: 1 s 773 ms 
[2025-10-21T21:07:16.417] [INFO] debug-file - Finished :default:assembleHap... after 1 ms 
[2025-10-21T21:07:16.427] [DEBUG] debug-file - BUILD SUCCESSFUL in 1 s 784 ms 
[2025-10-21T21:07:16.428] [DEBUG] debug-file - There is no need to refresh cache, since the incremental task default:default@PreBuild is up-to-date.
[2025-10-21T21:07:16.428] [DEBUG] debug-file - There is no need to refresh cache, since the incremental task video:default@PreBuild is up-to-date.
[2025-10-21T21:07:16.428] [DEBUG] debug-file - There is no need to refresh cache, since the incremental task utils:default@PreBuild is up-to-date.
[2025-10-21T21:07:16.428] [DEBUG] debug-file - There is no need to refresh cache, since the incremental task uicomponents:default@PreBuild is up-to-date.
[2025-10-21T21:07:16.428] [DEBUG] debug-file - There is no need to refresh cache, since the incremental task news:default@PreBuild is up-to-date.
[2025-10-21T21:07:16.428] [DEBUG] debug-file - There is no need to refresh cache, since the incremental task quickstart:default@PreBuild is up-to-date.
[2025-10-21T21:07:16.428] [DEBUG] debug-file - There is no need to refresh cache, since the incremental task follows:default@PreBuild is up-to-date.
[2025-10-21T21:07:16.428] [DEBUG] debug-file - There is no need to refresh cache, since the incremental task mine:default@PreBuild is up-to-date.
[2025-10-21T21:07:16.428] [DEBUG] debug-file - There is no need to refresh cache, since the incremental task login:default@PreBuild is up-to-date.
[2025-10-21T21:07:16.428] [DEBUG] debug-file - Update task default:default@CreateModuleInfo output file:G:\HarmonyOsProjects\news_app-3a12a9aaec8f982bbbef9569988265dcb99f73e0\products\default\build\default\generated\profile\default\ModuleInfo.ts cache.
[2025-10-21T21:07:16.428] [DEBUG] debug-file - Incremental task default:default@CreateModuleInfo post-execution cost:1 ms .
[2025-10-21T21:07:16.428] [DEBUG] debug-file - There is no need to refresh cache, since the incremental task default:default@GenerateMetadata is up-to-date.
[2025-10-21T21:07:16.428] [DEBUG] debug-file - Update task default:default@GeneratePkgContextInfo output file:G:\HarmonyOsProjects\news_app-3a12a9aaec8f982bbbef9569988265dcb99f73e0\products\default\build\default\intermediates\loader\default\pkgContextInfo.json cache.
[2025-10-21T21:07:16.428] [DEBUG] debug-file - Incremental task default:default@GeneratePkgContextInfo post-execution cost:1 ms .
[2025-10-21T21:07:16.428] [DEBUG] debug-file - Update task default:default@ProcessIntegratedHsp output file:G:\HarmonyOsProjects\news_app-3a12a9aaec8f982bbbef9569988265dcb99f73e0\build\cache\default\integrated_hsp\integratedHspCache.json cache.
[2025-10-21T21:07:16.429] [DEBUG] debug-file - Incremental task default:default@ProcessIntegratedHsp post-execution cost:1 ms .
[2025-10-21T21:07:16.429] [DEBUG] debug-file - There is no need to refresh cache, since the incremental task utils:default@CreateHarBuildProfile is up-to-date.
[2025-10-21T21:07:16.429] [DEBUG] debug-file - There is no need to refresh cache, since the incremental task utils:default@MergeProfile is up-to-date.
[2025-10-21T21:07:16.429] [DEBUG] debug-file - There is no need to refresh cache, since the incremental task uicomponents:default@CreateHarBuildProfile is up-to-date.
[2025-10-21T21:07:16.429] [DEBUG] debug-file - There is no need to refresh cache, since the incremental task uicomponents:default@MergeProfile is up-to-date.
[2025-10-21T21:07:16.429] [DEBUG] debug-file - Update task default:default@SyscapTransform input file:G:\DevEco Studio\sdk\default\openharmony\toolchains\syscap_tool.exe cache by regenerate.
[2025-10-21T21:07:16.429] [DEBUG] debug-file - Update task default:default@SyscapTransform input file:G:\DevEco Studio\sdk\default\openharmony\ets\api\device-define cache by regenerate.
[2025-10-21T21:07:16.429] [DEBUG] debug-file - Update task default:default@SyscapTransform output file:G:\HarmonyOsProjects\news_app-3a12a9aaec8f982bbbef9569988265dcb99f73e0\products\default\build\default\intermediates\syscap\default\rpcid.sc cache.
[2025-10-21T21:07:16.429] [DEBUG] debug-file - Incremental task default:default@SyscapTransform post-execution cost:1 ms .
[2025-10-21T21:07:16.429] [DEBUG] debug-file - There is no need to refresh cache, since the incremental task default:default@ProcessRouterMap is up-to-date.
[2025-10-21T21:07:16.430] [DEBUG] debug-file - Update task default:default@ProcessStartupConfig output file:G:\HarmonyOsProjects\news_app-3a12a9aaec8f982bbbef9569988265dcb99f73e0\products\default\build\default\intermediates\startup\default\startup_config.json cache.
[2025-10-21T21:07:16.430] [DEBUG] debug-file - Incremental task default:default@ProcessStartupConfig post-execution cost:1 ms .
[2025-10-21T21:07:16.430] [DEBUG] debug-file - There is no need to refresh cache, since the incremental task login:default@CreateHarBuildProfile is up-to-date.
[2025-10-21T21:07:16.430] [DEBUG] debug-file - There is no need to refresh cache, since the incremental task login:default@MergeProfile is up-to-date.
[2025-10-21T21:07:16.430] [DEBUG] debug-file - There is no need to refresh cache, since the incremental task news:default@CreateHarBuildProfile is up-to-date.
[2025-10-21T21:07:16.430] [DEBUG] debug-file - There is no need to refresh cache, since the incremental task video:default@CreateHarBuildProfile is up-to-date.
[2025-10-21T21:07:16.430] [DEBUG] debug-file - There is no need to refresh cache, since the incremental task quickstart:default@CreateHarBuildProfile is up-to-date.
[2025-10-21T21:07:16.430] [DEBUG] debug-file - There is no need to refresh cache, since the incremental task follows:default@CreateHarBuildProfile is up-to-date.
[2025-10-21T21:07:16.430] [DEBUG] debug-file - There is no need to refresh cache, since the incremental task news:default@MergeProfile is up-to-date.
[2025-10-21T21:07:16.430] [DEBUG] debug-file - There is no need to refresh cache, since the incremental task video:default@MergeProfile is up-to-date.
[2025-10-21T21:07:16.430] [DEBUG] debug-file - There is no need to refresh cache, since the incremental task quickstart:default@MergeProfile is up-to-date.
[2025-10-21T21:07:16.430] [DEBUG] debug-file - There is no need to refresh cache, since the incremental task follows:default@MergeProfile is up-to-date.
[2025-10-21T21:07:16.430] [DEBUG] debug-file - There is no need to refresh cache, since the incremental task default:default@GenerateLoaderJson is up-to-date.
[2025-10-21T21:07:16.430] [DEBUG] debug-file - There is no need to refresh cache, since the incremental task mine:default@CreateHarBuildProfile is up-to-date.
[2025-10-21T21:07:16.430] [DEBUG] debug-file - There is no need to refresh cache, since the incremental task mine:default@MergeProfile is up-to-date.
[2025-10-21T21:07:16.430] [DEBUG] debug-file - There is no need to refresh cache, since the incremental task default:default@CreateBuildProfile is up-to-date.
[2025-10-21T21:07:16.430] [DEBUG] debug-file - There is no need to refresh cache, since the incremental task utils:default@ProcessLibs is up-to-date.
[2025-10-21T21:07:16.430] [DEBUG] debug-file - There is no need to refresh cache, since the incremental task default:default@MergeProfile is up-to-date.
[2025-10-21T21:07:16.430] [DEBUG] debug-file - There is no need to refresh cache, since the incremental task uicomponents:default@ProcessLibs is up-to-date.
[2025-10-21T21:07:16.430] [DEBUG] debug-file - There is no need to refresh cache, since the incremental task utils:default@DoNativeStrip is up-to-date.
[2025-10-21T21:07:16.430] [DEBUG] debug-file - There is no need to refresh cache, since the incremental task default:default@MakePackInfo is up-to-date.
[2025-10-21T21:07:16.430] [DEBUG] debug-file - There is no need to refresh cache, since the incremental task default:default@ProcessProfile is up-to-date.
[2025-10-21T21:07:16.430] [DEBUG] debug-file - There is no need to refresh cache, since the incremental task uicomponents:default@DoNativeStrip is up-to-date.
[2025-10-21T21:07:16.430] [DEBUG] debug-file - There is no need to refresh cache, since the incremental task default:default@ProcessResource is up-to-date.
[2025-10-21T21:07:16.430] [DEBUG] debug-file - There is no need to refresh cache, since the incremental task login:default@ProcessLibs is up-to-date.
[2025-10-21T21:07:16.430] [DEBUG] debug-file - There is no need to refresh cache, since the incremental task default:default@CompileResource is up-to-date.
[2025-10-21T21:07:16.430] [DEBUG] debug-file - There is no need to refresh cache, since the incremental task news:default@ProcessLibs is up-to-date.
[2025-10-21T21:07:16.430] [DEBUG] debug-file - There is no need to refresh cache, since the incremental task video:default@ProcessLibs is up-to-date.
[2025-10-21T21:07:16.430] [DEBUG] debug-file - There is no need to refresh cache, since the incremental task quickstart:default@ProcessLibs is up-to-date.
[2025-10-21T21:07:16.430] [DEBUG] debug-file - There is no need to refresh cache, since the incremental task follows:default@ProcessLibs is up-to-date.
[2025-10-21T21:07:16.430] [DEBUG] debug-file - There is no need to refresh cache, since the incremental task login:default@DoNativeStrip is up-to-date.
[2025-10-21T21:07:16.432] [DEBUG] debug-file - Update task default:default@CompileArkTS input file:G:\HarmonyOsProjects\news_app-3a12a9aaec8f982bbbef9569988265dcb99f73e0\products\default\build\default\intermediates\loader\default cache by regenerate.
[2025-10-21T21:07:16.432] [DEBUG] debug-file - Update task default:default@CompileArkTS input file:G:\HarmonyOsProjects\news_app-3a12a9aaec8f982bbbef9569988265dcb99f73e0\features\video\Index.ets cache by regenerate.
[2025-10-21T21:07:16.432] [DEBUG] debug-file - Update task default:default@CompileArkTS input file:G:\HarmonyOsProjects\news_app-3a12a9aaec8f982bbbef9569988265dcb99f73e0\features\news\Index.ets cache by regenerate.
[2025-10-21T21:07:16.432] [DEBUG] debug-file - Update task default:default@CompileArkTS input file:G:\HarmonyOsProjects\news_app-3a12a9aaec8f982bbbef9569988265dcb99f73e0\features\quickstart\Index.ets cache by regenerate.
[2025-10-21T21:07:16.432] [DEBUG] debug-file - Update task default:default@CompileArkTS input file:G:\HarmonyOsProjects\news_app-3a12a9aaec8f982bbbef9569988265dcb99f73e0\features\follows\Index.ets cache by regenerate.
[2025-10-21T21:07:16.433] [DEBUG] debug-file - Update task default:default@CompileArkTS input file:G:\HarmonyOsProjects\news_app-3a12a9aaec8f982bbbef9569988265dcb99f73e0\features\mine\Index.ets cache by regenerate.
[2025-10-21T21:07:16.433] [DEBUG] debug-file - Update task default:default@CompileArkTS input file:G:\HarmonyOsProjects\news_app-3a12a9aaec8f982bbbef9569988265dcb99f73e0\features\login\Index.ets cache by regenerate.
[2025-10-21T21:07:16.433] [DEBUG] debug-file - Update task default:default@CompileArkTS input file:G:\HarmonyOsProjects\news_app-3a12a9aaec8f982bbbef9569988265dcb99f73e0\commons\uicomponents\Index.ets cache by regenerate.
[2025-10-21T21:07:16.433] [DEBUG] debug-file - Update task default:default@CompileArkTS input file:G:\HarmonyOsProjects\news_app-3a12a9aaec8f982bbbef9569988265dcb99f73e0\commons\utils\Index.ets cache by regenerate.
[2025-10-21T21:07:16.433] [DEBUG] debug-file - Update task default:default@CompileArkTS input file:G:\HarmonyOsProjects\news_app-3a12a9aaec8f982bbbef9569988265dcb99f73e0\features\video\src\main\ets cache by regenerate.
[2025-10-21T21:07:16.433] [DEBUG] debug-file - Update task default:default@CompileArkTS input file:G:\HarmonyOsProjects\news_app-3a12a9aaec8f982bbbef9569988265dcb99f73e0\features\news\src\main\ets cache by regenerate.
[2025-10-21T21:07:16.434] [DEBUG] debug-file - Update task default:default@CompileArkTS input file:G:\HarmonyOsProjects\news_app-3a12a9aaec8f982bbbef9569988265dcb99f73e0\features\quickstart\src\main\ets cache by regenerate.
[2025-10-21T21:07:16.434] [DEBUG] debug-file - Update task default:default@CompileArkTS input file:G:\HarmonyOsProjects\news_app-3a12a9aaec8f982bbbef9569988265dcb99f73e0\features\follows\src\main\ets cache by regenerate.
[2025-10-21T21:07:16.435] [DEBUG] debug-file - Update task default:default@CompileArkTS input file:G:\HarmonyOsProjects\news_app-3a12a9aaec8f982bbbef9569988265dcb99f73e0\features\mine\src\main\ets cache from map.
[2025-10-21T21:07:16.435] [DEBUG] debug-file - Update task default:default@CompileArkTS input file:G:\HarmonyOsProjects\news_app-3a12a9aaec8f982bbbef9569988265dcb99f73e0\features\login\src\main\ets cache by regenerate.
[2025-10-21T21:07:16.435] [DEBUG] debug-file - Update task default:default@CompileArkTS input file:G:\HarmonyOsProjects\news_app-3a12a9aaec8f982bbbef9569988265dcb99f73e0\commons\uicomponents\src\main\ets cache by regenerate.
[2025-10-21T21:07:16.435] [DEBUG] debug-file - Update task default:default@CompileArkTS input file:G:\HarmonyOsProjects\news_app-3a12a9aaec8f982bbbef9569988265dcb99f73e0\commons\utils\src\main\ets cache by regenerate.
[2025-10-21T21:07:16.436] [DEBUG] debug-file - Update task default:default@CompileArkTS input file:G:\HarmonyOsProjects\news_app-3a12a9aaec8f982bbbef9569988265dcb99f73e0\products\default\build\default\intermediates\res\default\resources\rawfile cache by regenerate.
[2025-10-21T21:07:16.436] [DEBUG] debug-file - Update task default:default@CompileArkTS input file:G:\HarmonyOsProjects\news_app-3a12a9aaec8f982bbbef9569988265dcb99f73e0\products\default\build\default\intermediates\res\default\ResourceTable.txt cache by regenerate.
[2025-10-21T21:07:16.436] [DEBUG] debug-file - Update task default:default@CompileArkTS input file:G:\HarmonyOsProjects\news_app-3a12a9aaec8f982bbbef9569988265dcb99f73e0\products\default\build\default\intermediates\res\default\ark_module.json cache by regenerate.
[2025-10-21T21:07:16.436] [DEBUG] debug-file - Update task default:default@CompileArkTS input file:G:\HarmonyOsProjects\news_app-3a12a9aaec8f982bbbef9569988265dcb99f73e0\products\default\build\default\intermediates\res\default\resources\base\profile cache by regenerate.
[2025-10-21T21:07:16.436] [DEBUG] debug-file - Update task default:default@CompileArkTS input file:G:\HarmonyOsProjects\news_app-3a12a9aaec8f982bbbef9569988265dcb99f73e0\products\default\src\main\ets cache by regenerate.
[2025-10-21T21:07:16.437] [DEBUG] debug-file - Update task default:default@CompileArkTS input file:G:\HarmonyOsProjects\news_app-3a12a9aaec8f982bbbef9569988265dcb99f73e0\products\default\build\default\generated\profile\default\BuildProfile.ets cache by regenerate.
[2025-10-21T21:07:16.437] [DEBUG] debug-file - Update task default:default@CompileArkTS input file:G:\HarmonyOsProjects\news_app-3a12a9aaec8f982bbbef9569988265dcb99f73e0\features\video\BuildProfile.ets cache by regenerate.
[2025-10-21T21:07:16.437] [DEBUG] debug-file - Update task default:default@CompileArkTS input file:G:\HarmonyOsProjects\news_app-3a12a9aaec8f982bbbef9569988265dcb99f73e0\features\news\BuildProfile.ets cache by regenerate.
[2025-10-21T21:07:16.437] [DEBUG] debug-file - Update task default:default@CompileArkTS input file:G:\HarmonyOsProjects\news_app-3a12a9aaec8f982bbbef9569988265dcb99f73e0\features\quickstart\BuildProfile.ets cache by regenerate.
[2025-10-21T21:07:16.437] [DEBUG] debug-file - Update task default:default@CompileArkTS input file:G:\HarmonyOsProjects\news_app-3a12a9aaec8f982bbbef9569988265dcb99f73e0\features\follows\BuildProfile.ets cache by regenerate.
[2025-10-21T21:07:16.437] [DEBUG] debug-file - Update task default:default@CompileArkTS input file:G:\HarmonyOsProjects\news_app-3a12a9aaec8f982bbbef9569988265dcb99f73e0\features\mine\BuildProfile.ets cache by regenerate.
[2025-10-21T21:07:16.437] [DEBUG] debug-file - Update task default:default@CompileArkTS input file:G:\HarmonyOsProjects\news_app-3a12a9aaec8f982bbbef9569988265dcb99f73e0\features\login\BuildProfile.ets cache by regenerate.
[2025-10-21T21:07:16.438] [DEBUG] debug-file - Update task default:default@CompileArkTS input file:G:\HarmonyOsProjects\news_app-3a12a9aaec8f982bbbef9569988265dcb99f73e0\commons\uicomponents\BuildProfile.ets cache by regenerate.
[2025-10-21T21:07:16.438] [DEBUG] debug-file - Update task default:default@CompileArkTS input file:G:\HarmonyOsProjects\news_app-3a12a9aaec8f982bbbef9569988265dcb99f73e0\commons\utils\BuildProfile.ets cache by regenerate.
[2025-10-21T21:07:16.438] [DEBUG] debug-file - Update task default:default@CompileArkTS output file:G:\HarmonyOsProjects\news_app-3a12a9aaec8f982bbbef9569988265dcb99f73e0\products\default\build\default\intermediates\loader_out\default\ets cache.
[2025-10-21T21:07:16.438] [DEBUG] debug-file - Incremental task default:default@CompileArkTS post-execution cost:8 ms .
[2025-10-21T21:07:16.439] [DEBUG] debug-file - Update task default:default@BuildJS input file:G:\HarmonyOsProjects\news_app-3a12a9aaec8f982bbbef9569988265dcb99f73e0\products\default\build\default\intermediates\loader\default cache by regenerate.
[2025-10-21T21:07:16.440] [DEBUG] debug-file - Update task default:default@BuildJS input file:G:\HarmonyOsProjects\news_app-3a12a9aaec8f982bbbef9569988265dcb99f73e0\features\video\Index.ets cache by regenerate.
[2025-10-21T21:07:16.440] [DEBUG] debug-file - Update task default:default@BuildJS input file:G:\HarmonyOsProjects\news_app-3a12a9aaec8f982bbbef9569988265dcb99f73e0\features\news\Index.ets cache by regenerate.
[2025-10-21T21:07:16.440] [DEBUG] debug-file - Update task default:default@BuildJS input file:G:\HarmonyOsProjects\news_app-3a12a9aaec8f982bbbef9569988265dcb99f73e0\features\quickstart\Index.ets cache by regenerate.
[2025-10-21T21:07:16.440] [DEBUG] debug-file - Update task default:default@BuildJS input file:G:\HarmonyOsProjects\news_app-3a12a9aaec8f982bbbef9569988265dcb99f73e0\features\follows\Index.ets cache by regenerate.
[2025-10-21T21:07:16.440] [DEBUG] debug-file - Update task default:default@BuildJS input file:G:\HarmonyOsProjects\news_app-3a12a9aaec8f982bbbef9569988265dcb99f73e0\features\mine\Index.ets cache by regenerate.
[2025-10-21T21:07:16.440] [DEBUG] debug-file - Update task default:default@BuildJS input file:G:\HarmonyOsProjects\news_app-3a12a9aaec8f982bbbef9569988265dcb99f73e0\features\login\Index.ets cache by regenerate.
[2025-10-21T21:07:16.440] [DEBUG] debug-file - Update task default:default@BuildJS input file:G:\HarmonyOsProjects\news_app-3a12a9aaec8f982bbbef9569988265dcb99f73e0\commons\uicomponents\Index.ets cache by regenerate.
[2025-10-21T21:07:16.440] [DEBUG] debug-file - Update task default:default@BuildJS input file:G:\HarmonyOsProjects\news_app-3a12a9aaec8f982bbbef9569988265dcb99f73e0\commons\utils\Index.ets cache by regenerate.
[2025-10-21T21:07:16.441] [DEBUG] debug-file - Update task default:default@BuildJS input file:G:\HarmonyOsProjects\news_app-3a12a9aaec8f982bbbef9569988265dcb99f73e0\products\default\build\default\intermediates\res\default\resources\rawfile cache by regenerate.
[2025-10-21T21:07:16.441] [DEBUG] debug-file - Update task default:default@BuildJS input file:G:\HarmonyOsProjects\news_app-3a12a9aaec8f982bbbef9569988265dcb99f73e0\products\default\build\default\intermediates\res\default\ResourceTable.txt cache by regenerate.
[2025-10-21T21:07:16.441] [DEBUG] debug-file - Update task default:default@BuildJS input file:G:\HarmonyOsProjects\news_app-3a12a9aaec8f982bbbef9569988265dcb99f73e0\products\default\build\default\intermediates\res\default\ark_module.json cache by regenerate.
[2025-10-21T21:07:16.441] [DEBUG] debug-file - Update task default:default@BuildJS input file:G:\HarmonyOsProjects\news_app-3a12a9aaec8f982bbbef9569988265dcb99f73e0\products\default\build\default\intermediates\res\default\resources\base\profile cache by regenerate.
[2025-10-21T21:07:16.441] [DEBUG] debug-file - Update task default:default@BuildJS output file:G:\HarmonyOsProjects\news_app-3a12a9aaec8f982bbbef9569988265dcb99f73e0\products\default\build\default\intermediates\loader_out\default\js cache.
[2025-10-21T21:07:16.442] [DEBUG] debug-file - Incremental task default:default@BuildJS post-execution cost:4 ms .
[2025-10-21T21:07:16.442] [DEBUG] debug-file - There is no need to refresh cache, since the incremental task news:default@DoNativeStrip is up-to-date.
[2025-10-21T21:07:16.442] [DEBUG] debug-file - There is no need to refresh cache, since the incremental task video:default@DoNativeStrip is up-to-date.
[2025-10-21T21:07:16.442] [DEBUG] debug-file - There is no need to refresh cache, since the incremental task quickstart:default@DoNativeStrip is up-to-date.
[2025-10-21T21:07:16.442] [DEBUG] debug-file - There is no need to refresh cache, since the incremental task follows:default@DoNativeStrip is up-to-date.
[2025-10-21T21:07:16.442] [DEBUG] debug-file - There is no need to refresh cache, since the incremental task mine:default@ProcessLibs is up-to-date.
[2025-10-21T21:07:16.442] [DEBUG] debug-file - There is no need to refresh cache, since the incremental task mine:default@DoNativeStrip is up-to-date.
[2025-10-21T21:07:16.442] [DEBUG] debug-file - There is no need to refresh cache, since the incremental task default:default@ProcessLibs is up-to-date.
[2025-10-21T21:07:16.442] [DEBUG] debug-file - There is no need to refresh cache, since the incremental task default:default@DoNativeStrip is up-to-date.
[2025-10-21T21:07:16.442] [DEBUG] debug-file - There is no need to refresh cache, since the incremental task default:default@CacheNativeLibs is up-to-date.
[2025-10-21T21:07:16.442] [DEBUG] debug-file - There is no need to refresh cache, since the incremental task default:default@GeneratePkgModuleJson is up-to-date.
[2025-10-21T21:07:16.442] [DEBUG] debug-file - Update task default:default@PackageHap input file:G:\HarmonyOsProjects\news_app-3a12a9aaec8f982bbbef9569988265dcb99f73e0\products\default\build\default\intermediates\stripped_native_libs\default cache by regenerate.
[2025-10-21T21:07:16.442] [DEBUG] debug-file - Update task default:default@PackageHap input file:G:\HarmonyOsProjects\news_app-3a12a9aaec8f982bbbef9569988265dcb99f73e0\products\default\build\default\intermediates\res\default\module.json cache by regenerate.
[2025-10-21T21:07:16.443] [DEBUG] debug-file - Update task default:default@PackageHap input file:G:\HarmonyOsProjects\news_app-3a12a9aaec8f982bbbef9569988265dcb99f73e0\products\default\build\default\intermediates\res\default\resources cache by regenerate.
[2025-10-21T21:07:16.446] [DEBUG] debug-file - Update task default:default@PackageHap input file:G:\HarmonyOsProjects\news_app-3a12a9aaec8f982bbbef9569988265dcb99f73e0\products\default\build\default\intermediates\res\default\resources.index cache by regenerate.
[2025-10-21T21:07:16.446] [DEBUG] debug-file - Update task default:default@PackageHap input file:G:\HarmonyOsProjects\news_app-3a12a9aaec8f982bbbef9569988265dcb99f73e0\products\default\build\default\outputs\default\pack.info cache by regenerate.
[2025-10-21T21:07:16.446] [DEBUG] debug-file - Update task default:default@PackageHap input file:G:\HarmonyOsProjects\news_app-3a12a9aaec8f982bbbef9569988265dcb99f73e0\products\default\build\default\intermediates\loader_out\default\ets cache from map.
[2025-10-21T21:07:16.446] [DEBUG] debug-file - Update task default:default@PackageHap input file:G:\HarmonyOsProjects\news_app-3a12a9aaec8f982bbbef9569988265dcb99f73e0\products\default\build\default\intermediates\loader_out\default\ets\sourceMaps.map cache by regenerate.
[2025-10-21T21:07:16.446] [DEBUG] debug-file - Update task default:default@PackageHap input file:G:\HarmonyOsProjects\news_app-3a12a9aaec8f982bbbef9569988265dcb99f73e0\products\default\build\default\generated\profile\default\BuildProfile.ets cache by regenerate.
[2025-10-21T21:07:16.447] [DEBUG] debug-file - Update task default:default@PackageHap output file:G:\HarmonyOsProjects\news_app-3a12a9aaec8f982bbbef9569988265dcb99f73e0\products\default\build\default\outputs\default\default-default-unsigned.hap cache.
[2025-10-21T21:07:16.447] [DEBUG] debug-file - Update task default:default@PackageHap output file:G:\HarmonyOsProjects\news_app-3a12a9aaec8f982bbbef9569988265dcb99f73e0\products\default\build\default\intermediates\source_map\default\sourceMaps.map cache.
[2025-10-21T21:07:16.447] [DEBUG] debug-file - Update task default:default@PackageHap output file:G:\HarmonyOsProjects\news_app-3a12a9aaec8f982bbbef9569988265dcb99f73e0\products\default\build\default\outputs\default\mapping\sourceMaps.map cache.
[2025-10-21T21:07:16.447] [DEBUG] debug-file - Incremental task default:default@PackageHap post-execution cost:6 ms .
[2025-10-21T21:07:16.447] [DEBUG] debug-file - Update task default:default@SignHap input file:G:\HarmonyOsProjects\news_app-3a12a9aaec8f982bbbef9569988265dcb99f73e0\products\default\build\default\outputs\default\default-default-unsigned.hap cache from map.
[2025-10-21T21:07:16.447] [DEBUG] debug-file - Update task default:default@SignHap output file:G:\HarmonyOsProjects\news_app-3a12a9aaec8f982bbbef9569988265dcb99f73e0\products\default\build\default\outputs\default\default-default-signed.hap cache.
[2025-10-21T21:07:16.447] [DEBUG] debug-file - Incremental task default:default@SignHap post-execution cost:1 ms .
[2025-10-21T21:07:16.448] [DEBUG] debug-file - Update task default:default@CollectDebugSymbol input file:G:\HarmonyOsProjects\news_app-3a12a9aaec8f982bbbef9569988265dcb99f73e0\products\default\build\default\intermediates\loader_out\default\ets\sourceMaps.map cache by regenerate.
[2025-10-21T21:07:16.448] [DEBUG] debug-file - Update task default:default@CollectDebugSymbol input file:G:\HarmonyOsProjects\news_app-3a12a9aaec8f982bbbef9569988265dcb99f73e0\products\default\build\default\intermediates\libs\default cache by regenerate.
[2025-10-21T21:07:16.449] [DEBUG] debug-file - Update task default:default@CollectDebugSymbol output file:G:\HarmonyOsProjects\news_app-3a12a9aaec8f982bbbef9569988265dcb99f73e0\products\default\build\default\outputs\default\symbol cache.
[2025-10-21T21:07:16.449] [DEBUG] debug-file - Incremental task default:default@CollectDebugSymbol post-execution cost:2 ms .
[2025-10-21T21:07:16.494] [DEBUG] debug-file - Cleanup worker 14.
[2025-10-21T21:07:16.495] [DEBUG] debug-file - Worker 14 has been cleaned up.
[2025-10-21T21:07:16.495] [DEBUG] debug-file - Current idle worker size: 1.
[2025-10-21T21:07:16.495] [DEBUG] debug-file - Current resident worker size: 2.
[2025-10-21T21:07:16.497] [DEBUG] debug-file - session manager: send message to worker process.
[2025-10-21T21:07:16.498] [DEBUG] debug-file - session manager: send message to worker process.
[2025-10-21T21:07:16.497] [DEBUG] debug-file - hvigor build process will be closed.
[2025-10-21T21:07:16.497] [DEBUG] debug-file - java daemon socket close code:1000 reason:close by user
[2025-10-21T21:07:16.498] [DEBUG] debug-file - watch worker: worker id should be larger than 0. Nothing will be sent to any worker thread.
[2025-10-21T21:07:16.498] [DEBUG] debug-file - watch worker: worker id should be larger than 0. Nothing will be sent to any worker thread.
[2025-10-21T21:07:16.510] [DEBUG] debug-file - worker[14] exits with exit code 1.
[2025-10-21T21:10:10.230] [DEBUG] debug-file - session manager: set active socket. socketId=23rnm2N6c9DUuEdbAAAP
[2025-10-21T21:10:10.253] [DEBUG] debug-file - watch worker: worker id should be larger than 0. Nothing will be sent to any worker thread.
[2025-10-21T21:10:10.280] [DEBUG] debug-file - Hvigor init with startParameters:{
  hvigorfileTypeCheck: false,
  parallelExecution: true,
  incrementalExecution: true,
  printStackTrace: false,
  daemon: true,
  analyze: 0,
  logLevel: Level { level: 20000, levelStr: 'INFO', colour: 'green' }
}
[2025-10-21T21:10:10.297] [DEBUG] debug-file - Cache service initialization finished in 18 ms 
[2025-10-21T21:10:10.308] [DEBUG] debug-file - hvigorfile, resolving G:\HarmonyOsProjects\news_app-3a12a9aaec8f982bbbef9569988265dcb99f73e0\hvigorfile.ts
[2025-10-21T21:10:10.316] [DEBUG] debug-file - hvigorfile, require result:  { default: { plugins: [] } }
[2025-10-21T21:10:10.317] [DEBUG] debug-file - hvigorfile, binding system plugins null
[2025-10-21T21:10:10.334] [DEBUG] debug-file - Start initialize project's product build option map with build mode debug.
[2025-10-21T21:10:10.334] [DEBUG] debug-file - Picking option from product 'default' with build mode 'debug'.
[2025-10-21T21:10:10.334] [DEBUG] debug-file - Product 'default' build option: {}
[2025-10-21T21:10:10.334] [DEBUG] debug-file - End initialize project's product build option map with build mode 'debug'.
[2025-10-21T21:10:10.335] [DEBUG] debug-file - Product 'default' using build option: {
  "debuggable": true
} in this build.
[2025-10-21T21:10:10.336] [DEBUG] debug-file - not found resModel json file in : G:\HarmonyOsProjects\news_app-3a12a9aaec8f982bbbef9569988265dcb99f73e0\products\default\src\ohosTest\module.json5
[2025-10-21T21:10:10.338] [DEBUG] debug-file - not found resModel json file in : G:\HarmonyOsProjects\news_app-3a12a9aaec8f982bbbef9569988265dcb99f73e0\features\news\src\ohosTest\module.json5
[2025-10-21T21:10:10.339] [DEBUG] debug-file - not found resModel json file in : G:\HarmonyOsProjects\news_app-3a12a9aaec8f982bbbef9569988265dcb99f73e0\features\video\src\ohosTest\module.json5
[2025-10-21T21:10:10.340] [DEBUG] debug-file - not found resModel json file in : G:\HarmonyOsProjects\news_app-3a12a9aaec8f982bbbef9569988265dcb99f73e0\features\quickstart\src\ohosTest\module.json5
[2025-10-21T21:10:10.347] [DEBUG] debug-file - No signingConfig found, initRemoteHspCache failed.
[2025-10-21T21:10:10.353] [DEBUG] debug-file - Start recording SDK configuration permission data.
[2025-10-21T21:10:10.371] [DEBUG] debug-file - Sdk init in 23 ms 
[2025-10-21T21:10:10.388] [DEBUG] debug-file - Project task initialization takes 17 ms 
[2025-10-21T21:10:10.388] [DEBUG] debug-file - hvigorfile, binding custom plugins []
[2025-10-21T21:10:10.388] [DEBUG] debug-file - hvigorfile, no custom plugins were found in G:\HarmonyOsProjects\news_app-3a12a9aaec8f982bbbef9569988265dcb99f73e0\hvigorfile.ts
[2025-10-21T21:10:10.388] [DEBUG] debug-file - hvigorfile, resolve finished G:\HarmonyOsProjects\news_app-3a12a9aaec8f982bbbef9569988265dcb99f73e0\hvigorfile.ts
[2025-10-21T21:10:10.392] [DEBUG] debug-file - hvigorfile, resolving G:\HarmonyOsProjects\news_app-3a12a9aaec8f982bbbef9569988265dcb99f73e0\products\default\hvigorfile.ts
[2025-10-21T21:10:10.394] [DEBUG] debug-file - hvigorfile, require result:  { default: { plugins: [] } }
[2025-10-21T21:10:10.394] [DEBUG] debug-file - hvigorfile, binding system plugins null
[2025-10-21T21:10:10.402] [DEBUG] debug-file - Start initialize module-target build option map, moduleName=default, buildMode=debug
[2025-10-21T21:10:10.402] [DEBUG] debug-file - Target 'default' config: {}
[2025-10-21T21:10:10.402] [DEBUG] debug-file - Target 'ohosTest' config: {}
[2025-10-21T21:10:10.402] [DEBUG] debug-file - Module 'default' target 'default' build option: {
  "debuggable": true,
  "copyFrom": "default",
  "name": "debug"
}
[2025-10-21T21:10:10.402] [DEBUG] debug-file - Module 'default' target 'ohosTest' build option: {
  "debuggable": true,
  "name": "default"
}
[2025-10-21T21:10:10.402] [DEBUG] debug-file - End initialize module-target build option map, moduleName=default
[2025-10-21T21:10:10.402] [DEBUG] debug-file - Start initialize module-target build option map, moduleName=default, buildMode=release
[2025-10-21T21:10:10.402] [DEBUG] debug-file - Target 'default' config: {}
[2025-10-21T21:10:10.402] [DEBUG] debug-file - Target 'ohosTest' config: {}
[2025-10-21T21:10:10.402] [DEBUG] debug-file - Module 'default' target 'default' build option: {
  "debuggable": false,
  "copyFrom": "default",
  "name": "release",
  "arkOptions": {
    "obfuscation": {
      "ruleOptions": {
        "enable": true,
        "files": [
          "./obfuscation-rules.txt"
        ]
      }
    }
  }
}
[2025-10-21T21:10:10.402] [DEBUG] debug-file - Module 'default' target 'ohosTest' build option: {
  "debuggable": true,
  "name": "default"
}
[2025-10-21T21:10:10.402] [DEBUG] debug-file - End initialize module-target build option map, moduleName=default
[2025-10-21T21:10:10.402] [DEBUG] debug-file - Start initialize module-target build option map, moduleName=default, buildMode=debug
[2025-10-21T21:10:10.402] [DEBUG] debug-file - Target 'default' config: {}
[2025-10-21T21:10:10.402] [DEBUG] debug-file - Target 'ohosTest' config: {}
[2025-10-21T21:10:10.402] [DEBUG] debug-file - Module 'default' target 'default' build option: {
  "debuggable": true,
  "copyFrom": "default",
  "name": "debug"
}
[2025-10-21T21:10:10.403] [DEBUG] debug-file - Module 'default' target 'ohosTest' build option: {
  "debuggable": true,
  "name": "default"
}
[2025-10-21T21:10:10.403] [DEBUG] debug-file - End initialize module-target build option map, moduleName=default
[2025-10-21T21:10:10.403] [DEBUG] debug-file - Module 'default' target 'default' using build option: {
  "debuggable": true,
  "copyFrom": "default",
  "name": "debug"
} in this build.
[2025-10-21T21:10:10.407] [DEBUG] debug-file - Module default task initialization takes 2 ms 
[2025-10-21T21:10:10.407] [DEBUG] debug-file - hvigorfile, binding custom plugins []
[2025-10-21T21:10:10.407] [DEBUG] debug-file - hvigorfile, no custom plugins were found in G:\HarmonyOsProjects\news_app-3a12a9aaec8f982bbbef9569988265dcb99f73e0\products\default\hvigorfile.ts
[2025-10-21T21:10:10.407] [DEBUG] debug-file - hvigorfile, resolve finished G:\HarmonyOsProjects\news_app-3a12a9aaec8f982bbbef9569988265dcb99f73e0\products\default\hvigorfile.ts
[2025-10-21T21:10:10.411] [DEBUG] debug-file - hvigorfile, resolving G:\HarmonyOsProjects\news_app-3a12a9aaec8f982bbbef9569988265dcb99f73e0\features\news\hvigorfile.ts
[2025-10-21T21:10:10.413] [DEBUG] debug-file - hvigorfile, require result:  { default: { plugins: [] } }
[2025-10-21T21:10:10.413] [DEBUG] debug-file - hvigorfile, binding system plugins null
[2025-10-21T21:10:10.421] [DEBUG] debug-file - Start initialize module-target build option map, moduleName=news, buildMode=debug
[2025-10-21T21:10:10.421] [DEBUG] debug-file - Target 'default' config: {}
[2025-10-21T21:10:10.421] [DEBUG] debug-file - Target 'ohosTest' config: {}
[2025-10-21T21:10:10.421] [DEBUG] debug-file - Module 'news' target 'default' build option: {
  "debuggable": true,
  "copyFrom": "default",
  "name": "debug"
}
[2025-10-21T21:10:10.421] [DEBUG] debug-file - Module 'news' target 'ohosTest' build option: {
  "debuggable": true,
  "name": "default"
}
[2025-10-21T21:10:10.421] [DEBUG] debug-file - End initialize module-target build option map, moduleName=news
[2025-10-21T21:10:10.421] [DEBUG] debug-file - Start initialize module-target build option map, moduleName=news, buildMode=release
[2025-10-21T21:10:10.421] [DEBUG] debug-file - Target 'default' config: {}
[2025-10-21T21:10:10.422] [DEBUG] debug-file - Target 'ohosTest' config: {}
[2025-10-21T21:10:10.422] [DEBUG] debug-file - Module 'news' target 'default' build option: {
  "debuggable": false,
  "copyFrom": "default",
  "name": "release",
  "arkOptions": {
    "obfuscation": {
      "ruleOptions": {
        "enable": true,
        "files": [
          "./obfuscation-rules.txt"
        ]
      },
      "consumerFiles": [
        "./consumer-rules.txt"
      ]
    }
  }
}
[2025-10-21T21:10:10.422] [DEBUG] debug-file - Module 'news' target 'ohosTest' build option: {
  "debuggable": true,
  "name": "default"
}
[2025-10-21T21:10:10.422] [DEBUG] debug-file - End initialize module-target build option map, moduleName=news
[2025-10-21T21:10:10.422] [DEBUG] debug-file - Start initialize module-target build option map, moduleName=news, buildMode=debug
[2025-10-21T21:10:10.422] [DEBUG] debug-file - Target 'default' config: {}
[2025-10-21T21:10:10.422] [DEBUG] debug-file - Target 'ohosTest' config: {}
[2025-10-21T21:10:10.422] [DEBUG] debug-file - Module 'news' target 'default' build option: {
  "debuggable": true,
  "copyFrom": "default",
  "name": "debug"
}
[2025-10-21T21:10:10.422] [DEBUG] debug-file - Module 'news' target 'ohosTest' build option: {
  "debuggable": true,
  "name": "default"
}
[2025-10-21T21:10:10.422] [DEBUG] debug-file - End initialize module-target build option map, moduleName=news
[2025-10-21T21:10:10.422] [DEBUG] debug-file - Module 'news' target 'default' using build option: {
  "debuggable": true,
  "copyFrom": "default",
  "name": "debug"
} in this build.
[2025-10-21T21:10:10.424] [DEBUG] debug-file - Module news task initialization takes 1 ms 
[2025-10-21T21:10:10.424] [DEBUG] debug-file - hvigorfile, binding custom plugins []
[2025-10-21T21:10:10.424] [DEBUG] debug-file - hvigorfile, no custom plugins were found in G:\HarmonyOsProjects\news_app-3a12a9aaec8f982bbbef9569988265dcb99f73e0\features\news\hvigorfile.ts
[2025-10-21T21:10:10.425] [DEBUG] debug-file - hvigorfile, resolve finished G:\HarmonyOsProjects\news_app-3a12a9aaec8f982bbbef9569988265dcb99f73e0\features\news\hvigorfile.ts
[2025-10-21T21:10:10.428] [DEBUG] debug-file - hvigorfile, resolving G:\HarmonyOsProjects\news_app-3a12a9aaec8f982bbbef9569988265dcb99f73e0\features\video\hvigorfile.ts
[2025-10-21T21:10:10.430] [DEBUG] debug-file - hvigorfile, require result:  { default: { plugins: [] } }
[2025-10-21T21:10:10.430] [DEBUG] debug-file - hvigorfile, binding system plugins null
[2025-10-21T21:10:10.434] [DEBUG] debug-file - Start initialize module-target build option map, moduleName=video, buildMode=debug
[2025-10-21T21:10:10.434] [DEBUG] debug-file - Target 'default' config: {}
[2025-10-21T21:10:10.434] [DEBUG] debug-file - Target 'ohosTest' config: {}
[2025-10-21T21:10:10.434] [DEBUG] debug-file - Module 'video' target 'default' build option: {
  "debuggable": true,
  "copyFrom": "default",
  "name": "debug"
}
[2025-10-21T21:10:10.434] [DEBUG] debug-file - Module 'video' target 'ohosTest' build option: {
  "debuggable": true,
  "name": "default"
}
[2025-10-21T21:10:10.434] [DEBUG] debug-file - End initialize module-target build option map, moduleName=video
[2025-10-21T21:10:10.434] [DEBUG] debug-file - Start initialize module-target build option map, moduleName=video, buildMode=release
[2025-10-21T21:10:10.434] [DEBUG] debug-file - Target 'default' config: {}
[2025-10-21T21:10:10.434] [DEBUG] debug-file - Target 'ohosTest' config: {}
[2025-10-21T21:10:10.434] [DEBUG] debug-file - Module 'video' target 'default' build option: {
  "debuggable": false,
  "copyFrom": "default",
  "name": "release",
  "arkOptions": {
    "obfuscation": {
      "ruleOptions": {
        "enable": true,
        "files": [
          "./obfuscation-rules.txt"
        ]
      },
      "consumerFiles": [
        "./consumer-rules.txt"
      ]
    }
  }
}
[2025-10-21T21:10:10.434] [DEBUG] debug-file - Module 'video' target 'ohosTest' build option: {
  "debuggable": true,
  "name": "default"
}
[2025-10-21T21:10:10.435] [DEBUG] debug-file - End initialize module-target build option map, moduleName=video
[2025-10-21T21:10:10.435] [DEBUG] debug-file - Start initialize module-target build option map, moduleName=video, buildMode=debug
[2025-10-21T21:10:10.435] [DEBUG] debug-file - Target 'default' config: {}
[2025-10-21T21:10:10.435] [DEBUG] debug-file - Target 'ohosTest' config: {}
[2025-10-21T21:10:10.435] [DEBUG] debug-file - Module 'video' target 'default' build option: {
  "debuggable": true,
  "copyFrom": "default",
  "name": "debug"
}
[2025-10-21T21:10:10.435] [DEBUG] debug-file - Module 'video' target 'ohosTest' build option: {
  "debuggable": true,
  "name": "default"
}
[2025-10-21T21:10:10.435] [DEBUG] debug-file - End initialize module-target build option map, moduleName=video
[2025-10-21T21:10:10.435] [DEBUG] debug-file - Module 'video' target 'default' using build option: {
  "debuggable": true,
  "copyFrom": "default",
  "name": "debug"
} in this build.
[2025-10-21T21:10:10.437] [DEBUG] debug-file - Module video task initialization takes 1 ms 
[2025-10-21T21:10:10.437] [DEBUG] debug-file - hvigorfile, binding custom plugins []
[2025-10-21T21:10:10.437] [DEBUG] debug-file - hvigorfile, no custom plugins were found in G:\HarmonyOsProjects\news_app-3a12a9aaec8f982bbbef9569988265dcb99f73e0\features\video\hvigorfile.ts
[2025-10-21T21:10:10.437] [DEBUG] debug-file - hvigorfile, resolve finished G:\HarmonyOsProjects\news_app-3a12a9aaec8f982bbbef9569988265dcb99f73e0\features\video\hvigorfile.ts
[2025-10-21T21:10:10.444] [DEBUG] debug-file - hvigorfile, resolving G:\HarmonyOsProjects\news_app-3a12a9aaec8f982bbbef9569988265dcb99f73e0\features\quickstart\hvigorfile.ts
[2025-10-21T21:10:10.446] [DEBUG] debug-file - hvigorfile, require result:  { default: { plugins: [] } }
[2025-10-21T21:10:10.446] [DEBUG] debug-file - hvigorfile, binding system plugins null
[2025-10-21T21:10:10.451] [DEBUG] debug-file - Start initialize module-target build option map, moduleName=quickstart, buildMode=debug
[2025-10-21T21:10:10.451] [DEBUG] debug-file - Target 'default' config: {}
[2025-10-21T21:10:10.451] [DEBUG] debug-file - Target 'ohosTest' config: {}
[2025-10-21T21:10:10.452] [DEBUG] debug-file - Module 'quickstart' target 'default' build option: {
  "debuggable": true,
  "copyFrom": "default",
  "name": "debug"
}
[2025-10-21T21:10:10.452] [DEBUG] debug-file - Module 'quickstart' target 'ohosTest' build option: {
  "debuggable": true,
  "name": "default"
}
[2025-10-21T21:10:10.452] [DEBUG] debug-file - End initialize module-target build option map, moduleName=quickstart
[2025-10-21T21:10:10.452] [DEBUG] debug-file - Start initialize module-target build option map, moduleName=quickstart, buildMode=release
[2025-10-21T21:10:10.452] [DEBUG] debug-file - Target 'default' config: {}
[2025-10-21T21:10:10.452] [DEBUG] debug-file - Target 'ohosTest' config: {}
[2025-10-21T21:10:10.452] [DEBUG] debug-file - Module 'quickstart' target 'default' build option: {
  "debuggable": false,
  "copyFrom": "default",
  "name": "release",
  "arkOptions": {
    "obfuscation": {
      "ruleOptions": {
        "enable": true,
        "files": [
          "./obfuscation-rules.txt"
        ]
      },
      "consumerFiles": [
        "./consumer-rules.txt"
      ]
    }
  }
}
[2025-10-21T21:10:10.452] [DEBUG] debug-file - Module 'quickstart' target 'ohosTest' build option: {
  "debuggable": true,
  "name": "default"
}
[2025-10-21T21:10:10.452] [DEBUG] debug-file - End initialize module-target build option map, moduleName=quickstart
[2025-10-21T21:10:10.452] [DEBUG] debug-file - Start initialize module-target build option map, moduleName=quickstart, buildMode=debug
[2025-10-21T21:10:10.452] [DEBUG] debug-file - Target 'default' config: {}
[2025-10-21T21:10:10.452] [DEBUG] debug-file - Target 'ohosTest' config: {}
[2025-10-21T21:10:10.452] [DEBUG] debug-file - Module 'quickstart' target 'default' build option: {
  "debuggable": true,
  "copyFrom": "default",
  "name": "debug"
}
[2025-10-21T21:10:10.452] [DEBUG] debug-file - Module 'quickstart' target 'ohosTest' build option: {
  "debuggable": true,
  "name": "default"
}
[2025-10-21T21:10:10.452] [DEBUG] debug-file - End initialize module-target build option map, moduleName=quickstart
[2025-10-21T21:10:10.452] [DEBUG] debug-file - Module 'quickstart' target 'default' using build option: {
  "debuggable": true,
  "copyFrom": "default",
  "name": "debug"
} in this build.
[2025-10-21T21:10:10.455] [DEBUG] debug-file - Module quickstart task initialization takes 1 ms 
[2025-10-21T21:10:10.455] [DEBUG] debug-file - hvigorfile, binding custom plugins []
[2025-10-21T21:10:10.455] [DEBUG] debug-file - hvigorfile, no custom plugins were found in G:\HarmonyOsProjects\news_app-3a12a9aaec8f982bbbef9569988265dcb99f73e0\features\quickstart\hvigorfile.ts
[2025-10-21T21:10:10.455] [DEBUG] debug-file - hvigorfile, resolve finished G:\HarmonyOsProjects\news_app-3a12a9aaec8f982bbbef9569988265dcb99f73e0\features\quickstart\hvigorfile.ts
[2025-10-21T21:10:10.459] [DEBUG] debug-file - hvigorfile, resolving G:\HarmonyOsProjects\news_app-3a12a9aaec8f982bbbef9569988265dcb99f73e0\commons\utils\hvigorfile.ts
[2025-10-21T21:10:10.461] [DEBUG] debug-file - hvigorfile, require result:  { default: { plugins: [] } }
[2025-10-21T21:10:10.462] [DEBUG] debug-file - hvigorfile, binding system plugins null
[2025-10-21T21:10:10.466] [DEBUG] debug-file - Start initialize module-target build option map, moduleName=utils, buildMode=debug
[2025-10-21T21:10:10.466] [DEBUG] debug-file - Target 'default' config: {}
[2025-10-21T21:10:10.466] [DEBUG] debug-file - Target 'ohosTest' config: {}
[2025-10-21T21:10:10.466] [DEBUG] debug-file - Module 'utils' target 'default' build option: {
  "debuggable": true,
  "copyFrom": "default",
  "name": "debug"
}
[2025-10-21T21:10:10.466] [DEBUG] debug-file - Module 'utils' target 'ohosTest' build option: {
  "debuggable": true,
  "name": "default"
}
[2025-10-21T21:10:10.466] [DEBUG] debug-file - End initialize module-target build option map, moduleName=utils
[2025-10-21T21:10:10.466] [DEBUG] debug-file - Start initialize module-target build option map, moduleName=utils, buildMode=release
[2025-10-21T21:10:10.466] [DEBUG] debug-file - Target 'default' config: {}
[2025-10-21T21:10:10.467] [DEBUG] debug-file - Target 'ohosTest' config: {}
[2025-10-21T21:10:10.467] [DEBUG] debug-file - Module 'utils' target 'default' build option: {
  "debuggable": false,
  "copyFrom": "default",
  "name": "release",
  "arkOptions": {
    "obfuscation": {
      "ruleOptions": {
        "enable": false,
        "files": [
          "./obfuscation-rules.txt"
        ]
      },
      "consumerFiles": [
        "./consumer-rules.txt"
      ]
    }
  }
}
[2025-10-21T21:10:10.467] [DEBUG] debug-file - Module 'utils' target 'ohosTest' build option: {
  "debuggable": true,
  "name": "default"
}
[2025-10-21T21:10:10.467] [DEBUG] debug-file - End initialize module-target build option map, moduleName=utils
[2025-10-21T21:10:10.467] [DEBUG] debug-file - Start initialize module-target build option map, moduleName=utils, buildMode=debug
[2025-10-21T21:10:10.467] [DEBUG] debug-file - Target 'default' config: {}
[2025-10-21T21:10:10.467] [DEBUG] debug-file - Target 'ohosTest' config: {}
[2025-10-21T21:10:10.467] [DEBUG] debug-file - Module 'utils' target 'default' build option: {
  "debuggable": true,
  "copyFrom": "default",
  "name": "debug"
}
[2025-10-21T21:10:10.467] [DEBUG] debug-file - Module 'utils' target 'ohosTest' build option: {
  "debuggable": true,
  "name": "default"
}
[2025-10-21T21:10:10.467] [DEBUG] debug-file - End initialize module-target build option map, moduleName=utils
[2025-10-21T21:10:10.467] [DEBUG] debug-file - Module 'utils' target 'default' using build option: {
  "debuggable": true,
  "copyFrom": "default",
  "name": "debug"
} in this build.
[2025-10-21T21:10:10.468] [DEBUG] debug-file - Module utils task initialization takes 1 ms 
[2025-10-21T21:10:10.468] [DEBUG] debug-file - hvigorfile, binding custom plugins []
[2025-10-21T21:10:10.468] [DEBUG] debug-file - hvigorfile, no custom plugins were found in G:\HarmonyOsProjects\news_app-3a12a9aaec8f982bbbef9569988265dcb99f73e0\commons\utils\hvigorfile.ts
[2025-10-21T21:10:10.468] [DEBUG] debug-file - hvigorfile, resolve finished G:\HarmonyOsProjects\news_app-3a12a9aaec8f982bbbef9569988265dcb99f73e0\commons\utils\hvigorfile.ts
[2025-10-21T21:10:10.472] [DEBUG] debug-file - hvigorfile, resolving G:\HarmonyOsProjects\news_app-3a12a9aaec8f982bbbef9569988265dcb99f73e0\commons\uicomponents\hvigorfile.ts
[2025-10-21T21:10:10.474] [DEBUG] debug-file - hvigorfile, require result:  { default: { plugins: [] } }
[2025-10-21T21:10:10.474] [DEBUG] debug-file - hvigorfile, binding system plugins null
[2025-10-21T21:10:10.478] [DEBUG] debug-file - Start initialize module-target build option map, moduleName=uicomponents, buildMode=debug
[2025-10-21T21:10:10.478] [DEBUG] debug-file - Target 'default' config: {}
[2025-10-21T21:10:10.478] [DEBUG] debug-file - Target 'ohosTest' config: {}
[2025-10-21T21:10:10.478] [DEBUG] debug-file - Module 'uicomponents' target 'default' build option: {
  "debuggable": true,
  "copyFrom": "default",
  "name": "debug"
}
[2025-10-21T21:10:10.478] [DEBUG] debug-file - Module 'uicomponents' target 'ohosTest' build option: {
  "debuggable": true,
  "name": "default"
}
[2025-10-21T21:10:10.478] [DEBUG] debug-file - End initialize module-target build option map, moduleName=uicomponents
[2025-10-21T21:10:10.478] [DEBUG] debug-file - Start initialize module-target build option map, moduleName=uicomponents, buildMode=release
[2025-10-21T21:10:10.478] [DEBUG] debug-file - Target 'default' config: {}
[2025-10-21T21:10:10.478] [DEBUG] debug-file - Target 'ohosTest' config: {}
[2025-10-21T21:10:10.478] [DEBUG] debug-file - Module 'uicomponents' target 'default' build option: {
  "debuggable": false,
  "copyFrom": "default",
  "name": "release",
  "arkOptions": {
    "obfuscation": {
      "ruleOptions": {
        "enable": false,
        "files": [
          "./obfuscation-rules.txt"
        ]
      },
      "consumerFiles": [
        "./consumer-rules.txt"
      ]
    }
  }
}
[2025-10-21T21:10:10.478] [DEBUG] debug-file - Module 'uicomponents' target 'ohosTest' build option: {
  "debuggable": true,
  "name": "default"
}
[2025-10-21T21:10:10.478] [DEBUG] debug-file - End initialize module-target build option map, moduleName=uicomponents
[2025-10-21T21:10:10.478] [DEBUG] debug-file - Start initialize module-target build option map, moduleName=uicomponents, buildMode=debug
[2025-10-21T21:10:10.478] [DEBUG] debug-file - Target 'default' config: {}
[2025-10-21T21:10:10.478] [DEBUG] debug-file - Target 'ohosTest' config: {}
[2025-10-21T21:10:10.478] [DEBUG] debug-file - Module 'uicomponents' target 'default' build option: {
  "debuggable": true,
  "copyFrom": "default",
  "name": "debug"
}
[2025-10-21T21:10:10.478] [DEBUG] debug-file - Module 'uicomponents' target 'ohosTest' build option: {
  "debuggable": true,
  "name": "default"
}
[2025-10-21T21:10:10.478] [DEBUG] debug-file - End initialize module-target build option map, moduleName=uicomponents
[2025-10-21T21:10:10.478] [DEBUG] debug-file - Module 'uicomponents' target 'default' using build option: {
  "debuggable": true,
  "copyFrom": "default",
  "name": "debug"
} in this build.
[2025-10-21T21:10:10.480] [DEBUG] debug-file - Module uicomponents task initialization takes 1 ms 
[2025-10-21T21:10:10.481] [DEBUG] debug-file - hvigorfile, binding custom plugins []
[2025-10-21T21:10:10.481] [DEBUG] debug-file - hvigorfile, no custom plugins were found in G:\HarmonyOsProjects\news_app-3a12a9aaec8f982bbbef9569988265dcb99f73e0\commons\uicomponents\hvigorfile.ts
[2025-10-21T21:10:10.481] [DEBUG] debug-file - hvigorfile, resolve finished G:\HarmonyOsProjects\news_app-3a12a9aaec8f982bbbef9569988265dcb99f73e0\commons\uicomponents\hvigorfile.ts
[2025-10-21T21:10:10.485] [DEBUG] debug-file - hvigorfile, resolving G:\HarmonyOsProjects\news_app-3a12a9aaec8f982bbbef9569988265dcb99f73e0\features\mine\hvigorfile.ts
[2025-10-21T21:10:10.487] [DEBUG] debug-file - hvigorfile, require result:  { default: { plugins: [] } }
[2025-10-21T21:10:10.487] [DEBUG] debug-file - hvigorfile, binding system plugins null
[2025-10-21T21:10:10.490] [DEBUG] debug-file - Start initialize module-target build option map, moduleName=mine, buildMode=debug
[2025-10-21T21:10:10.490] [DEBUG] debug-file - Target 'default' config: {}
[2025-10-21T21:10:10.491] [DEBUG] debug-file - Target 'ohosTest' config: {}
[2025-10-21T21:10:10.491] [DEBUG] debug-file - Module 'mine' target 'default' build option: {
  "debuggable": true,
  "copyFrom": "default",
  "name": "debug"
}
[2025-10-21T21:10:10.491] [DEBUG] debug-file - Module 'mine' target 'ohosTest' build option: {
  "debuggable": true,
  "name": "default"
}
[2025-10-21T21:10:10.491] [DEBUG] debug-file - End initialize module-target build option map, moduleName=mine
[2025-10-21T21:10:10.491] [DEBUG] debug-file - Start initialize module-target build option map, moduleName=mine, buildMode=release
[2025-10-21T21:10:10.491] [DEBUG] debug-file - Target 'default' config: {}
[2025-10-21T21:10:10.491] [DEBUG] debug-file - Target 'ohosTest' config: {}
[2025-10-21T21:10:10.491] [DEBUG] debug-file - Module 'mine' target 'default' build option: {
  "debuggable": false,
  "copyFrom": "default",
  "name": "release",
  "arkOptions": {
    "obfuscation": {
      "ruleOptions": {
        "enable": false,
        "files": [
          "./obfuscation-rules.txt"
        ]
      },
      "consumerFiles": [
        "./consumer-rules.txt"
      ]
    }
  }
}
[2025-10-21T21:10:10.491] [DEBUG] debug-file - Module 'mine' target 'ohosTest' build option: {
  "debuggable": true,
  "name": "default"
}
[2025-10-21T21:10:10.491] [DEBUG] debug-file - End initialize module-target build option map, moduleName=mine
[2025-10-21T21:10:10.491] [DEBUG] debug-file - Start initialize module-target build option map, moduleName=mine, buildMode=debug
[2025-10-21T21:10:10.491] [DEBUG] debug-file - Target 'default' config: {}
[2025-10-21T21:10:10.491] [DEBUG] debug-file - Target 'ohosTest' config: {}
[2025-10-21T21:10:10.491] [DEBUG] debug-file - Module 'mine' target 'default' build option: {
  "debuggable": true,
  "copyFrom": "default",
  "name": "debug"
}
[2025-10-21T21:10:10.491] [DEBUG] debug-file - Module 'mine' target 'ohosTest' build option: {
  "debuggable": true,
  "name": "default"
}
[2025-10-21T21:10:10.491] [DEBUG] debug-file - End initialize module-target build option map, moduleName=mine
[2025-10-21T21:10:10.491] [DEBUG] debug-file - Module 'mine' target 'default' using build option: {
  "debuggable": true,
  "copyFrom": "default",
  "name": "debug"
} in this build.
[2025-10-21T21:10:10.492] [DEBUG] debug-file - Module mine task initialization takes 1 ms 
[2025-10-21T21:10:10.493] [DEBUG] debug-file - hvigorfile, binding custom plugins []
[2025-10-21T21:10:10.493] [DEBUG] debug-file - hvigorfile, no custom plugins were found in G:\HarmonyOsProjects\news_app-3a12a9aaec8f982bbbef9569988265dcb99f73e0\features\mine\hvigorfile.ts
[2025-10-21T21:10:10.493] [DEBUG] debug-file - hvigorfile, resolve finished G:\HarmonyOsProjects\news_app-3a12a9aaec8f982bbbef9569988265dcb99f73e0\features\mine\hvigorfile.ts
[2025-10-21T21:10:10.498] [DEBUG] debug-file - hvigorfile, resolving G:\HarmonyOsProjects\news_app-3a12a9aaec8f982bbbef9569988265dcb99f73e0\features\login\hvigorfile.ts
[2025-10-21T21:10:10.501] [DEBUG] debug-file - hvigorfile, require result:  { default: { plugins: [] } }
[2025-10-21T21:10:10.501] [DEBUG] debug-file - hvigorfile, binding system plugins null
[2025-10-21T21:10:10.504] [DEBUG] debug-file - Start initialize module-target build option map, moduleName=login, buildMode=debug
[2025-10-21T21:10:10.504] [DEBUG] debug-file - Target 'default' config: {}
[2025-10-21T21:10:10.504] [DEBUG] debug-file - Target 'ohosTest' config: {}
[2025-10-21T21:10:10.504] [DEBUG] debug-file - Module 'login' target 'default' build option: {
  "debuggable": true,
  "copyFrom": "default",
  "name": "debug"
}
[2025-10-21T21:10:10.504] [DEBUG] debug-file - Module 'login' target 'ohosTest' build option: {
  "debuggable": true,
  "name": "default"
}
[2025-10-21T21:10:10.504] [DEBUG] debug-file - End initialize module-target build option map, moduleName=login
[2025-10-21T21:10:10.504] [DEBUG] debug-file - Start initialize module-target build option map, moduleName=login, buildMode=release
[2025-10-21T21:10:10.504] [DEBUG] debug-file - Target 'default' config: {}
[2025-10-21T21:10:10.504] [DEBUG] debug-file - Target 'ohosTest' config: {}
[2025-10-21T21:10:10.504] [DEBUG] debug-file - Module 'login' target 'default' build option: {
  "debuggable": false,
  "copyFrom": "default",
  "name": "release",
  "arkOptions": {
    "obfuscation": {
      "ruleOptions": {
        "enable": false,
        "files": [
          "./obfuscation-rules.txt"
        ]
      },
      "consumerFiles": [
        "./consumer-rules.txt"
      ]
    }
  }
}
[2025-10-21T21:10:10.505] [DEBUG] debug-file - Module 'login' target 'ohosTest' build option: {
  "debuggable": true,
  "name": "default"
}
[2025-10-21T21:10:10.505] [DEBUG] debug-file - End initialize module-target build option map, moduleName=login
[2025-10-21T21:10:10.505] [DEBUG] debug-file - Start initialize module-target build option map, moduleName=login, buildMode=debug
[2025-10-21T21:10:10.505] [DEBUG] debug-file - Target 'default' config: {}
[2025-10-21T21:10:10.505] [DEBUG] debug-file - Target 'ohosTest' config: {}
[2025-10-21T21:10:10.505] [DEBUG] debug-file - Module 'login' target 'default' build option: {
  "debuggable": true,
  "copyFrom": "default",
  "name": "debug"
}
[2025-10-21T21:10:10.505] [DEBUG] debug-file - Module 'login' target 'ohosTest' build option: {
  "debuggable": true,
  "name": "default"
}
[2025-10-21T21:10:10.505] [DEBUG] debug-file - End initialize module-target build option map, moduleName=login
[2025-10-21T21:10:10.505] [DEBUG] debug-file - Module 'login' target 'default' using build option: {
  "debuggable": true,
  "copyFrom": "default",
  "name": "debug"
} in this build.
[2025-10-21T21:10:10.507] [DEBUG] debug-file - Module login task initialization takes 1 ms 
[2025-10-21T21:10:10.507] [DEBUG] debug-file - hvigorfile, binding custom plugins []
[2025-10-21T21:10:10.507] [DEBUG] debug-file - hvigorfile, no custom plugins were found in G:\HarmonyOsProjects\news_app-3a12a9aaec8f982bbbef9569988265dcb99f73e0\features\login\hvigorfile.ts
[2025-10-21T21:10:10.507] [DEBUG] debug-file - hvigorfile, resolve finished G:\HarmonyOsProjects\news_app-3a12a9aaec8f982bbbef9569988265dcb99f73e0\features\login\hvigorfile.ts
[2025-10-21T21:10:10.510] [DEBUG] debug-file - hvigorfile, resolving G:\HarmonyOsProjects\news_app-3a12a9aaec8f982bbbef9569988265dcb99f73e0\features\follows\hvigorfile.ts
[2025-10-21T21:10:10.512] [DEBUG] debug-file - hvigorfile, require result:  { default: { plugins: [] } }
[2025-10-21T21:10:10.513] [DEBUG] debug-file - hvigorfile, binding system plugins null
[2025-10-21T21:10:10.516] [DEBUG] debug-file - Start initialize module-target build option map, moduleName=follows, buildMode=debug
[2025-10-21T21:10:10.516] [DEBUG] debug-file - Target 'default' config: {}
[2025-10-21T21:10:10.516] [DEBUG] debug-file - Target 'ohosTest' config: {}
[2025-10-21T21:10:10.516] [DEBUG] debug-file - Module 'follows' target 'default' build option: {
  "debuggable": true,
  "copyFrom": "default",
  "name": "debug"
}
[2025-10-21T21:10:10.516] [DEBUG] debug-file - Module 'follows' target 'ohosTest' build option: {
  "debuggable": true,
  "name": "default"
}
[2025-10-21T21:10:10.516] [DEBUG] debug-file - End initialize module-target build option map, moduleName=follows
[2025-10-21T21:10:10.516] [DEBUG] debug-file - Start initialize module-target build option map, moduleName=follows, buildMode=release
[2025-10-21T21:10:10.516] [DEBUG] debug-file - Target 'default' config: {}
[2025-10-21T21:10:10.517] [DEBUG] debug-file - Target 'ohosTest' config: {}
[2025-10-21T21:10:10.517] [DEBUG] debug-file - Module 'follows' target 'default' build option: {
  "debuggable": false,
  "copyFrom": "default",
  "name": "release",
  "arkOptions": {
    "obfuscation": {
      "ruleOptions": {
        "enable": false,
        "files": [
          "./obfuscation-rules.txt"
        ]
      },
      "consumerFiles": [
        "./consumer-rules.txt"
      ]
    }
  }
}
[2025-10-21T21:10:10.517] [DEBUG] debug-file - Module 'follows' target 'ohosTest' build option: {
  "debuggable": true,
  "name": "default"
}
[2025-10-21T21:10:10.517] [DEBUG] debug-file - End initialize module-target build option map, moduleName=follows
[2025-10-21T21:10:10.517] [DEBUG] debug-file - Start initialize module-target build option map, moduleName=follows, buildMode=debug
[2025-10-21T21:10:10.517] [DEBUG] debug-file - Target 'default' config: {}
[2025-10-21T21:10:10.517] [DEBUG] debug-file - Target 'ohosTest' config: {}
[2025-10-21T21:10:10.517] [DEBUG] debug-file - Module 'follows' target 'default' build option: {
  "debuggable": true,
  "copyFrom": "default",
  "name": "debug"
}
[2025-10-21T21:10:10.517] [DEBUG] debug-file - Module 'follows' target 'ohosTest' build option: {
  "debuggable": true,
  "name": "default"
}
[2025-10-21T21:10:10.517] [DEBUG] debug-file - End initialize module-target build option map, moduleName=follows
[2025-10-21T21:10:10.517] [DEBUG] debug-file - Module 'follows' target 'default' using build option: {
  "debuggable": true,
  "copyFrom": "default",
  "name": "debug"
} in this build.
[2025-10-21T21:10:10.519] [DEBUG] debug-file - Module follows task initialization takes 1 ms 
[2025-10-21T21:10:10.519] [DEBUG] debug-file - hvigorfile, binding custom plugins []
[2025-10-21T21:10:10.519] [DEBUG] debug-file - hvigorfile, no custom plugins were found in G:\HarmonyOsProjects\news_app-3a12a9aaec8f982bbbef9569988265dcb99f73e0\features\follows\hvigorfile.ts
[2025-10-21T21:10:10.519] [DEBUG] debug-file - hvigorfile, resolve finished G:\HarmonyOsProjects\news_app-3a12a9aaec8f982bbbef9569988265dcb99f73e0\features\follows\hvigorfile.ts
[2025-10-21T21:10:10.538] [DEBUG] debug-file - hvigorfile, resolve hvigorfile dependencies in 18 ms 
[2025-10-21T21:10:10.538] [DEBUG] debug-file - project has submodules:default,news,video,quickstart,utils,uicomponents,mine,login,follows
[2025-10-21T21:10:10.539] [DEBUG] debug-file - module:news no need to execute packageHap
[2025-10-21T21:10:10.539] [DEBUG] debug-file - module:video no need to execute packageHap
[2025-10-21T21:10:10.539] [DEBUG] debug-file - module:quickstart no need to execute packageHap
[2025-10-21T21:10:10.539] [DEBUG] debug-file - module:utils no need to execute packageHap
[2025-10-21T21:10:10.539] [DEBUG] debug-file - module:uicomponents no need to execute packageHap
[2025-10-21T21:10:10.539] [DEBUG] debug-file - module:mine no need to execute packageHap
[2025-10-21T21:10:10.539] [DEBUG] debug-file - module:login no need to execute packageHap
[2025-10-21T21:10:10.539] [DEBUG] debug-file - module:follows no need to execute packageHap
[2025-10-21T21:10:10.540] [DEBUG] debug-file - start to load updatedOhPackageInfo to the disk
[2025-10-21T21:10:10.553] [DEBUG] debug-file - load to the disk finished
[2025-10-21T21:10:10.554] [DEBUG] debug-file - Start to initialize dependency information.
[2025-10-21T21:10:10.554] [DEBUG] debug-file - Module news_app-3a12a9aaec8f982bbbef9569988265dcb99f73e0 Collected Dependency: 
[2025-10-21T21:10:10.554] [DEBUG] debug-file - Module news_app-3a12a9aaec8f982bbbef9569988265dcb99f73e0's total dependency: 0
[2025-10-21T21:10:10.555] [DEBUG] debug-file - Start to initialize dependency information.
[2025-10-21T21:10:10.571] [DEBUG] debug-file - Module default Collected Dependency: G:\HarmonyOsProjects\news_app-3a12a9aaec8f982bbbef9569988265dcb99f73e0\features\video,G:\HarmonyOsProjects\news_app-3a12a9aaec8f982bbbef9569988265dcb99f73e0\features\news,G:\HarmonyOsProjects\news_app-3a12a9aaec8f982bbbef9569988265dcb99f73e0\features\quickstart,G:\HarmonyOsProjects\news_app-3a12a9aaec8f982bbbef9569988265dcb99f73e0\features\follows,G:\HarmonyOsProjects\news_app-3a12a9aaec8f982bbbef9569988265dcb99f73e0\features\mine,G:\HarmonyOsProjects\news_app-3a12a9aaec8f982bbbef9569988265dcb99f73e0\features\login,G:\HarmonyOsProjects\news_app-3a12a9aaec8f982bbbef9569988265dcb99f73e0\commons\uicomponents,G:\HarmonyOsProjects\news_app-3a12a9aaec8f982bbbef9569988265dcb99f73e0\commons\utils
[2025-10-21T21:10:10.571] [DEBUG] debug-file - Module default's total dependency: 8
[2025-10-21T21:10:10.574] [DEBUG] debug-file - Start to initialize dependency information.
[2025-10-21T21:10:10.575] [DEBUG] debug-file - Module news Collected Dependency: G:\HarmonyOsProjects\news_app-3a12a9aaec8f982bbbef9569988265dcb99f73e0\commons\utils,G:\HarmonyOsProjects\news_app-3a12a9aaec8f982bbbef9569988265dcb99f73e0\commons\uicomponents
[2025-10-21T21:10:10.576] [DEBUG] debug-file - Module news's total dependency: 2
[2025-10-21T21:10:10.577] [DEBUG] debug-file - Start to initialize dependency information.
[2025-10-21T21:10:10.578] [DEBUG] debug-file - Module video Collected Dependency: G:\HarmonyOsProjects\news_app-3a12a9aaec8f982bbbef9569988265dcb99f73e0\commons\utils,G:\HarmonyOsProjects\news_app-3a12a9aaec8f982bbbef9569988265dcb99f73e0\commons\uicomponents
[2025-10-21T21:10:10.578] [DEBUG] debug-file - Module video's total dependency: 2
[2025-10-21T21:10:10.581] [DEBUG] debug-file - Start to initialize dependency information.
[2025-10-21T21:10:10.582] [DEBUG] debug-file - Module quickstart Collected Dependency: G:\HarmonyOsProjects\news_app-3a12a9aaec8f982bbbef9569988265dcb99f73e0\commons\utils,G:\HarmonyOsProjects\news_app-3a12a9aaec8f982bbbef9569988265dcb99f73e0\commons\uicomponents
[2025-10-21T21:10:10.582] [DEBUG] debug-file - Module quickstart's total dependency: 2
[2025-10-21T21:10:10.584] [DEBUG] debug-file - Start to initialize dependency information.
[2025-10-21T21:10:10.585] [DEBUG] debug-file - Module utils Collected Dependency: 
[2025-10-21T21:10:10.585] [DEBUG] debug-file - Module utils's total dependency: 0
[2025-10-21T21:10:10.587] [DEBUG] debug-file - Start to initialize dependency information.
[2025-10-21T21:10:10.588] [DEBUG] debug-file - Module uicomponents Collected Dependency: 
[2025-10-21T21:10:10.588] [DEBUG] debug-file - Module uicomponents's total dependency: 0
[2025-10-21T21:10:10.589] [DEBUG] debug-file - Start to initialize dependency information.
[2025-10-21T21:10:10.590] [DEBUG] debug-file - Module mine Collected Dependency: G:\HarmonyOsProjects\news_app-3a12a9aaec8f982bbbef9569988265dcb99f73e0\features\login,G:\HarmonyOsProjects\news_app-3a12a9aaec8f982bbbef9569988265dcb99f73e0\commons\utils
[2025-10-21T21:10:10.590] [DEBUG] debug-file - Module mine's total dependency: 2
[2025-10-21T21:10:10.593] [DEBUG] debug-file - Start to initialize dependency information.
[2025-10-21T21:10:10.593] [DEBUG] debug-file - Module login Collected Dependency: G:\HarmonyOsProjects\news_app-3a12a9aaec8f982bbbef9569988265dcb99f73e0\commons\utils
[2025-10-21T21:10:10.594] [DEBUG] debug-file - Module login's total dependency: 1
[2025-10-21T21:10:10.595] [DEBUG] debug-file - Start to initialize dependency information.
[2025-10-21T21:10:10.596] [DEBUG] debug-file - Module follows Collected Dependency: G:\HarmonyOsProjects\news_app-3a12a9aaec8f982bbbef9569988265dcb99f73e0\commons\uicomponents,G:\HarmonyOsProjects\news_app-3a12a9aaec8f982bbbef9569988265dcb99f73e0\commons\utils
[2025-10-21T21:10:10.596] [DEBUG] debug-file - Module follows's total dependency: 2
[2025-10-21T21:10:10.598] [DEBUG] debug-file - Configuration phase cost:296 ms 
[2025-10-21T21:10:10.602] [DEBUG] debug-file - Configuration task cost before running: 346 ms 
[2025-10-21T21:10:10.604] [DEBUG] debug-file - jsonObjWithoutParam {"video":"file:../../features/video","news":"file:../../features/news","quickstart":"file:../../features/quickstart","follow":"file:../../features/follows","mine":"file:../../features/mine","login":"file:../../features/login","uicomponents":"file:../../commons/uicomponents","utils":"file:../../commons/utils"} at undefined
[2025-10-21T21:10:10.604] [DEBUG] debug-file - jsonObjWithoutParam {"name":"default","version":"1.0.0","description":"Please describe the basic information.","main":"","author":"","license":"","dependencies":{"video":"file:../../features/video","news":"file:../../features/news","quickstart":"file:../../features/quickstart","follow":"file:../../features/follows","mine":"file:../../features/mine","login":"file:../../features/login","uicomponents":"file:../../commons/uicomponents","utils":"file:../../commons/utils"}} at undefined
[2025-10-21T21:10:10.606] [DEBUG] debug-file - Executing task :default:default@PreBuild
[2025-10-21T21:10:10.614] [DEBUG] debug-file - Incremental task default:default@PreBuild pre-execution cost: 2 ms .
[2025-10-21T21:10:10.614] [DEBUG] debug-file - default : default@PreBuild cost memory 0.9245758056640625
[2025-10-21T21:10:10.615] [INFO] debug-file - UP-TO-DATE :default:default@PreBuild...  
[2025-10-21T21:10:10.617] [DEBUG] debug-file - jsonObjWithoutParam {"utils":"file:../../commons/utils","uicomponents":"file:../../commons/uicomponents"} at undefined
[2025-10-21T21:10:10.618] [DEBUG] debug-file - jsonObjWithoutParam {"name":"video","version":"1.0.0","description":"Please describe the basic information.","main":"Index.ets","author":"","license":"Apache-2.0","dependencies":{"utils":"file:../../commons/utils","uicomponents":"file:../../commons/uicomponents"}} at undefined
[2025-10-21T21:10:10.618] [DEBUG] debug-file - Executing task :video:default@PreBuild
[2025-10-21T21:10:10.620] [DEBUG] debug-file - Incremental task video:default@PreBuild pre-execution cost: 2 ms .
[2025-10-21T21:10:10.620] [DEBUG] debug-file - video : default@PreBuild cost memory 0.22289276123046875
[2025-10-21T21:10:10.621] [INFO] debug-file - UP-TO-DATE :video:default@PreBuild...  
[2025-10-21T21:10:10.623] [DEBUG] debug-file - jsonObjWithoutParam {} at undefined
[2025-10-21T21:10:10.623] [DEBUG] debug-file - jsonObjWithoutParam {"name":"utils","version":"1.0.0","description":"Please describe the basic information.","main":"Index.ets","author":"","license":"Apache-2.0","dependencies":{}} at undefined
[2025-10-21T21:10:10.624] [DEBUG] debug-file - Executing task :utils:default@PreBuild
[2025-10-21T21:10:10.625] [DEBUG] debug-file - Incremental task utils:default@PreBuild pre-execution cost: 2 ms .
[2025-10-21T21:10:10.626] [DEBUG] debug-file - utils : default@PreBuild cost memory 0.21573638916015625
[2025-10-21T21:10:10.626] [INFO] debug-file - UP-TO-DATE :utils:default@PreBuild...  
[2025-10-21T21:10:10.627] [DEBUG] debug-file - jsonObjWithoutParam {} at undefined
[2025-10-21T21:10:10.627] [DEBUG] debug-file - jsonObjWithoutParam {"name":"uicomponents","version":"1.0.0","description":"Please describe the basic information.","main":"Index.ets","author":"","license":"Apache-2.0","dependencies":{}} at undefined
[2025-10-21T21:10:10.628] [DEBUG] debug-file - Executing task :uicomponents:default@PreBuild
[2025-10-21T21:10:10.630] [DEBUG] debug-file - Incremental task uicomponents:default@PreBuild pre-execution cost: 2 ms .
[2025-10-21T21:10:10.630] [DEBUG] debug-file - uicomponents : default@PreBuild cost memory 0.22026824951171875
[2025-10-21T21:10:10.631] [INFO] debug-file - UP-TO-DATE :uicomponents:default@PreBuild...  
[2025-10-21T21:10:10.632] [DEBUG] debug-file - jsonObjWithoutParam {"utils":"file:../../commons/utils","uicomponents":"file:../../commons/uicomponents"} at undefined
[2025-10-21T21:10:10.632] [DEBUG] debug-file - jsonObjWithoutParam {"name":"news","version":"1.0.0","description":"Please describe the basic information.","main":"Index.ets","author":"","license":"Apache-2.0","dependencies":{"utils":"file:../../commons/utils","uicomponents":"file:../../commons/uicomponents"}} at undefined
[2025-10-21T21:10:10.633] [DEBUG] debug-file - Executing task :news:default@PreBuild
[2025-10-21T21:10:10.635] [DEBUG] debug-file - Incremental task news:default@PreBuild pre-execution cost: 2 ms .
[2025-10-21T21:10:10.635] [DEBUG] debug-file - news : default@PreBuild cost memory 0.2220611572265625
[2025-10-21T21:10:10.635] [INFO] debug-file - UP-TO-DATE :news:default@PreBuild...  
[2025-10-21T21:10:10.636] [DEBUG] debug-file - jsonObjWithoutParam {"utils":"file:../../commons/utils","uicomponents":"file:../../commons/uicomponents"} at undefined
[2025-10-21T21:10:10.636] [DEBUG] debug-file - jsonObjWithoutParam {"name":"quickstart","version":"1.0.0","description":"Please describe the basic information.","main":"Index.ets","author":"","license":"Apache-2.0","dependencies":{"utils":"file:../../commons/utils","uicomponents":"file:../../commons/uicomponents"}} at undefined
[2025-10-21T21:10:10.637] [DEBUG] debug-file - Executing task :quickstart:default@PreBuild
[2025-10-21T21:10:10.640] [DEBUG] debug-file - Incremental task quickstart:default@PreBuild pre-execution cost: 3 ms .
[2025-10-21T21:10:10.640] [DEBUG] debug-file - quickstart : default@PreBuild cost memory 0.22483062744140625
[2025-10-21T21:10:10.641] [INFO] debug-file - UP-TO-DATE :quickstart:default@PreBuild...  
[2025-10-21T21:10:10.643] [DEBUG] debug-file - jsonObjWithoutParam {"uicomponents":"file:../../commons/uicomponents","utils":"file:../../commons/utils"} at undefined
[2025-10-21T21:10:10.643] [DEBUG] debug-file - jsonObjWithoutParam {"name":"follows","version":"1.0.0","description":"Please describe the basic information.","main":"Index.ets","author":"","license":"Apache-2.0","dependencies":{"uicomponents":"file:../../commons/uicomponents","utils":"file:../../commons/utils"}} at undefined
[2025-10-21T21:10:10.643] [DEBUG] debug-file - Executing task :follows:default@PreBuild
[2025-10-21T21:10:10.645] [DEBUG] debug-file - Incremental task follows:default@PreBuild pre-execution cost: 2 ms .
[2025-10-21T21:10:10.646] [DEBUG] debug-file - follows : default@PreBuild cost memory 0.2242431640625
[2025-10-21T21:10:10.647] [INFO] debug-file - UP-TO-DATE :follows:default@PreBuild...  
[2025-10-21T21:10:10.648] [DEBUG] debug-file - jsonObjWithoutParam {"login":"file:../login"} at undefined
[2025-10-21T21:10:10.648] [DEBUG] debug-file - jsonObjWithoutParam {"name":"mine","version":"1.0.0","description":"Please describe the basic information.","main":"Index.ets","author":"","license":"Apache-2.0","dependencies":{"login":"file:../login"}} at undefined
[2025-10-21T21:10:10.649] [DEBUG] debug-file - Executing task :mine:default@PreBuild
[2025-10-21T21:10:10.651] [DEBUG] debug-file - Incremental task mine:default@PreBuild pre-execution cost: 2 ms .
[2025-10-21T21:10:10.651] [DEBUG] debug-file - mine : default@PreBuild cost memory 0.2192840576171875
[2025-10-21T21:10:10.651] [INFO] debug-file - UP-TO-DATE :mine:default@PreBuild...  
[2025-10-21T21:10:10.652] [DEBUG] debug-file - jsonObjWithoutParam {"utils":"file:../../commons/utils","BackendConfig":"file:../../commons/utils"} at undefined
[2025-10-21T21:10:10.653] [DEBUG] debug-file - jsonObjWithoutParam {"name":"login","version":"1.0.0","description":"Please describe the basic information.","main":"Index.ets","author":"","license":"Apache-2.0","dependencies":{"utils":"file:../../commons/utils","BackendConfig":"file:../../commons/utils"}} at undefined
[2025-10-21T21:10:10.654] [DEBUG] debug-file - Executing task :login:default@PreBuild
[2025-10-21T21:10:10.656] [DEBUG] debug-file - Incremental task login:default@PreBuild pre-execution cost: 2 ms .
[2025-10-21T21:10:10.656] [DEBUG] debug-file - login : default@PreBuild cost memory 0.22286224365234375
[2025-10-21T21:10:10.657] [INFO] debug-file - UP-TO-DATE :login:default@PreBuild...  
[2025-10-21T21:10:10.659] [DEBUG] debug-file - jsonObjWithoutParam {"video":"file:../../features/video","news":"file:../../features/news","quickstart":"file:../../features/quickstart","follow":"file:../../features/follows","mine":"file:../../features/mine","login":"file:../../features/login","uicomponents":"file:../../commons/uicomponents","utils":"file:../../commons/utils"} at undefined
[2025-10-21T21:10:10.659] [DEBUG] debug-file - jsonObjWithoutParam {"name":"default","version":"1.0.0","description":"Please describe the basic information.","main":"","author":"","license":"","dependencies":{"video":"file:../../features/video","news":"file:../../features/news","quickstart":"file:../../features/quickstart","follow":"file:../../features/follows","mine":"file:../../features/mine","login":"file:../../features/login","uicomponents":"file:../../commons/uicomponents","utils":"file:../../commons/utils"}} at undefined
[2025-10-21T21:10:10.659] [DEBUG] debug-file - Executing task :default:default@CreateModuleInfo
[2025-10-21T21:10:10.659] [DEBUG] debug-file - Task 'default:default@CreateModuleInfo' cost while wrapping incremental declarations: 1 ms 
[2025-10-21T21:10:10.660] [DEBUG] debug-file - default : default@CreateModuleInfo cost memory 0.058197021484375
[2025-10-21T21:10:10.660] [DEBUG] debug-file - runTaskFromQueue task cost before running: 404 ms 
[2025-10-21T21:10:10.660] [INFO] debug-file - Finished :default:default@CreateModuleInfo... after 1 ms 
[2025-10-21T21:10:10.661] [DEBUG] debug-file - jsonObjWithoutParam {"video":"file:../../features/video","news":"file:../../features/news","quickstart":"file:../../features/quickstart","follow":"file:../../features/follows","mine":"file:../../features/mine","login":"file:../../features/login","uicomponents":"file:../../commons/uicomponents","utils":"file:../../commons/utils"} at undefined
[2025-10-21T21:10:10.662] [DEBUG] debug-file - jsonObjWithoutParam {"name":"default","version":"1.0.0","description":"Please describe the basic information.","main":"","author":"","license":"","dependencies":{"video":"file:../../features/video","news":"file:../../features/news","quickstart":"file:../../features/quickstart","follow":"file:../../features/follows","mine":"file:../../features/mine","login":"file:../../features/login","uicomponents":"file:../../commons/uicomponents","utils":"file:../../commons/utils"}} at undefined
[2025-10-21T21:10:10.662] [DEBUG] debug-file - Executing task :default:default@GenerateMetadata
[2025-10-21T21:10:10.663] [DEBUG] debug-file - Task 'default:default@GenerateMetadata' cost while wrapping incremental declarations: 1 ms 
[2025-10-21T21:10:10.663] [DEBUG] debug-file - Incremental task default:default@GenerateMetadata pre-execution cost: 1 ms .
[2025-10-21T21:10:10.663] [DEBUG] debug-file - default : default@GenerateMetadata cost memory 0.09554290771484375
[2025-10-21T21:10:10.663] [INFO] debug-file - UP-TO-DATE :default:default@GenerateMetadata...  
[2025-10-21T21:10:10.665] [DEBUG] debug-file - jsonObjWithoutParam {"video":"file:../../features/video","news":"file:../../features/news","quickstart":"file:../../features/quickstart","follow":"file:../../features/follows","mine":"file:../../features/mine","login":"file:../../features/login","uicomponents":"file:../../commons/uicomponents","utils":"file:../../commons/utils"} at undefined
[2025-10-21T21:10:10.665] [DEBUG] debug-file - jsonObjWithoutParam {"name":"default","version":"1.0.0","description":"Please describe the basic information.","main":"","author":"","license":"","dependencies":{"video":"file:../../features/video","news":"file:../../features/news","quickstart":"file:../../features/quickstart","follow":"file:../../features/follows","mine":"file:../../features/mine","login":"file:../../features/login","uicomponents":"file:../../commons/uicomponents","utils":"file:../../commons/utils"}} at undefined
[2025-10-21T21:10:10.666] [DEBUG] debug-file - Executing task :default:default@PreCheckSyscap
[2025-10-21T21:10:10.666] [DEBUG] debug-file - jsonObjWithoutParam {"video":"file:../../features/video","news":"file:../../features/news","quickstart":"file:../../features/quickstart","follow":"file:../../features/follows","mine":"file:../../features/mine","login":"file:../../features/login","uicomponents":"file:../../commons/uicomponents","utils":"file:../../commons/utils"} at undefined
[2025-10-21T21:10:10.666] [DEBUG] debug-file - jsonObjWithoutParam {"name":"default","version":"1.0.0","description":"Please describe the basic information.","main":"","author":"","license":"","dependencies":{"video":"file:../../features/video","news":"file:../../features/news","quickstart":"file:../../features/quickstart","follow":"file:../../features/follows","mine":"file:../../features/mine","login":"file:../../features/login","uicomponents":"file:../../commons/uicomponents","utils":"file:../../commons/utils"}} at undefined
[2025-10-21T21:10:10.666] [DEBUG] debug-file - default : default@PreCheckSyscap cost memory 0.0498046875
[2025-10-21T21:10:10.666] [DEBUG] debug-file - runTaskFromQueue task cost before running: 411 ms 
[2025-10-21T21:10:10.666] [INFO] debug-file - Finished :default:default@PreCheckSyscap... after 1 ms 
[2025-10-21T21:10:10.668] [DEBUG] debug-file - jsonObjWithoutParam {"video":"file:../../features/video","news":"file:../../features/news","quickstart":"file:../../features/quickstart","follow":"file:../../features/follows","mine":"file:../../features/mine","login":"file:../../features/login","uicomponents":"file:../../commons/uicomponents","utils":"file:../../commons/utils"} at undefined
[2025-10-21T21:10:10.668] [DEBUG] debug-file - jsonObjWithoutParam {"name":"default","version":"1.0.0","description":"Please describe the basic information.","main":"","author":"","license":"","dependencies":{"video":"file:../../features/video","news":"file:../../features/news","quickstart":"file:../../features/quickstart","follow":"file:../../features/follows","mine":"file:../../features/mine","login":"file:../../features/login","uicomponents":"file:../../commons/uicomponents","utils":"file:../../commons/utils"}} at undefined
[2025-10-21T21:10:10.669] [DEBUG] debug-file - Executing task :default:default@GeneratePkgContextInfo
[2025-10-21T21:10:10.673] [DEBUG] debug-file - Task 'default:default@GeneratePkgContextInfo' cost while wrapping incremental declarations: 1 ms 
[2025-10-21T21:10:10.674] [DEBUG] debug-file - default : default@GeneratePkgContextInfo cost memory 0.719573974609375
[2025-10-21T21:10:10.674] [DEBUG] debug-file - runTaskFromQueue task cost before running: 418 ms 
[2025-10-21T21:10:10.674] [INFO] debug-file - Finished :default:default@GeneratePkgContextInfo... after 6 ms 
[2025-10-21T21:10:10.676] [DEBUG] debug-file - jsonObjWithoutParam {"video":"file:../../features/video","news":"file:../../features/news","quickstart":"file:../../features/quickstart","follow":"file:../../features/follows","mine":"file:../../features/mine","login":"file:../../features/login","uicomponents":"file:../../commons/uicomponents","utils":"file:../../commons/utils"} at undefined
[2025-10-21T21:10:10.678] [DEBUG] debug-file - jsonObjWithoutParam {"name":"default","version":"1.0.0","description":"Please describe the basic information.","main":"","author":"","license":"","dependencies":{"video":"file:../../features/video","news":"file:../../features/news","quickstart":"file:../../features/quickstart","follow":"file:../../features/follows","mine":"file:../../features/mine","login":"file:../../features/login","uicomponents":"file:../../commons/uicomponents","utils":"file:../../commons/utils"}} at undefined
[2025-10-21T21:10:10.685] [DEBUG] debug-file - Executing task :default:default@ProcessIntegratedHsp
[2025-10-21T21:10:10.687] [DEBUG] debug-file - default:default@ProcessIntegratedHsp is not up-to-date, since the output file 'G:\HarmonyOsProjects\news_app-3a12a9aaec8f982bbbef9569988265dcb99f73e0\build\cache\default\integrated_hsp\integratedHspCache.json' does not exist.
[2025-10-21T21:10:10.687] [DEBUG] debug-file - Incremental task default:default@ProcessIntegratedHsp pre-execution cost: 1 ms .
[2025-10-21T21:10:10.687] [DEBUG] debug-file - jsonObjWithoutParam {"video":"file:../../features/video","news":"file:../../features/news","quickstart":"file:../../features/quickstart","follow":"file:../../features/follows","mine":"file:../../features/mine","login":"file:../../features/login","uicomponents":"file:../../commons/uicomponents","utils":"file:../../commons/utils"} at undefined
[2025-10-21T21:10:10.687] [DEBUG] debug-file - jsonObjWithoutParam {"name":"default","version":"1.0.0","description":"Please describe the basic information.","main":"","author":"","license":"","dependencies":{"video":"file:../../features/video","news":"file:../../features/news","quickstart":"file:../../features/quickstart","follow":"file:../../features/follows","mine":"file:../../features/mine","login":"file:../../features/login","uicomponents":"file:../../commons/uicomponents","utils":"file:../../commons/utils"}} at undefined
[2025-10-21T21:10:10.687] [DEBUG] debug-file - default : default@ProcessIntegratedHsp cost memory 0.125762939453125
[2025-10-21T21:10:10.687] [DEBUG] debug-file - runTaskFromQueue task cost before running: 431 ms 
[2025-10-21T21:10:10.688] [INFO] debug-file - Finished :default:default@ProcessIntegratedHsp... after 3 ms 
[2025-10-21T21:10:10.692] [DEBUG] debug-file - jsonObjWithoutParam {} at undefined
[2025-10-21T21:10:10.692] [DEBUG] debug-file - jsonObjWithoutParam {"name":"utils","version":"1.0.0","description":"Please describe the basic information.","main":"Index.ets","author":"","license":"Apache-2.0","dependencies":{}} at undefined
[2025-10-21T21:10:10.693] [DEBUG] debug-file - Executing task :utils:default@CreateHarBuildProfile
[2025-10-21T21:10:10.694] [DEBUG] debug-file - Task 'utils:default@CreateHarBuildProfile' cost while wrapping incremental declarations: 1 ms 
[2025-10-21T21:10:10.695] [DEBUG] debug-file - Incremental task utils:default@CreateHarBuildProfile pre-execution cost: 2 ms .
[2025-10-21T21:10:10.695] [DEBUG] debug-file - utils : default@CreateHarBuildProfile cost memory 0.0849151611328125
[2025-10-21T21:10:10.695] [INFO] debug-file - UP-TO-DATE :utils:default@CreateHarBuildProfile...  
[2025-10-21T21:10:10.702] [DEBUG] debug-file - jsonObjWithoutParam {} at undefined
[2025-10-21T21:10:10.702] [DEBUG] debug-file - jsonObjWithoutParam {"name":"utils","version":"1.0.0","description":"Please describe the basic information.","main":"Index.ets","author":"","license":"Apache-2.0","dependencies":{}} at undefined
[2025-10-21T21:10:10.702] [DEBUG] debug-file - Executing task :utils:default@ConfigureCmake
[2025-10-21T21:10:10.703] [DEBUG] debug-file - jsonObjWithoutParam {} at undefined
[2025-10-21T21:10:10.703] [DEBUG] debug-file - jsonObjWithoutParam {"name":"utils","version":"1.0.0","description":"Please describe the basic information.","main":"Index.ets","author":"","license":"Apache-2.0","dependencies":{}} at undefined
[2025-10-21T21:10:10.703] [DEBUG] debug-file - utils : default@ConfigureCmake cost memory 0.0364990234375
[2025-10-21T21:10:10.703] [DEBUG] debug-file - runTaskFromQueue task cost before running: 447 ms 
[2025-10-21T21:10:10.703] [INFO] debug-file - Finished :utils:default@ConfigureCmake... after 1 ms 
[2025-10-21T21:10:10.705] [DEBUG] debug-file - jsonObjWithoutParam {} at undefined
[2025-10-21T21:10:10.705] [DEBUG] debug-file - jsonObjWithoutParam {"name":"utils","version":"1.0.0","description":"Please describe the basic information.","main":"Index.ets","author":"","license":"Apache-2.0","dependencies":{}} at undefined
[2025-10-21T21:10:10.705] [DEBUG] debug-file - Executing task :utils:default@MergeProfile
[2025-10-21T21:10:10.707] [DEBUG] debug-file - Incremental task utils:default@MergeProfile pre-execution cost: 2 ms .
[2025-10-21T21:10:10.707] [DEBUG] debug-file - utils : default@MergeProfile cost memory 0.097747802734375
[2025-10-21T21:10:10.707] [INFO] debug-file - UP-TO-DATE :utils:default@MergeProfile...  
[2025-10-21T21:10:10.709] [DEBUG] debug-file - jsonObjWithoutParam {} at undefined
[2025-10-21T21:10:10.709] [DEBUG] debug-file - jsonObjWithoutParam {"name":"uicomponents","version":"1.0.0","description":"Please describe the basic information.","main":"Index.ets","author":"","license":"Apache-2.0","dependencies":{}} at undefined
[2025-10-21T21:10:10.709] [DEBUG] debug-file - Executing task :uicomponents:default@CreateHarBuildProfile
[2025-10-21T21:10:10.709] [DEBUG] debug-file - Task 'uicomponents:default@CreateHarBuildProfile' cost while wrapping incremental declarations: 1 ms 
[2025-10-21T21:10:10.710] [DEBUG] debug-file - Incremental task uicomponents:default@CreateHarBuildProfile pre-execution cost: 1 ms .
[2025-10-21T21:10:10.710] [DEBUG] debug-file - uicomponents : default@CreateHarBuildProfile cost memory 0.08449554443359375
[2025-10-21T21:10:10.710] [INFO] debug-file - UP-TO-DATE :uicomponents:default@CreateHarBuildProfile...  
[2025-10-21T21:10:10.711] [DEBUG] debug-file - jsonObjWithoutParam {} at undefined
[2025-10-21T21:10:10.711] [DEBUG] debug-file - jsonObjWithoutParam {"name":"uicomponents","version":"1.0.0","description":"Please describe the basic information.","main":"Index.ets","author":"","license":"Apache-2.0","dependencies":{}} at undefined
[2025-10-21T21:10:10.711] [DEBUG] debug-file - Executing task :uicomponents:default@ConfigureCmake
[2025-10-21T21:10:10.711] [DEBUG] debug-file - jsonObjWithoutParam {} at undefined
[2025-10-21T21:10:10.711] [DEBUG] debug-file - jsonObjWithoutParam {"name":"uicomponents","version":"1.0.0","description":"Please describe the basic information.","main":"Index.ets","author":"","license":"Apache-2.0","dependencies":{}} at undefined
[2025-10-21T21:10:10.711] [DEBUG] debug-file - uicomponents : default@ConfigureCmake cost memory 0.03769683837890625
[2025-10-21T21:10:10.711] [DEBUG] debug-file - runTaskFromQueue task cost before running: 456 ms 
[2025-10-21T21:10:10.711] [INFO] debug-file - Finished :uicomponents:default@ConfigureCmake... after 1 ms 
[2025-10-21T21:10:10.713] [DEBUG] debug-file - jsonObjWithoutParam {} at undefined
[2025-10-21T21:10:10.713] [DEBUG] debug-file - jsonObjWithoutParam {"name":"uicomponents","version":"1.0.0","description":"Please describe the basic information.","main":"Index.ets","author":"","license":"Apache-2.0","dependencies":{}} at undefined
[2025-10-21T21:10:10.713] [DEBUG] debug-file - Executing task :uicomponents:default@MergeProfile
[2025-10-21T21:10:10.714] [DEBUG] debug-file - Incremental task uicomponents:default@MergeProfile pre-execution cost: 1 ms .
[2025-10-21T21:10:10.714] [DEBUG] debug-file - uicomponents : default@MergeProfile cost memory 0.09915924072265625
[2025-10-21T21:10:10.714] [INFO] debug-file - UP-TO-DATE :uicomponents:default@MergeProfile...  
[2025-10-21T21:10:10.715] [DEBUG] debug-file - jsonObjWithoutParam {"video":"file:../../features/video","news":"file:../../features/news","quickstart":"file:../../features/quickstart","follow":"file:../../features/follows","mine":"file:../../features/mine","login":"file:../../features/login","uicomponents":"file:../../commons/uicomponents","utils":"file:../../commons/utils"} at undefined
[2025-10-21T21:10:10.715] [DEBUG] debug-file - jsonObjWithoutParam {"name":"default","version":"1.0.0","description":"Please describe the basic information.","main":"","author":"","license":"","dependencies":{"video":"file:../../features/video","news":"file:../../features/news","quickstart":"file:../../features/quickstart","follow":"file:../../features/follows","mine":"file:../../features/mine","login":"file:../../features/login","uicomponents":"file:../../commons/uicomponents","utils":"file:../../commons/utils"}} at undefined
[2025-10-21T21:10:10.716] [DEBUG] debug-file - Executing task :default:default@SyscapTransform
[2025-10-21T21:10:10.716] [DEBUG] debug-file - File: 'G:\HarmonyOsProjects\news_app-3a12a9aaec8f982bbbef9569988265dcb99f73e0\products\default\src\main\syscap.json' from 'sysCapJsonPath' is not exists, just ignore.
[2025-10-21T21:10:10.717] [DEBUG] debug-file - Task 'default:default@SyscapTransform' cost while wrapping incremental declarations: 1 ms 
[2025-10-21T21:10:10.717] [DEBUG] debug-file - default:default@SyscapTransform is not up-to-date, since the output file 'G:\HarmonyOsProjects\news_app-3a12a9aaec8f982bbbef9569988265dcb99f73e0\products\default\build\default\intermediates\syscap\default\rpcid.sc' does not exist.
[2025-10-21T21:10:10.717] [DEBUG] debug-file - Incremental task default:default@SyscapTransform pre-execution cost: 1 ms .
[2025-10-21T21:10:10.717] [DEBUG] debug-file - jsonObjWithoutParam {"video":"file:../../features/video","news":"file:../../features/news","quickstart":"file:../../features/quickstart","follow":"file:../../features/follows","mine":"file:../../features/mine","login":"file:../../features/login","uicomponents":"file:../../commons/uicomponents","utils":"file:../../commons/utils"} at undefined
[2025-10-21T21:10:10.717] [DEBUG] debug-file - jsonObjWithoutParam {"name":"default","version":"1.0.0","description":"Please describe the basic information.","main":"","author":"","license":"","dependencies":{"video":"file:../../features/video","news":"file:../../features/news","quickstart":"file:../../features/quickstart","follow":"file:../../features/follows","mine":"file:../../features/mine","login":"file:../../features/login","uicomponents":"file:../../commons/uicomponents","utils":"file:../../commons/utils"}} at undefined
[2025-10-21T21:10:10.717] [DEBUG] debug-file - default : default@SyscapTransform cost memory 0.16815185546875
[2025-10-21T21:10:10.718] [DEBUG] debug-file - runTaskFromQueue task cost before running: 462 ms 
[2025-10-21T21:10:10.718] [INFO] debug-file - Finished :default:default@SyscapTransform... after 2 ms 
[2025-10-21T21:10:10.719] [DEBUG] debug-file - jsonObjWithoutParam {"video":"file:../../features/video","news":"file:../../features/news","quickstart":"file:../../features/quickstart","follow":"file:../../features/follows","mine":"file:../../features/mine","login":"file:../../features/login","uicomponents":"file:../../commons/uicomponents","utils":"file:../../commons/utils"} at undefined
[2025-10-21T21:10:10.719] [DEBUG] debug-file - jsonObjWithoutParam {"name":"default","version":"1.0.0","description":"Please describe the basic information.","main":"","author":"","license":"","dependencies":{"video":"file:../../features/video","news":"file:../../features/news","quickstart":"file:../../features/quickstart","follow":"file:../../features/follows","mine":"file:../../features/mine","login":"file:../../features/login","uicomponents":"file:../../commons/uicomponents","utils":"file:../../commons/utils"}} at undefined
[2025-10-21T21:10:10.720] [DEBUG] debug-file - Executing task :default:default@ProcessRouterMap
[2025-10-21T21:10:10.722] [DEBUG] debug-file - Incremental task default:default@ProcessRouterMap pre-execution cost: 1 ms .
[2025-10-21T21:10:10.722] [DEBUG] debug-file - default : default@ProcessRouterMap cost memory 0.187896728515625
[2025-10-21T21:10:10.722] [INFO] debug-file - UP-TO-DATE :default:default@ProcessRouterMap...  
[2025-10-21T21:10:10.723] [DEBUG] debug-file - jsonObjWithoutParam {"video":"file:../../features/video","news":"file:../../features/news","quickstart":"file:../../features/quickstart","follow":"file:../../features/follows","mine":"file:../../features/mine","login":"file:../../features/login","uicomponents":"file:../../commons/uicomponents","utils":"file:../../commons/utils"} at undefined
[2025-10-21T21:10:10.723] [DEBUG] debug-file - jsonObjWithoutParam {"name":"default","version":"1.0.0","description":"Please describe the basic information.","main":"","author":"","license":"","dependencies":{"video":"file:../../features/video","news":"file:../../features/news","quickstart":"file:../../features/quickstart","follow":"file:../../features/follows","mine":"file:../../features/mine","login":"file:../../features/login","uicomponents":"file:../../commons/uicomponents","utils":"file:../../commons/utils"}} at undefined
[2025-10-21T21:10:10.723] [DEBUG] debug-file - Executing task :default:default@ProcessStartupConfig
[2025-10-21T21:10:10.724] [DEBUG] debug-file - Task 'default:default@ProcessStartupConfig' cost while wrapping incremental declarations: 1 ms 
[2025-10-21T21:10:10.725] [DEBUG] debug-file - default:default@ProcessStartupConfig is not up-to-date, since the output file 'G:\HarmonyOsProjects\news_app-3a12a9aaec8f982bbbef9569988265dcb99f73e0\products\default\build\default\intermediates\startup\default\startup_config.json' does not exist.
[2025-10-21T21:10:10.725] [DEBUG] debug-file - Incremental task default:default@ProcessStartupConfig pre-execution cost: 1 ms .
[2025-10-21T21:10:10.725] [DEBUG] debug-file - jsonObjWithoutParam {"video":"file:../../features/video","news":"file:../../features/news","quickstart":"file:../../features/quickstart","follow":"file:../../features/follows","mine":"file:../../features/mine","login":"file:../../features/login","uicomponents":"file:../../commons/uicomponents","utils":"file:../../commons/utils"} at undefined
[2025-10-21T21:10:10.725] [DEBUG] debug-file - jsonObjWithoutParam {"name":"default","version":"1.0.0","description":"Please describe the basic information.","main":"","author":"","license":"","dependencies":{"video":"file:../../features/video","news":"file:../../features/news","quickstart":"file:../../features/quickstart","follow":"file:../../features/follows","mine":"file:../../features/mine","login":"file:../../features/login","uicomponents":"file:../../commons/uicomponents","utils":"file:../../commons/utils"}} at undefined
[2025-10-21T21:10:10.725] [DEBUG] debug-file - default : default@ProcessStartupConfig cost memory 0.20780181884765625
[2025-10-21T21:10:10.725] [DEBUG] debug-file - runTaskFromQueue task cost before running: 470 ms 
[2025-10-21T21:10:10.726] [INFO] debug-file - Finished :default:default@ProcessStartupConfig... after 2 ms 
[2025-10-21T21:10:10.727] [DEBUG] debug-file - jsonObjWithoutParam {"utils":"file:../../commons/utils","BackendConfig":"file:../../commons/utils"} at undefined
[2025-10-21T21:10:10.727] [DEBUG] debug-file - jsonObjWithoutParam {"name":"login","version":"1.0.0","description":"Please describe the basic information.","main":"Index.ets","author":"","license":"Apache-2.0","dependencies":{"utils":"file:../../commons/utils","BackendConfig":"file:../../commons/utils"}} at undefined
[2025-10-21T21:10:10.727] [DEBUG] debug-file - Executing task :login:default@CreateHarBuildProfile
[2025-10-21T21:10:10.728] [DEBUG] debug-file - Task 'login:default@CreateHarBuildProfile' cost while wrapping incremental declarations: 1 ms 
[2025-10-21T21:10:10.728] [DEBUG] debug-file - Incremental task login:default@CreateHarBuildProfile pre-execution cost: 1 ms .
[2025-10-21T21:10:10.728] [DEBUG] debug-file - login : default@CreateHarBuildProfile cost memory 0.0847625732421875
[2025-10-21T21:10:10.728] [INFO] debug-file - UP-TO-DATE :login:default@CreateHarBuildProfile...  
[2025-10-21T21:10:10.729] [DEBUG] debug-file - jsonObjWithoutParam {} at undefined
[2025-10-21T21:10:10.729] [DEBUG] debug-file - jsonObjWithoutParam {"name":"utils","version":"1.0.0","description":"Please describe the basic information.","main":"Index.ets","author":"","license":"Apache-2.0","dependencies":{}} at undefined
[2025-10-21T21:10:10.730] [DEBUG] debug-file - Executing task :utils:default@BuildNativeWithCmake
[2025-10-21T21:10:10.730] [DEBUG] debug-file - jsonObjWithoutParam {} at undefined
[2025-10-21T21:10:10.730] [DEBUG] debug-file - jsonObjWithoutParam {"name":"utils","version":"1.0.0","description":"Please describe the basic information.","main":"Index.ets","author":"","license":"Apache-2.0","dependencies":{}} at undefined
[2025-10-21T21:10:10.730] [DEBUG] debug-file - utils : default@BuildNativeWithCmake cost memory 0.0374755859375
[2025-10-21T21:10:10.730] [DEBUG] debug-file - runTaskFromQueue task cost before running: 474 ms 
[2025-10-21T21:10:10.730] [INFO] debug-file - Finished :utils:default@BuildNativeWithCmake... after 1 ms 
[2025-10-21T21:10:10.732] [DEBUG] debug-file - jsonObjWithoutParam {"utils":"file:../../commons/utils","BackendConfig":"file:../../commons/utils"} at undefined
[2025-10-21T21:10:10.732] [DEBUG] debug-file - jsonObjWithoutParam {"name":"login","version":"1.0.0","description":"Please describe the basic information.","main":"Index.ets","author":"","license":"Apache-2.0","dependencies":{"utils":"file:../../commons/utils","BackendConfig":"file:../../commons/utils"}} at undefined
[2025-10-21T21:10:10.732] [DEBUG] debug-file - Executing task :login:default@MergeProfile
[2025-10-21T21:10:10.733] [DEBUG] debug-file - Incremental task login:default@MergeProfile pre-execution cost: 1 ms .
[2025-10-21T21:10:10.734] [DEBUG] debug-file - login : default@MergeProfile cost memory 0.134002685546875
[2025-10-21T21:10:10.734] [INFO] debug-file - UP-TO-DATE :login:default@MergeProfile...  
[2025-10-21T21:10:10.735] [DEBUG] debug-file - jsonObjWithoutParam {"utils":"file:../../commons/utils","uicomponents":"file:../../commons/uicomponents"} at undefined
[2025-10-21T21:10:10.735] [DEBUG] debug-file - jsonObjWithoutParam {"name":"news","version":"1.0.0","description":"Please describe the basic information.","main":"Index.ets","author":"","license":"Apache-2.0","dependencies":{"utils":"file:../../commons/utils","uicomponents":"file:../../commons/uicomponents"}} at undefined
[2025-10-21T21:10:10.736] [DEBUG] debug-file - Executing task :news:default@CreateHarBuildProfile
[2025-10-21T21:10:10.736] [DEBUG] debug-file - Task 'news:default@CreateHarBuildProfile' cost while wrapping incremental declarations: 1 ms 
[2025-10-21T21:10:10.736] [DEBUG] debug-file - Incremental task news:default@CreateHarBuildProfile pre-execution cost: 1 ms .
[2025-10-21T21:10:10.737] [DEBUG] debug-file - news : default@CreateHarBuildProfile cost memory 0.08477020263671875
[2025-10-21T21:10:10.737] [INFO] debug-file - UP-TO-DATE :news:default@CreateHarBuildProfile...  
[2025-10-21T21:10:10.738] [DEBUG] debug-file - jsonObjWithoutParam {"utils":"file:../../commons/utils","uicomponents":"file:../../commons/uicomponents"} at undefined
[2025-10-21T21:10:10.738] [DEBUG] debug-file - jsonObjWithoutParam {"name":"video","version":"1.0.0","description":"Please describe the basic information.","main":"Index.ets","author":"","license":"Apache-2.0","dependencies":{"utils":"file:../../commons/utils","uicomponents":"file:../../commons/uicomponents"}} at undefined
[2025-10-21T21:10:10.738] [DEBUG] debug-file - Executing task :video:default@CreateHarBuildProfile
[2025-10-21T21:10:10.739] [DEBUG] debug-file - Task 'video:default@CreateHarBuildProfile' cost while wrapping incremental declarations: 1 ms 
[2025-10-21T21:10:10.739] [DEBUG] debug-file - Incremental task video:default@CreateHarBuildProfile pre-execution cost: 1 ms .
[2025-10-21T21:10:10.739] [DEBUG] debug-file - video : default@CreateHarBuildProfile cost memory 0.08502197265625
[2025-10-21T21:10:10.739] [INFO] debug-file - UP-TO-DATE :video:default@CreateHarBuildProfile...  
[2025-10-21T21:10:10.740] [DEBUG] debug-file - jsonObjWithoutParam {"utils":"file:../../commons/utils","uicomponents":"file:../../commons/uicomponents"} at undefined
[2025-10-21T21:10:10.740] [DEBUG] debug-file - jsonObjWithoutParam {"name":"quickstart","version":"1.0.0","description":"Please describe the basic information.","main":"Index.ets","author":"","license":"Apache-2.0","dependencies":{"utils":"file:../../commons/utils","uicomponents":"file:../../commons/uicomponents"}} at undefined
[2025-10-21T21:10:10.741] [DEBUG] debug-file - Executing task :quickstart:default@CreateHarBuildProfile
[2025-10-21T21:10:10.741] [DEBUG] debug-file - Task 'quickstart:default@CreateHarBuildProfile' cost while wrapping incremental declarations: 1 ms 
[2025-10-21T21:10:10.741] [DEBUG] debug-file - Incremental task quickstart:default@CreateHarBuildProfile pre-execution cost: 1 ms .
[2025-10-21T21:10:10.741] [DEBUG] debug-file - quickstart : default@CreateHarBuildProfile cost memory 0.0850067138671875
[2025-10-21T21:10:10.741] [INFO] debug-file - UP-TO-DATE :quickstart:default@CreateHarBuildProfile...  
[2025-10-21T21:10:10.743] [DEBUG] debug-file - jsonObjWithoutParam {"uicomponents":"file:../../commons/uicomponents","utils":"file:../../commons/utils"} at undefined
[2025-10-21T21:10:10.743] [DEBUG] debug-file - jsonObjWithoutParam {"name":"follows","version":"1.0.0","description":"Please describe the basic information.","main":"Index.ets","author":"","license":"Apache-2.0","dependencies":{"uicomponents":"file:../../commons/uicomponents","utils":"file:../../commons/utils"}} at undefined
[2025-10-21T21:10:10.743] [DEBUG] debug-file - Executing task :follows:default@CreateHarBuildProfile
[2025-10-21T21:10:10.743] [DEBUG] debug-file - Task 'follows:default@CreateHarBuildProfile' cost while wrapping incremental declarations: 1 ms 
[2025-10-21T21:10:10.744] [DEBUG] debug-file - Incremental task follows:default@CreateHarBuildProfile pre-execution cost: 1 ms .
[2025-10-21T21:10:10.744] [DEBUG] debug-file - follows : default@CreateHarBuildProfile cost memory 0.08525848388671875
[2025-10-21T21:10:10.744] [INFO] debug-file - UP-TO-DATE :follows:default@CreateHarBuildProfile...  
[2025-10-21T21:10:10.745] [DEBUG] debug-file - jsonObjWithoutParam {} at undefined
[2025-10-21T21:10:10.745] [DEBUG] debug-file - jsonObjWithoutParam {"name":"uicomponents","version":"1.0.0","description":"Please describe the basic information.","main":"Index.ets","author":"","license":"Apache-2.0","dependencies":{}} at undefined
[2025-10-21T21:10:10.746] [DEBUG] debug-file - Executing task :uicomponents:default@BuildNativeWithCmake
[2025-10-21T21:10:10.746] [DEBUG] debug-file - jsonObjWithoutParam {} at undefined
[2025-10-21T21:10:10.746] [DEBUG] debug-file - jsonObjWithoutParam {"name":"uicomponents","version":"1.0.0","description":"Please describe the basic information.","main":"Index.ets","author":"","license":"Apache-2.0","dependencies":{}} at undefined
[2025-10-21T21:10:10.746] [DEBUG] debug-file - uicomponents : default@BuildNativeWithCmake cost memory 0.0375823974609375
[2025-10-21T21:10:10.746] [DEBUG] debug-file - runTaskFromQueue task cost before running: 490 ms 
[2025-10-21T21:10:10.746] [INFO] debug-file - Finished :uicomponents:default@BuildNativeWithCmake... after 1 ms 
[2025-10-21T21:10:10.747] [DEBUG] debug-file - jsonObjWithoutParam {"utils":"file:../../commons/utils","uicomponents":"file:../../commons/uicomponents"} at undefined
[2025-10-21T21:10:10.747] [DEBUG] debug-file - jsonObjWithoutParam {"name":"news","version":"1.0.0","description":"Please describe the basic information.","main":"Index.ets","author":"","license":"Apache-2.0","dependencies":{"utils":"file:../../commons/utils","uicomponents":"file:../../commons/uicomponents"}} at undefined
[2025-10-21T21:10:10.748] [DEBUG] debug-file - Executing task :news:default@MergeProfile
[2025-10-21T21:10:10.750] [DEBUG] debug-file - Incremental task news:default@MergeProfile pre-execution cost: 1 ms .
[2025-10-21T21:10:10.750] [DEBUG] debug-file - news : default@MergeProfile cost memory 0.17119598388671875
[2025-10-21T21:10:10.750] [INFO] debug-file - UP-TO-DATE :news:default@MergeProfile...  
[2025-10-21T21:10:10.751] [DEBUG] debug-file - jsonObjWithoutParam {"utils":"file:../../commons/utils","uicomponents":"file:../../commons/uicomponents"} at undefined
[2025-10-21T21:10:10.752] [DEBUG] debug-file - jsonObjWithoutParam {"name":"video","version":"1.0.0","description":"Please describe the basic information.","main":"Index.ets","author":"","license":"Apache-2.0","dependencies":{"utils":"file:../../commons/utils","uicomponents":"file:../../commons/uicomponents"}} at undefined
[2025-10-21T21:10:10.752] [DEBUG] debug-file - Executing task :video:default@MergeProfile
[2025-10-21T21:10:10.753] [DEBUG] debug-file - Incremental task video:default@MergeProfile pre-execution cost: 1 ms .
[2025-10-21T21:10:10.754] [DEBUG] debug-file - video : default@MergeProfile cost memory 0.171142578125
[2025-10-21T21:10:10.754] [INFO] debug-file - UP-TO-DATE :video:default@MergeProfile...  
[2025-10-21T21:10:10.755] [DEBUG] debug-file - jsonObjWithoutParam {"utils":"file:../../commons/utils","uicomponents":"file:../../commons/uicomponents"} at undefined
[2025-10-21T21:10:10.755] [DEBUG] debug-file - jsonObjWithoutParam {"name":"quickstart","version":"1.0.0","description":"Please describe the basic information.","main":"Index.ets","author":"","license":"Apache-2.0","dependencies":{"utils":"file:../../commons/utils","uicomponents":"file:../../commons/uicomponents"}} at undefined
[2025-10-21T21:10:10.756] [DEBUG] debug-file - Executing task :quickstart:default@MergeProfile
[2025-10-21T21:10:10.757] [DEBUG] debug-file - Incremental task quickstart:default@MergeProfile pre-execution cost: 1 ms .
[2025-10-21T21:10:10.757] [DEBUG] debug-file - quickstart : default@MergeProfile cost memory 0.17252349853515625
[2025-10-21T21:10:10.757] [INFO] debug-file - UP-TO-DATE :quickstart:default@MergeProfile...  
[2025-10-21T21:10:10.759] [DEBUG] debug-file - jsonObjWithoutParam {"uicomponents":"file:../../commons/uicomponents","utils":"file:../../commons/utils"} at undefined
[2025-10-21T21:10:10.759] [DEBUG] debug-file - jsonObjWithoutParam {"name":"follows","version":"1.0.0","description":"Please describe the basic information.","main":"Index.ets","author":"","license":"Apache-2.0","dependencies":{"uicomponents":"file:../../commons/uicomponents","utils":"file:../../commons/utils"}} at undefined
[2025-10-21T21:10:10.759] [DEBUG] debug-file - Executing task :follows:default@MergeProfile
[2025-10-21T21:10:10.761] [DEBUG] debug-file - Incremental task follows:default@MergeProfile pre-execution cost: 1 ms .
[2025-10-21T21:10:10.761] [DEBUG] debug-file - follows : default@MergeProfile cost memory 0.17125701904296875
[2025-10-21T21:10:10.761] [INFO] debug-file - UP-TO-DATE :follows:default@MergeProfile...  
[2025-10-21T21:10:10.763] [DEBUG] debug-file - jsonObjWithoutParam {"video":"file:../../features/video","news":"file:../../features/news","quickstart":"file:../../features/quickstart","follow":"file:../../features/follows","mine":"file:../../features/mine","login":"file:../../features/login","uicomponents":"file:../../commons/uicomponents","utils":"file:../../commons/utils"} at undefined
[2025-10-21T21:10:10.763] [DEBUG] debug-file - jsonObjWithoutParam {"name":"default","version":"1.0.0","description":"Please describe the basic information.","main":"","author":"","license":"","dependencies":{"video":"file:../../features/video","news":"file:../../features/news","quickstart":"file:../../features/quickstart","follow":"file:../../features/follows","mine":"file:../../features/mine","login":"file:../../features/login","uicomponents":"file:../../commons/uicomponents","utils":"file:../../commons/utils"}} at undefined
[2025-10-21T21:10:10.764] [DEBUG] debug-file - Module 'video' target 'default' using build option: {
  "debuggable": true,
  "copyFrom": "default",
  "name": "debug"
} in this build.
[2025-10-21T21:10:10.764] [DEBUG] debug-file - Module 'news' target 'default' using build option: {
  "debuggable": true,
  "copyFrom": "default",
  "name": "debug"
} in this build.
[2025-10-21T21:10:10.764] [DEBUG] debug-file - Module 'quickstart' target 'default' using build option: {
  "debuggable": true,
  "copyFrom": "default",
  "name": "debug"
} in this build.
[2025-10-21T21:10:10.764] [DEBUG] debug-file - Module 'follows' target 'default' using build option: {
  "debuggable": true,
  "copyFrom": "default",
  "name": "debug"
} in this build.
[2025-10-21T21:10:10.764] [DEBUG] debug-file - Module 'mine' target 'default' using build option: {
  "debuggable": true,
  "copyFrom": "default",
  "name": "debug"
} in this build.
[2025-10-21T21:10:10.764] [DEBUG] debug-file - Module 'login' target 'default' using build option: {
  "debuggable": true,
  "copyFrom": "default",
  "name": "debug"
} in this build.
[2025-10-21T21:10:10.764] [DEBUG] debug-file - Module 'uicomponents' target 'default' using build option: {
  "debuggable": true,
  "copyFrom": "default",
  "name": "debug"
} in this build.
[2025-10-21T21:10:10.764] [DEBUG] debug-file - Module 'utils' target 'default' using build option: {
  "debuggable": true,
  "copyFrom": "default",
  "name": "debug"
} in this build.
[2025-10-21T21:10:10.766] [DEBUG] debug-file - Executing task :default:default@GenerateLoaderJson
[2025-10-21T21:10:10.768] [DEBUG] debug-file - Module 'video' target 'default' using build option: {
  "debuggable": true,
  "copyFrom": "default",
  "name": "debug"
} in this build.
[2025-10-21T21:10:10.770] [DEBUG] debug-file - Module 'news' target 'default' using build option: {
  "debuggable": true,
  "copyFrom": "default",
  "name": "debug"
} in this build.
[2025-10-21T21:10:10.770] [DEBUG] debug-file - Module 'quickstart' target 'default' using build option: {
  "debuggable": true,
  "copyFrom": "default",
  "name": "debug"
} in this build.
[2025-10-21T21:10:10.770] [DEBUG] debug-file - Module 'follows' target 'default' using build option: {
  "debuggable": true,
  "copyFrom": "default",
  "name": "debug"
} in this build.
[2025-10-21T21:10:10.770] [DEBUG] debug-file - Module 'mine' target 'default' using build option: {
  "debuggable": true,
  "copyFrom": "default",
  "name": "debug"
} in this build.
[2025-10-21T21:10:10.770] [DEBUG] debug-file - Module 'login' target 'default' using build option: {
  "debuggable": true,
  "copyFrom": "default",
  "name": "debug"
} in this build.
[2025-10-21T21:10:10.770] [DEBUG] debug-file - Module 'uicomponents' target 'default' using build option: {
  "debuggable": true,
  "copyFrom": "default",
  "name": "debug"
} in this build.
[2025-10-21T21:10:10.770] [DEBUG] debug-file - Module 'utils' target 'default' using build option: {
  "debuggable": true,
  "copyFrom": "default",
  "name": "debug"
} in this build.
[2025-10-21T21:10:10.772] [DEBUG] debug-file - Module 'video' target 'default' using build option: {
  "debuggable": true,
  "copyFrom": "default",
  "name": "debug"
} in this build.
[2025-10-21T21:10:10.772] [DEBUG] debug-file - Module 'news' target 'default' using build option: {
  "debuggable": true,
  "copyFrom": "default",
  "name": "debug"
} in this build.
[2025-10-21T21:10:10.772] [DEBUG] debug-file - Module 'quickstart' target 'default' using build option: {
  "debuggable": true,
  "copyFrom": "default",
  "name": "debug"
} in this build.
[2025-10-21T21:10:10.772] [DEBUG] debug-file - Module 'follows' target 'default' using build option: {
  "debuggable": true,
  "copyFrom": "default",
  "name": "debug"
} in this build.
[2025-10-21T21:10:10.772] [DEBUG] debug-file - Module 'mine' target 'default' using build option: {
  "debuggable": true,
  "copyFrom": "default",
  "name": "debug"
} in this build.
[2025-10-21T21:10:10.772] [DEBUG] debug-file - Module 'login' target 'default' using build option: {
  "debuggable": true,
  "copyFrom": "default",
  "name": "debug"
} in this build.
[2025-10-21T21:10:10.772] [DEBUG] debug-file - Module 'uicomponents' target 'default' using build option: {
  "debuggable": true,
  "copyFrom": "default",
  "name": "debug"
} in this build.
[2025-10-21T21:10:10.772] [DEBUG] debug-file - Module 'utils' target 'default' using build option: {
  "debuggable": true,
  "copyFrom": "default",
  "name": "debug"
} in this build.
[2025-10-21T21:10:10.774] [DEBUG] debug-file - Module 'video' target 'default' using build option: {
  "debuggable": true,
  "copyFrom": "default",
  "name": "debug"
} in this build.
[2025-10-21T21:10:10.774] [DEBUG] debug-file - Module 'news' target 'default' using build option: {
  "debuggable": true,
  "copyFrom": "default",
  "name": "debug"
} in this build.
[2025-10-21T21:10:10.774] [DEBUG] debug-file - Module 'quickstart' target 'default' using build option: {
  "debuggable": true,
  "copyFrom": "default",
  "name": "debug"
} in this build.
[2025-10-21T21:10:10.774] [DEBUG] debug-file - Module 'follows' target 'default' using build option: {
  "debuggable": true,
  "copyFrom": "default",
  "name": "debug"
} in this build.
[2025-10-21T21:10:10.774] [DEBUG] debug-file - Module 'mine' target 'default' using build option: {
  "debuggable": true,
  "copyFrom": "default",
  "name": "debug"
} in this build.
[2025-10-21T21:10:10.774] [DEBUG] debug-file - Module 'login' target 'default' using build option: {
  "debuggable": true,
  "copyFrom": "default",
  "name": "debug"
} in this build.
[2025-10-21T21:10:10.774] [DEBUG] debug-file - Module 'uicomponents' target 'default' using build option: {
  "debuggable": true,
  "copyFrom": "default",
  "name": "debug"
} in this build.
[2025-10-21T21:10:10.774] [DEBUG] debug-file - Module 'utils' target 'default' using build option: {
  "debuggable": true,
  "copyFrom": "default",
  "name": "debug"
} in this build.
[2025-10-21T21:10:10.775] [DEBUG] debug-file - Module 'video' target 'default' using build option: {
  "debuggable": true,
  "copyFrom": "default",
  "name": "debug"
} in this build.
[2025-10-21T21:10:10.775] [DEBUG] debug-file - Module 'news' target 'default' using build option: {
  "debuggable": true,
  "copyFrom": "default",
  "name": "debug"
} in this build.
[2025-10-21T21:10:10.775] [DEBUG] debug-file - Module 'quickstart' target 'default' using build option: {
  "debuggable": true,
  "copyFrom": "default",
  "name": "debug"
} in this build.
[2025-10-21T21:10:10.775] [DEBUG] debug-file - Module 'follows' target 'default' using build option: {
  "debuggable": true,
  "copyFrom": "default",
  "name": "debug"
} in this build.
[2025-10-21T21:10:10.775] [DEBUG] debug-file - Module 'mine' target 'default' using build option: {
  "debuggable": true,
  "copyFrom": "default",
  "name": "debug"
} in this build.
[2025-10-21T21:10:10.775] [DEBUG] debug-file - Module 'login' target 'default' using build option: {
  "debuggable": true,
  "copyFrom": "default",
  "name": "debug"
} in this build.
[2025-10-21T21:10:10.775] [DEBUG] debug-file - Module 'uicomponents' target 'default' using build option: {
  "debuggable": true,
  "copyFrom": "default",
  "name": "debug"
} in this build.
[2025-10-21T21:10:10.775] [DEBUG] debug-file - Module 'utils' target 'default' using build option: {
  "debuggable": true,
  "copyFrom": "default",
  "name": "debug"
} in this build.
[2025-10-21T21:10:10.776] [DEBUG] debug-file - Module 'video' target 'default' using build option: {
  "debuggable": true,
  "copyFrom": "default",
  "name": "debug"
} in this build.
[2025-10-21T21:10:10.776] [DEBUG] debug-file - Module 'news' target 'default' using build option: {
  "debuggable": true,
  "copyFrom": "default",
  "name": "debug"
} in this build.
[2025-10-21T21:10:10.776] [DEBUG] debug-file - Module 'quickstart' target 'default' using build option: {
  "debuggable": true,
  "copyFrom": "default",
  "name": "debug"
} in this build.
[2025-10-21T21:10:10.776] [DEBUG] debug-file - Module 'follows' target 'default' using build option: {
  "debuggable": true,
  "copyFrom": "default",
  "name": "debug"
} in this build.
[2025-10-21T21:10:10.776] [DEBUG] debug-file - Module 'mine' target 'default' using build option: {
  "debuggable": true,
  "copyFrom": "default",
  "name": "debug"
} in this build.
[2025-10-21T21:10:10.776] [DEBUG] debug-file - Module 'login' target 'default' using build option: {
  "debuggable": true,
  "copyFrom": "default",
  "name": "debug"
} in this build.
[2025-10-21T21:10:10.776] [DEBUG] debug-file - Module 'uicomponents' target 'default' using build option: {
  "debuggable": true,
  "copyFrom": "default",
  "name": "debug"
} in this build.
[2025-10-21T21:10:10.776] [DEBUG] debug-file - Module 'utils' target 'default' using build option: {
  "debuggable": true,
  "copyFrom": "default",
  "name": "debug"
} in this build.
[2025-10-21T21:10:10.777] [DEBUG] debug-file - Incremental task default:default@GenerateLoaderJson pre-execution cost: 5 ms .
[2025-10-21T21:10:10.777] [DEBUG] debug-file - default : default@GenerateLoaderJson cost memory -5.844268798828125
[2025-10-21T21:10:10.778] [DEBUG] debug-file - Module 'video' target 'default' using build option: {
  "debuggable": true,
  "copyFrom": "default",
  "name": "debug"
} in this build.
[2025-10-21T21:10:10.778] [DEBUG] debug-file - Module 'news' target 'default' using build option: {
  "debuggable": true,
  "copyFrom": "default",
  "name": "debug"
} in this build.
[2025-10-21T21:10:10.779] [DEBUG] debug-file - Module 'quickstart' target 'default' using build option: {
  "debuggable": true,
  "copyFrom": "default",
  "name": "debug"
} in this build.
[2025-10-21T21:10:10.779] [DEBUG] debug-file - Module 'follows' target 'default' using build option: {
  "debuggable": true,
  "copyFrom": "default",
  "name": "debug"
} in this build.
[2025-10-21T21:10:10.779] [DEBUG] debug-file - Module 'mine' target 'default' using build option: {
  "debuggable": true,
  "copyFrom": "default",
  "name": "debug"
} in this build.
[2025-10-21T21:10:10.779] [DEBUG] debug-file - Module 'login' target 'default' using build option: {
  "debuggable": true,
  "copyFrom": "default",
  "name": "debug"
} in this build.
[2025-10-21T21:10:10.779] [DEBUG] debug-file - Module 'uicomponents' target 'default' using build option: {
  "debuggable": true,
  "copyFrom": "default",
  "name": "debug"
} in this build.
[2025-10-21T21:10:10.779] [DEBUG] debug-file - Module 'utils' target 'default' using build option: {
  "debuggable": true,
  "copyFrom": "default",
  "name": "debug"
} in this build.
[2025-10-21T21:10:10.780] [DEBUG] debug-file - Module 'video' target 'default' using build option: {
  "debuggable": true,
  "copyFrom": "default",
  "name": "debug"
} in this build.
[2025-10-21T21:10:10.780] [DEBUG] debug-file - Module 'news' target 'default' using build option: {
  "debuggable": true,
  "copyFrom": "default",
  "name": "debug"
} in this build.
[2025-10-21T21:10:10.780] [DEBUG] debug-file - Module 'quickstart' target 'default' using build option: {
  "debuggable": true,
  "copyFrom": "default",
  "name": "debug"
} in this build.
[2025-10-21T21:10:10.780] [DEBUG] debug-file - Module 'follows' target 'default' using build option: {
  "debuggable": true,
  "copyFrom": "default",
  "name": "debug"
} in this build.
[2025-10-21T21:10:10.780] [DEBUG] debug-file - Module 'mine' target 'default' using build option: {
  "debuggable": true,
  "copyFrom": "default",
  "name": "debug"
} in this build.
[2025-10-21T21:10:10.780] [DEBUG] debug-file - Module 'login' target 'default' using build option: {
  "debuggable": true,
  "copyFrom": "default",
  "name": "debug"
} in this build.
[2025-10-21T21:10:10.780] [DEBUG] debug-file - Module 'uicomponents' target 'default' using build option: {
  "debuggable": true,
  "copyFrom": "default",
  "name": "debug"
} in this build.
[2025-10-21T21:10:10.780] [DEBUG] debug-file - Module 'utils' target 'default' using build option: {
  "debuggable": true,
  "copyFrom": "default",
  "name": "debug"
} in this build.
[2025-10-21T21:10:10.780] [INFO] debug-file - UP-TO-DATE :default:default@GenerateLoaderJson...  
[2025-10-21T21:10:10.781] [DEBUG] debug-file - jsonObjWithoutParam {"login":"file:../login"} at undefined
[2025-10-21T21:10:10.782] [DEBUG] debug-file - jsonObjWithoutParam {"name":"mine","version":"1.0.0","description":"Please describe the basic information.","main":"Index.ets","author":"","license":"Apache-2.0","dependencies":{"login":"file:../login"}} at undefined
[2025-10-21T21:10:10.782] [DEBUG] debug-file - Executing task :mine:default@CreateHarBuildProfile
[2025-10-21T21:10:10.782] [DEBUG] debug-file - Task 'mine:default@CreateHarBuildProfile' cost while wrapping incremental declarations: 1 ms 
[2025-10-21T21:10:10.783] [DEBUG] debug-file - Incremental task mine:default@CreateHarBuildProfile pre-execution cost: 1 ms .
[2025-10-21T21:10:10.783] [DEBUG] debug-file - mine : default@CreateHarBuildProfile cost memory 0.08502960205078125
[2025-10-21T21:10:10.783] [INFO] debug-file - UP-TO-DATE :mine:default@CreateHarBuildProfile...  
[2025-10-21T21:10:10.784] [DEBUG] debug-file - jsonObjWithoutParam {} at undefined
[2025-10-21T21:10:10.784] [DEBUG] debug-file - jsonObjWithoutParam {"name":"utils","version":"1.0.0","description":"Please describe the basic information.","main":"Index.ets","author":"","license":"Apache-2.0","dependencies":{}} at undefined
[2025-10-21T21:10:10.785] [DEBUG] debug-file - Executing task :utils:default@BuildNativeWithNinja
[2025-10-21T21:10:10.785] [DEBUG] debug-file - jsonObjWithoutParam {} at undefined
[2025-10-21T21:10:10.785] [DEBUG] debug-file - jsonObjWithoutParam {"name":"utils","version":"1.0.0","description":"Please describe the basic information.","main":"Index.ets","author":"","license":"Apache-2.0","dependencies":{}} at undefined
[2025-10-21T21:10:10.785] [DEBUG] debug-file - utils : default@BuildNativeWithNinja cost memory 0.0560302734375
[2025-10-21T21:10:10.785] [DEBUG] debug-file - runTaskFromQueue task cost before running: 530 ms 
[2025-10-21T21:10:10.786] [INFO] debug-file - Finished :utils:default@BuildNativeWithNinja... after 1 ms 
[2025-10-21T21:10:10.787] [DEBUG] debug-file - jsonObjWithoutParam {"utils":"file:../../commons/utils","BackendConfig":"file:../../commons/utils"} at undefined
[2025-10-21T21:10:10.787] [DEBUG] debug-file - jsonObjWithoutParam {"name":"login","version":"1.0.0","description":"Please describe the basic information.","main":"Index.ets","author":"","license":"Apache-2.0","dependencies":{"utils":"file:../../commons/utils","BackendConfig":"file:../../commons/utils"}} at undefined
[2025-10-21T21:10:10.787] [DEBUG] debug-file - Executing task :login:default@ConfigureCmake
[2025-10-21T21:10:10.787] [DEBUG] debug-file - jsonObjWithoutParam {"utils":"file:../../commons/utils","BackendConfig":"file:../../commons/utils"} at undefined
[2025-10-21T21:10:10.787] [DEBUG] debug-file - jsonObjWithoutParam {"name":"login","version":"1.0.0","description":"Please describe the basic information.","main":"Index.ets","author":"","license":"Apache-2.0","dependencies":{"utils":"file:../../commons/utils","BackendConfig":"file:../../commons/utils"}} at undefined
[2025-10-21T21:10:10.787] [DEBUG] debug-file - login : default@ConfigureCmake cost memory 0.03911590576171875
[2025-10-21T21:10:10.787] [DEBUG] debug-file - runTaskFromQueue task cost before running: 532 ms 
[2025-10-21T21:10:10.787] [INFO] debug-file - Finished :login:default@ConfigureCmake... after 1 ms 
[2025-10-21T21:10:10.788] [DEBUG] debug-file - jsonObjWithoutParam {"login":"file:../login"} at undefined
[2025-10-21T21:10:10.788] [DEBUG] debug-file - jsonObjWithoutParam {"name":"mine","version":"1.0.0","description":"Please describe the basic information.","main":"Index.ets","author":"","license":"Apache-2.0","dependencies":{"login":"file:../login"}} at undefined
[2025-10-21T21:10:10.789] [DEBUG] debug-file - Executing task :mine:default@MergeProfile
[2025-10-21T21:10:10.790] [DEBUG] debug-file - Incremental task mine:default@MergeProfile pre-execution cost: 1 ms .
[2025-10-21T21:10:10.790] [DEBUG] debug-file - mine : default@MergeProfile cost memory 0.17047119140625
[2025-10-21T21:10:10.791] [INFO] debug-file - UP-TO-DATE :mine:default@MergeProfile...  
[2025-10-21T21:10:10.792] [DEBUG] debug-file - jsonObjWithoutParam {"utils":"file:../../commons/utils","uicomponents":"file:../../commons/uicomponents"} at undefined
[2025-10-21T21:10:10.792] [DEBUG] debug-file - jsonObjWithoutParam {"name":"news","version":"1.0.0","description":"Please describe the basic information.","main":"Index.ets","author":"","license":"Apache-2.0","dependencies":{"utils":"file:../../commons/utils","uicomponents":"file:../../commons/uicomponents"}} at undefined
[2025-10-21T21:10:10.792] [DEBUG] debug-file - Executing task :news:default@ConfigureCmake
[2025-10-21T21:10:10.792] [DEBUG] debug-file - jsonObjWithoutParam {"utils":"file:../../commons/utils","uicomponents":"file:../../commons/uicomponents"} at undefined
[2025-10-21T21:10:10.792] [DEBUG] debug-file - jsonObjWithoutParam {"name":"news","version":"1.0.0","description":"Please describe the basic information.","main":"Index.ets","author":"","license":"Apache-2.0","dependencies":{"utils":"file:../../commons/utils","uicomponents":"file:../../commons/uicomponents"}} at undefined
[2025-10-21T21:10:10.792] [DEBUG] debug-file - news : default@ConfigureCmake cost memory 0.0391082763671875
[2025-10-21T21:10:10.792] [DEBUG] debug-file - runTaskFromQueue task cost before running: 537 ms 
[2025-10-21T21:10:10.793] [INFO] debug-file - Finished :news:default@ConfigureCmake... after 1 ms 
[2025-10-21T21:10:10.794] [DEBUG] debug-file - jsonObjWithoutParam {"utils":"file:../../commons/utils","uicomponents":"file:../../commons/uicomponents"} at undefined
[2025-10-21T21:10:10.794] [DEBUG] debug-file - jsonObjWithoutParam {"name":"video","version":"1.0.0","description":"Please describe the basic information.","main":"Index.ets","author":"","license":"Apache-2.0","dependencies":{"utils":"file:../../commons/utils","uicomponents":"file:../../commons/uicomponents"}} at undefined
[2025-10-21T21:10:10.795] [DEBUG] debug-file - Executing task :video:default@ConfigureCmake
[2025-10-21T21:10:10.795] [DEBUG] debug-file - jsonObjWithoutParam {"utils":"file:../../commons/utils","uicomponents":"file:../../commons/uicomponents"} at undefined
[2025-10-21T21:10:10.795] [DEBUG] debug-file - jsonObjWithoutParam {"name":"video","version":"1.0.0","description":"Please describe the basic information.","main":"Index.ets","author":"","license":"Apache-2.0","dependencies":{"utils":"file:../../commons/utils","uicomponents":"file:../../commons/uicomponents"}} at undefined
[2025-10-21T21:10:10.795] [DEBUG] debug-file - video : default@ConfigureCmake cost memory 0.03913116455078125
[2025-10-21T21:10:10.795] [DEBUG] debug-file - runTaskFromQueue task cost before running: 539 ms 
[2025-10-21T21:10:10.795] [INFO] debug-file - Finished :video:default@ConfigureCmake... after 1 ms 
[2025-10-21T21:10:10.796] [DEBUG] debug-file - jsonObjWithoutParam {"utils":"file:../../commons/utils","uicomponents":"file:../../commons/uicomponents"} at undefined
[2025-10-21T21:10:10.796] [DEBUG] debug-file - jsonObjWithoutParam {"name":"quickstart","version":"1.0.0","description":"Please describe the basic information.","main":"Index.ets","author":"","license":"Apache-2.0","dependencies":{"utils":"file:../../commons/utils","uicomponents":"file:../../commons/uicomponents"}} at undefined
[2025-10-21T21:10:10.796] [DEBUG] debug-file - Executing task :quickstart:default@ConfigureCmake
[2025-10-21T21:10:10.796] [DEBUG] debug-file - jsonObjWithoutParam {"utils":"file:../../commons/utils","uicomponents":"file:../../commons/uicomponents"} at undefined
[2025-10-21T21:10:10.796] [DEBUG] debug-file - jsonObjWithoutParam {"name":"quickstart","version":"1.0.0","description":"Please describe the basic information.","main":"Index.ets","author":"","license":"Apache-2.0","dependencies":{"utils":"file:../../commons/utils","uicomponents":"file:../../commons/uicomponents"}} at undefined
[2025-10-21T21:10:10.796] [DEBUG] debug-file - quickstart : default@ConfigureCmake cost memory 0.0421905517578125
[2025-10-21T21:10:10.796] [DEBUG] debug-file - runTaskFromQueue task cost before running: 541 ms 
[2025-10-21T21:10:10.796] [INFO] debug-file - Finished :quickstart:default@ConfigureCmake... after 1 ms 
[2025-10-21T21:10:10.798] [DEBUG] debug-file - jsonObjWithoutParam {} at undefined
[2025-10-21T21:10:10.798] [DEBUG] debug-file - jsonObjWithoutParam {"name":"uicomponents","version":"1.0.0","description":"Please describe the basic information.","main":"Index.ets","author":"","license":"Apache-2.0","dependencies":{}} at undefined
[2025-10-21T21:10:10.799] [DEBUG] debug-file - Executing task :uicomponents:default@BuildNativeWithNinja
[2025-10-21T21:10:10.799] [DEBUG] debug-file - jsonObjWithoutParam {} at undefined
[2025-10-21T21:10:10.799] [DEBUG] debug-file - jsonObjWithoutParam {"name":"uicomponents","version":"1.0.0","description":"Please describe the basic information.","main":"Index.ets","author":"","license":"Apache-2.0","dependencies":{}} at undefined
[2025-10-21T21:10:10.799] [DEBUG] debug-file - uicomponents : default@BuildNativeWithNinja cost memory 0.056365966796875
[2025-10-21T21:10:10.799] [DEBUG] debug-file - runTaskFromQueue task cost before running: 544 ms 
[2025-10-21T21:10:10.800] [INFO] debug-file - Finished :uicomponents:default@BuildNativeWithNinja... after 1 ms 
[2025-10-21T21:10:10.801] [DEBUG] debug-file - jsonObjWithoutParam {"uicomponents":"file:../../commons/uicomponents","utils":"file:../../commons/utils"} at undefined
[2025-10-21T21:10:10.801] [DEBUG] debug-file - jsonObjWithoutParam {"name":"follows","version":"1.0.0","description":"Please describe the basic information.","main":"Index.ets","author":"","license":"Apache-2.0","dependencies":{"uicomponents":"file:../../commons/uicomponents","utils":"file:../../commons/utils"}} at undefined
[2025-10-21T21:10:10.801] [DEBUG] debug-file - Executing task :follows:default@ConfigureCmake
[2025-10-21T21:10:10.801] [DEBUG] debug-file - jsonObjWithoutParam {"uicomponents":"file:../../commons/uicomponents","utils":"file:../../commons/utils"} at undefined
[2025-10-21T21:10:10.801] [DEBUG] debug-file - jsonObjWithoutParam {"name":"follows","version":"1.0.0","description":"Please describe the basic information.","main":"Index.ets","author":"","license":"Apache-2.0","dependencies":{"uicomponents":"file:../../commons/uicomponents","utils":"file:../../commons/utils"}} at undefined
[2025-10-21T21:10:10.801] [DEBUG] debug-file - follows : default@ConfigureCmake cost memory 0.04018402099609375
[2025-10-21T21:10:10.801] [DEBUG] debug-file - runTaskFromQueue task cost before running: 546 ms 
[2025-10-21T21:10:10.801] [INFO] debug-file - Finished :follows:default@ConfigureCmake... after 1 ms 
[2025-10-21T21:10:10.803] [DEBUG] debug-file - jsonObjWithoutParam {"video":"file:../../features/video","news":"file:../../features/news","quickstart":"file:../../features/quickstart","follow":"file:../../features/follows","mine":"file:../../features/mine","login":"file:../../features/login","uicomponents":"file:../../commons/uicomponents","utils":"file:../../commons/utils"} at undefined
[2025-10-21T21:10:10.803] [DEBUG] debug-file - jsonObjWithoutParam {"name":"default","version":"1.0.0","description":"Please describe the basic information.","main":"","author":"","license":"","dependencies":{"video":"file:../../features/video","news":"file:../../features/news","quickstart":"file:../../features/quickstart","follow":"file:../../features/follows","mine":"file:../../features/mine","login":"file:../../features/login","uicomponents":"file:../../commons/uicomponents","utils":"file:../../commons/utils"}} at undefined
[2025-10-21T21:10:10.804] [DEBUG] debug-file - Executing task :default:default@CreateBuildProfile
[2025-10-21T21:10:10.805] [DEBUG] debug-file - Task 'default:default@CreateBuildProfile' cost while wrapping incremental declarations: 1 ms 
[2025-10-21T21:10:10.805] [DEBUG] debug-file - Incremental task default:default@CreateBuildProfile pre-execution cost: 1 ms .
[2025-10-21T21:10:10.805] [DEBUG] debug-file - default : default@CreateBuildProfile cost memory 0.1081390380859375
[2025-10-21T21:10:10.805] [INFO] debug-file - UP-TO-DATE :default:default@CreateBuildProfile...  
[2025-10-21T21:10:10.807] [DEBUG] debug-file - jsonObjWithoutParam {} at undefined
[2025-10-21T21:10:10.807] [DEBUG] debug-file - jsonObjWithoutParam {"name":"utils","version":"1.0.0","description":"Please describe the basic information.","main":"Index.ets","author":"","license":"Apache-2.0","dependencies":{}} at undefined
[2025-10-21T21:10:10.807] [DEBUG] debug-file - Executing task :utils:default@ProcessLibs
[2025-10-21T21:10:10.811] [DEBUG] debug-file - Incremental task utils:default@ProcessLibs pre-execution cost: 2 ms .
[2025-10-21T21:10:10.811] [DEBUG] debug-file - utils : default@ProcessLibs cost memory 0.135986328125
[2025-10-21T21:10:10.811] [INFO] debug-file - UP-TO-DATE :utils:default@ProcessLibs...  
[2025-10-21T21:10:10.814] [DEBUG] debug-file - jsonObjWithoutParam {"utils":"file:../../commons/utils","BackendConfig":"file:../../commons/utils"} at undefined
[2025-10-21T21:10:10.814] [DEBUG] debug-file - jsonObjWithoutParam {"name":"login","version":"1.0.0","description":"Please describe the basic information.","main":"Index.ets","author":"","license":"Apache-2.0","dependencies":{"utils":"file:../../commons/utils","BackendConfig":"file:../../commons/utils"}} at undefined
[2025-10-21T21:10:10.815] [DEBUG] debug-file - Executing task :login:default@BuildNativeWithCmake
[2025-10-21T21:10:10.815] [DEBUG] debug-file - jsonObjWithoutParam {"utils":"file:../../commons/utils","BackendConfig":"file:../../commons/utils"} at undefined
[2025-10-21T21:10:10.815] [DEBUG] debug-file - jsonObjWithoutParam {"name":"login","version":"1.0.0","description":"Please describe the basic information.","main":"Index.ets","author":"","license":"Apache-2.0","dependencies":{"utils":"file:../../commons/utils","BackendConfig":"file:../../commons/utils"}} at undefined
[2025-10-21T21:10:10.815] [DEBUG] debug-file - login : default@BuildNativeWithCmake cost memory 0.04010009765625
[2025-10-21T21:10:10.815] [DEBUG] debug-file - runTaskFromQueue task cost before running: 560 ms 
[2025-10-21T21:10:10.816] [INFO] debug-file - Finished :login:default@BuildNativeWithCmake... after 1 ms 
[2025-10-21T21:10:10.817] [DEBUG] debug-file - jsonObjWithoutParam {"video":"file:../../features/video","news":"file:../../features/news","quickstart":"file:../../features/quickstart","follow":"file:../../features/follows","mine":"file:../../features/mine","login":"file:../../features/login","uicomponents":"file:../../commons/uicomponents","utils":"file:../../commons/utils"} at undefined
[2025-10-21T21:10:10.817] [DEBUG] debug-file - jsonObjWithoutParam {"name":"default","version":"1.0.0","description":"Please describe the basic information.","main":"","author":"","license":"","dependencies":{"video":"file:../../features/video","news":"file:../../features/news","quickstart":"file:../../features/quickstart","follow":"file:../../features/follows","mine":"file:../../features/mine","login":"file:../../features/login","uicomponents":"file:../../commons/uicomponents","utils":"file:../../commons/utils"}} at undefined
[2025-10-21T21:10:10.817] [DEBUG] debug-file - Executing task :default:default@MergeProfile
[2025-10-21T21:10:10.821] [DEBUG] debug-file - Incremental task default:default@MergeProfile pre-execution cost: 2 ms .
[2025-10-21T21:10:10.821] [DEBUG] debug-file - default : default@MergeProfile cost memory 0.4039459228515625
[2025-10-21T21:10:10.821] [INFO] debug-file - UP-TO-DATE :default:default@MergeProfile...  
[2025-10-21T21:10:10.823] [DEBUG] debug-file - jsonObjWithoutParam {"utils":"file:../../commons/utils","uicomponents":"file:../../commons/uicomponents"} at undefined
[2025-10-21T21:10:10.823] [DEBUG] debug-file - jsonObjWithoutParam {"name":"news","version":"1.0.0","description":"Please describe the basic information.","main":"Index.ets","author":"","license":"Apache-2.0","dependencies":{"utils":"file:../../commons/utils","uicomponents":"file:../../commons/uicomponents"}} at undefined
[2025-10-21T21:10:10.824] [DEBUG] debug-file - Executing task :news:default@BuildNativeWithCmake
[2025-10-21T21:10:10.824] [DEBUG] debug-file - jsonObjWithoutParam {"utils":"file:../../commons/utils","uicomponents":"file:../../commons/uicomponents"} at undefined
[2025-10-21T21:10:10.824] [DEBUG] debug-file - jsonObjWithoutParam {"name":"news","version":"1.0.0","description":"Please describe the basic information.","main":"Index.ets","author":"","license":"Apache-2.0","dependencies":{"utils":"file:../../commons/utils","uicomponents":"file:../../commons/uicomponents"}} at undefined
[2025-10-21T21:10:10.824] [DEBUG] debug-file - news : default@BuildNativeWithCmake cost memory 0.04016876220703125
[2025-10-21T21:10:10.824] [DEBUG] debug-file - runTaskFromQueue task cost before running: 568 ms 
[2025-10-21T21:10:10.824] [INFO] debug-file - Finished :news:default@BuildNativeWithCmake... after 1 ms 
[2025-10-21T21:10:10.825] [DEBUG] debug-file - jsonObjWithoutParam {"utils":"file:../../commons/utils","uicomponents":"file:../../commons/uicomponents"} at undefined
[2025-10-21T21:10:10.825] [DEBUG] debug-file - jsonObjWithoutParam {"name":"video","version":"1.0.0","description":"Please describe the basic information.","main":"Index.ets","author":"","license":"Apache-2.0","dependencies":{"utils":"file:../../commons/utils","uicomponents":"file:../../commons/uicomponents"}} at undefined
[2025-10-21T21:10:10.826] [DEBUG] debug-file - Executing task :video:default@BuildNativeWithCmake
[2025-10-21T21:10:10.826] [DEBUG] debug-file - jsonObjWithoutParam {"utils":"file:../../commons/utils","uicomponents":"file:../../commons/uicomponents"} at undefined
[2025-10-21T21:10:10.826] [DEBUG] debug-file - jsonObjWithoutParam {"name":"video","version":"1.0.0","description":"Please describe the basic information.","main":"Index.ets","author":"","license":"Apache-2.0","dependencies":{"utils":"file:../../commons/utils","uicomponents":"file:../../commons/uicomponents"}} at undefined
[2025-10-21T21:10:10.826] [DEBUG] debug-file - video : default@BuildNativeWithCmake cost memory 0.04027557373046875
[2025-10-21T21:10:10.826] [DEBUG] debug-file - runTaskFromQueue task cost before running: 570 ms 
[2025-10-21T21:10:10.826] [INFO] debug-file - Finished :video:default@BuildNativeWithCmake... after 1 ms 
[2025-10-21T21:10:10.828] [DEBUG] debug-file - jsonObjWithoutParam {"utils":"file:../../commons/utils","uicomponents":"file:../../commons/uicomponents"} at undefined
[2025-10-21T21:10:10.828] [DEBUG] debug-file - jsonObjWithoutParam {"name":"quickstart","version":"1.0.0","description":"Please describe the basic information.","main":"Index.ets","author":"","license":"Apache-2.0","dependencies":{"utils":"file:../../commons/utils","uicomponents":"file:../../commons/uicomponents"}} at undefined
[2025-10-21T21:10:10.828] [DEBUG] debug-file - Executing task :quickstart:default@BuildNativeWithCmake
[2025-10-21T21:10:10.828] [DEBUG] debug-file - jsonObjWithoutParam {"utils":"file:../../commons/utils","uicomponents":"file:../../commons/uicomponents"} at undefined
[2025-10-21T21:10:10.828] [DEBUG] debug-file - jsonObjWithoutParam {"name":"quickstart","version":"1.0.0","description":"Please describe the basic information.","main":"Index.ets","author":"","license":"Apache-2.0","dependencies":{"utils":"file:../../commons/utils","uicomponents":"file:../../commons/uicomponents"}} at undefined
[2025-10-21T21:10:10.828] [DEBUG] debug-file - quickstart : default@BuildNativeWithCmake cost memory 0.04026031494140625
[2025-10-21T21:10:10.828] [DEBUG] debug-file - runTaskFromQueue task cost before running: 573 ms 
[2025-10-21T21:10:10.829] [INFO] debug-file - Finished :quickstart:default@BuildNativeWithCmake... after 1 ms 
[2025-10-21T21:10:10.831] [DEBUG] debug-file - jsonObjWithoutParam {} at undefined
[2025-10-21T21:10:10.831] [DEBUG] debug-file - jsonObjWithoutParam {"name":"uicomponents","version":"1.0.0","description":"Please describe the basic information.","main":"Index.ets","author":"","license":"Apache-2.0","dependencies":{}} at undefined
[2025-10-21T21:10:10.831] [DEBUG] debug-file - Executing task :uicomponents:default@ProcessLibs
[2025-10-21T21:10:10.832] [DEBUG] debug-file - Incremental task uicomponents:default@ProcessLibs pre-execution cost: 1 ms .
[2025-10-21T21:10:10.833] [DEBUG] debug-file - uicomponents : default@ProcessLibs cost memory 0.1360321044921875
[2025-10-21T21:10:10.833] [INFO] debug-file - UP-TO-DATE :uicomponents:default@ProcessLibs...  
[2025-10-21T21:10:10.834] [DEBUG] debug-file - jsonObjWithoutParam {"uicomponents":"file:../../commons/uicomponents","utils":"file:../../commons/utils"} at undefined
[2025-10-21T21:10:10.835] [DEBUG] debug-file - jsonObjWithoutParam {"name":"follows","version":"1.0.0","description":"Please describe the basic information.","main":"Index.ets","author":"","license":"Apache-2.0","dependencies":{"uicomponents":"file:../../commons/uicomponents","utils":"file:../../commons/utils"}} at undefined
[2025-10-21T21:10:10.835] [DEBUG] debug-file - Executing task :follows:default@BuildNativeWithCmake
[2025-10-21T21:10:10.835] [DEBUG] debug-file - jsonObjWithoutParam {"uicomponents":"file:../../commons/uicomponents","utils":"file:../../commons/utils"} at undefined
[2025-10-21T21:10:10.835] [DEBUG] debug-file - jsonObjWithoutParam {"name":"follows","version":"1.0.0","description":"Please describe the basic information.","main":"Index.ets","author":"","license":"Apache-2.0","dependencies":{"uicomponents":"file:../../commons/uicomponents","utils":"file:../../commons/utils"}} at undefined
[2025-10-21T21:10:10.835] [DEBUG] debug-file - follows : default@BuildNativeWithCmake cost memory 0.04021453857421875
[2025-10-21T21:10:10.835] [DEBUG] debug-file - runTaskFromQueue task cost before running: 580 ms 
[2025-10-21T21:10:10.835] [INFO] debug-file - Finished :follows:default@BuildNativeWithCmake... after 1 ms 
[2025-10-21T21:10:10.836] [DEBUG] debug-file - jsonObjWithoutParam {} at undefined
[2025-10-21T21:10:10.836] [DEBUG] debug-file - jsonObjWithoutParam {"name":"utils","version":"1.0.0","description":"Please describe the basic information.","main":"Index.ets","author":"","license":"Apache-2.0","dependencies":{}} at undefined
[2025-10-21T21:10:10.837] [DEBUG] debug-file - Executing task :utils:default@DoNativeStrip
[2025-10-21T21:10:10.838] [DEBUG] debug-file - Task 'utils:default@DoNativeStrip' cost while wrapping incremental declarations: 1 ms 
[2025-10-21T21:10:10.838] [DEBUG] debug-file - Incremental task utils:default@DoNativeStrip pre-execution cost: 1 ms .
[2025-10-21T21:10:10.838] [DEBUG] debug-file - utils : default@DoNativeStrip cost memory 0.0788421630859375
[2025-10-21T21:10:10.838] [INFO] debug-file - UP-TO-DATE :utils:default@DoNativeStrip...  
[2025-10-21T21:10:10.840] [DEBUG] debug-file - jsonObjWithoutParam {"login":"file:../login"} at undefined
[2025-10-21T21:10:10.841] [DEBUG] debug-file - jsonObjWithoutParam {"name":"mine","version":"1.0.0","description":"Please describe the basic information.","main":"Index.ets","author":"","license":"Apache-2.0","dependencies":{"login":"file:../login"}} at undefined
[2025-10-21T21:10:10.841] [DEBUG] debug-file - Executing task :mine:default@ConfigureCmake
[2025-10-21T21:10:10.841] [DEBUG] debug-file - jsonObjWithoutParam {"login":"file:../login"} at undefined
[2025-10-21T21:10:10.841] [DEBUG] debug-file - jsonObjWithoutParam {"name":"mine","version":"1.0.0","description":"Please describe the basic information.","main":"Index.ets","author":"","license":"Apache-2.0","dependencies":{"login":"file:../login"}} at undefined
[2025-10-21T21:10:10.841] [DEBUG] debug-file - mine : default@ConfigureCmake cost memory 0.03841400146484375
[2025-10-21T21:10:10.841] [DEBUG] debug-file - runTaskFromQueue task cost before running: 585 ms 
[2025-10-21T21:10:10.841] [INFO] debug-file - Finished :mine:default@ConfigureCmake... after 1 ms 
[2025-10-21T21:10:10.843] [DEBUG] debug-file - jsonObjWithoutParam {"video":"file:../../features/video","news":"file:../../features/news","quickstart":"file:../../features/quickstart","follow":"file:../../features/follows","mine":"file:../../features/mine","login":"file:../../features/login","uicomponents":"file:../../commons/uicomponents","utils":"file:../../commons/utils"} at undefined
[2025-10-21T21:10:10.843] [DEBUG] debug-file - jsonObjWithoutParam {"name":"default","version":"1.0.0","description":"Please describe the basic information.","main":"","author":"","license":"","dependencies":{"video":"file:../../features/video","news":"file:../../features/news","quickstart":"file:../../features/quickstart","follow":"file:../../features/follows","mine":"file:../../features/mine","login":"file:../../features/login","uicomponents":"file:../../commons/uicomponents","utils":"file:../../commons/utils"}} at undefined
[2025-10-21T21:10:10.844] [DEBUG] debug-file - Executing task :default:default@MakePackInfo
[2025-10-21T21:10:10.847] [DEBUG] debug-file - Incremental task default:default@MakePackInfo pre-execution cost: 2 ms .
[2025-10-21T21:10:10.847] [DEBUG] debug-file - default : default@MakePackInfo cost memory 0.1563720703125
[2025-10-21T21:10:10.847] [INFO] debug-file - UP-TO-DATE :default:default@MakePackInfo...  
[2025-10-21T21:10:10.848] [DEBUG] debug-file - jsonObjWithoutParam {"video":"file:../../features/video","news":"file:../../features/news","quickstart":"file:../../features/quickstart","follow":"file:../../features/follows","mine":"file:../../features/mine","login":"file:../../features/login","uicomponents":"file:../../commons/uicomponents","utils":"file:../../commons/utils"} at undefined
[2025-10-21T21:10:10.849] [DEBUG] debug-file - jsonObjWithoutParam {"name":"default","version":"1.0.0","description":"Please describe the basic information.","main":"","author":"","license":"","dependencies":{"video":"file:../../features/video","news":"file:../../features/news","quickstart":"file:../../features/quickstart","follow":"file:../../features/follows","mine":"file:../../features/mine","login":"file:../../features/login","uicomponents":"file:../../commons/uicomponents","utils":"file:../../commons/utils"}} at undefined
[2025-10-21T21:10:10.850] [DEBUG] debug-file - Executing task :default:default@ProcessProfile
[2025-10-21T21:10:10.851] [DEBUG] debug-file - Incremental task default:default@ProcessProfile pre-execution cost: 1 ms .
[2025-10-21T21:10:10.851] [DEBUG] debug-file - default : default@ProcessProfile cost memory 0.12432861328125
[2025-10-21T21:10:10.851] [INFO] debug-file - UP-TO-DATE :default:default@ProcessProfile...  
[2025-10-21T21:10:10.852] [DEBUG] debug-file - jsonObjWithoutParam {} at undefined
[2025-10-21T21:10:10.852] [DEBUG] debug-file - jsonObjWithoutParam {"name":"uicomponents","version":"1.0.0","description":"Please describe the basic information.","main":"Index.ets","author":"","license":"Apache-2.0","dependencies":{}} at undefined
[2025-10-21T21:10:10.853] [DEBUG] debug-file - Executing task :uicomponents:default@DoNativeStrip
[2025-10-21T21:10:10.854] [DEBUG] debug-file - Task 'uicomponents:default@DoNativeStrip' cost while wrapping incremental declarations: 1 ms 
[2025-10-21T21:10:10.854] [DEBUG] debug-file - Incremental task uicomponents:default@DoNativeStrip pre-execution cost: 1 ms .
[2025-10-21T21:10:10.854] [DEBUG] debug-file - uicomponents : default@DoNativeStrip cost memory 0.07872772216796875
[2025-10-21T21:10:10.854] [INFO] debug-file - UP-TO-DATE :uicomponents:default@DoNativeStrip...  
[2025-10-21T21:10:10.855] [DEBUG] debug-file - jsonObjWithoutParam {"utils":"file:../../commons/utils","BackendConfig":"file:../../commons/utils"} at undefined
[2025-10-21T21:10:10.855] [DEBUG] debug-file - jsonObjWithoutParam {"name":"login","version":"1.0.0","description":"Please describe the basic information.","main":"Index.ets","author":"","license":"Apache-2.0","dependencies":{"utils":"file:../../commons/utils","BackendConfig":"file:../../commons/utils"}} at undefined
[2025-10-21T21:10:10.856] [DEBUG] debug-file - Executing task :login:default@BuildNativeWithNinja
[2025-10-21T21:10:10.856] [DEBUG] debug-file - jsonObjWithoutParam {"utils":"file:../../commons/utils","BackendConfig":"file:../../commons/utils"} at undefined
[2025-10-21T21:10:10.856] [DEBUG] debug-file - jsonObjWithoutParam {"name":"login","version":"1.0.0","description":"Please describe the basic information.","main":"Index.ets","author":"","license":"Apache-2.0","dependencies":{"utils":"file:../../commons/utils","BackendConfig":"file:../../commons/utils"}} at undefined
[2025-10-21T21:10:10.856] [DEBUG] debug-file - login : default@BuildNativeWithNinja cost memory 0.058746337890625
[2025-10-21T21:10:10.856] [DEBUG] debug-file - runTaskFromQueue task cost before running: 601 ms 
[2025-10-21T21:10:10.857] [INFO] debug-file - Finished :login:default@BuildNativeWithNinja... after 1 ms 
[2025-10-21T21:10:10.859] [DEBUG] debug-file - jsonObjWithoutParam {"login":"file:../login"} at undefined
[2025-10-21T21:10:10.859] [DEBUG] debug-file - jsonObjWithoutParam {"name":"mine","version":"1.0.0","description":"Please describe the basic information.","main":"Index.ets","author":"","license":"Apache-2.0","dependencies":{"login":"file:../login"}} at undefined
[2025-10-21T21:10:10.859] [DEBUG] debug-file - Executing task :mine:default@BuildNativeWithCmake
[2025-10-21T21:10:10.859] [DEBUG] debug-file - jsonObjWithoutParam {"login":"file:../login"} at undefined
[2025-10-21T21:10:10.859] [DEBUG] debug-file - jsonObjWithoutParam {"name":"mine","version":"1.0.0","description":"Please describe the basic information.","main":"Index.ets","author":"","license":"Apache-2.0","dependencies":{"login":"file:../login"}} at undefined
[2025-10-21T21:10:10.859] [DEBUG] debug-file - mine : default@BuildNativeWithCmake cost memory 0.0399169921875
[2025-10-21T21:10:10.859] [DEBUG] debug-file - runTaskFromQueue task cost before running: 604 ms 
[2025-10-21T21:10:10.859] [INFO] debug-file - Finished :mine:default@BuildNativeWithCmake... after 1 ms 
[2025-10-21T21:10:10.861] [DEBUG] debug-file - jsonObjWithoutParam {"video":"file:../../features/video","news":"file:../../features/news","quickstart":"file:../../features/quickstart","follow":"file:../../features/follows","mine":"file:../../features/mine","login":"file:../../features/login","uicomponents":"file:../../commons/uicomponents","utils":"file:../../commons/utils"} at undefined
[2025-10-21T21:10:10.861] [DEBUG] debug-file - jsonObjWithoutParam {"name":"default","version":"1.0.0","description":"Please describe the basic information.","main":"","author":"","license":"","dependencies":{"video":"file:../../features/video","news":"file:../../features/news","quickstart":"file:../../features/quickstart","follow":"file:../../features/follows","mine":"file:../../features/mine","login":"file:../../features/login","uicomponents":"file:../../commons/uicomponents","utils":"file:../../commons/utils"}} at undefined
[2025-10-21T21:10:10.862] [DEBUG] debug-file - restool module names: default,news,video,quickstart,utils,uicomponents,mine,login,follows; moduleName=default, taskName=default@ProcessResource
[2025-10-21T21:10:10.865] [DEBUG] debug-file - Executing task :default:default@ProcessResource
[2025-10-21T21:10:10.866] [DEBUG] debug-file - Incremental task default:default@ProcessResource pre-execution cost: 1 ms .
[2025-10-21T21:10:10.866] [DEBUG] debug-file - default : default@ProcessResource cost memory 0.1773681640625
[2025-10-21T21:10:10.867] [INFO] debug-file - UP-TO-DATE :default:default@ProcessResource...  
[2025-10-21T21:10:10.868] [DEBUG] debug-file - jsonObjWithoutParam {"utils":"file:../../commons/utils","uicomponents":"file:../../commons/uicomponents"} at undefined
[2025-10-21T21:10:10.868] [DEBUG] debug-file - jsonObjWithoutParam {"name":"news","version":"1.0.0","description":"Please describe the basic information.","main":"Index.ets","author":"","license":"Apache-2.0","dependencies":{"utils":"file:../../commons/utils","uicomponents":"file:../../commons/uicomponents"}} at undefined
[2025-10-21T21:10:10.869] [DEBUG] debug-file - Executing task :news:default@BuildNativeWithNinja
[2025-10-21T21:10:10.869] [DEBUG] debug-file - jsonObjWithoutParam {"utils":"file:../../commons/utils","uicomponents":"file:../../commons/uicomponents"} at undefined
[2025-10-21T21:10:10.869] [DEBUG] debug-file - jsonObjWithoutParam {"name":"news","version":"1.0.0","description":"Please describe the basic information.","main":"Index.ets","author":"","license":"Apache-2.0","dependencies":{"utils":"file:../../commons/utils","uicomponents":"file:../../commons/uicomponents"}} at undefined
[2025-10-21T21:10:10.869] [DEBUG] debug-file - news : default@BuildNativeWithNinja cost memory 0.0587310791015625
[2025-10-21T21:10:10.869] [DEBUG] debug-file - runTaskFromQueue task cost before running: 614 ms 
[2025-10-21T21:10:10.870] [INFO] debug-file - Finished :news:default@BuildNativeWithNinja... after 1 ms 
[2025-10-21T21:10:10.871] [DEBUG] debug-file - jsonObjWithoutParam {"utils":"file:../../commons/utils","uicomponents":"file:../../commons/uicomponents"} at undefined
[2025-10-21T21:10:10.872] [DEBUG] debug-file - jsonObjWithoutParam {"name":"video","version":"1.0.0","description":"Please describe the basic information.","main":"Index.ets","author":"","license":"Apache-2.0","dependencies":{"utils":"file:../../commons/utils","uicomponents":"file:../../commons/uicomponents"}} at undefined
[2025-10-21T21:10:10.872] [DEBUG] debug-file - Executing task :video:default@BuildNativeWithNinja
[2025-10-21T21:10:10.872] [DEBUG] debug-file - jsonObjWithoutParam {"utils":"file:../../commons/utils","uicomponents":"file:../../commons/uicomponents"} at undefined
[2025-10-21T21:10:10.872] [DEBUG] debug-file - jsonObjWithoutParam {"name":"video","version":"1.0.0","description":"Please describe the basic information.","main":"Index.ets","author":"","license":"Apache-2.0","dependencies":{"utils":"file:../../commons/utils","uicomponents":"file:../../commons/uicomponents"}} at undefined
[2025-10-21T21:10:10.872] [DEBUG] debug-file - video : default@BuildNativeWithNinja cost memory 0.05883026123046875
[2025-10-21T21:10:10.872] [DEBUG] debug-file - runTaskFromQueue task cost before running: 617 ms 
[2025-10-21T21:10:10.873] [INFO] debug-file - Finished :video:default@BuildNativeWithNinja... after 1 ms 
[2025-10-21T21:10:10.874] [DEBUG] debug-file - jsonObjWithoutParam {"utils":"file:../../commons/utils","uicomponents":"file:../../commons/uicomponents"} at undefined
[2025-10-21T21:10:10.874] [DEBUG] debug-file - jsonObjWithoutParam {"name":"quickstart","version":"1.0.0","description":"Please describe the basic information.","main":"Index.ets","author":"","license":"Apache-2.0","dependencies":{"utils":"file:../../commons/utils","uicomponents":"file:../../commons/uicomponents"}} at undefined
[2025-10-21T21:10:10.874] [DEBUG] debug-file - Executing task :quickstart:default@BuildNativeWithNinja
[2025-10-21T21:10:10.874] [DEBUG] debug-file - jsonObjWithoutParam {"utils":"file:../../commons/utils","uicomponents":"file:../../commons/uicomponents"} at undefined
[2025-10-21T21:10:10.874] [DEBUG] debug-file - jsonObjWithoutParam {"name":"quickstart","version":"1.0.0","description":"Please describe the basic information.","main":"Index.ets","author":"","license":"Apache-2.0","dependencies":{"utils":"file:../../commons/utils","uicomponents":"file:../../commons/uicomponents"}} at undefined
[2025-10-21T21:10:10.875] [DEBUG] debug-file - quickstart : default@BuildNativeWithNinja cost memory 0.05908203125
[2025-10-21T21:10:10.875] [DEBUG] debug-file - runTaskFromQueue task cost before running: 619 ms 
[2025-10-21T21:10:10.876] [INFO] debug-file - Finished :quickstart:default@BuildNativeWithNinja... after 1 ms 
[2025-10-21T21:10:10.877] [DEBUG] debug-file - jsonObjWithoutParam {"uicomponents":"file:../../commons/uicomponents","utils":"file:../../commons/utils"} at undefined
[2025-10-21T21:10:10.877] [DEBUG] debug-file - jsonObjWithoutParam {"name":"follows","version":"1.0.0","description":"Please describe the basic information.","main":"Index.ets","author":"","license":"Apache-2.0","dependencies":{"uicomponents":"file:../../commons/uicomponents","utils":"file:../../commons/utils"}} at undefined
[2025-10-21T21:10:10.877] [DEBUG] debug-file - Executing task :follows:default@BuildNativeWithNinja
[2025-10-21T21:10:10.877] [DEBUG] debug-file - jsonObjWithoutParam {"uicomponents":"file:../../commons/uicomponents","utils":"file:../../commons/utils"} at undefined
[2025-10-21T21:10:10.877] [DEBUG] debug-file - jsonObjWithoutParam {"name":"follows","version":"1.0.0","description":"Please describe the basic information.","main":"Index.ets","author":"","license":"Apache-2.0","dependencies":{"uicomponents":"file:../../commons/uicomponents","utils":"file:../../commons/utils"}} at undefined
[2025-10-21T21:10:10.878] [DEBUG] debug-file - follows : default@BuildNativeWithNinja cost memory 0.05890655517578125
[2025-10-21T21:10:10.878] [DEBUG] debug-file - runTaskFromQueue task cost before running: 622 ms 
[2025-10-21T21:10:10.878] [INFO] debug-file - Finished :follows:default@BuildNativeWithNinja... after 1 ms 
[2025-10-21T21:10:10.879] [DEBUG] debug-file - jsonObjWithoutParam {"utils":"file:../../commons/utils","BackendConfig":"file:../../commons/utils"} at undefined
[2025-10-21T21:10:10.879] [DEBUG] debug-file - jsonObjWithoutParam {"name":"login","version":"1.0.0","description":"Please describe the basic information.","main":"Index.ets","author":"","license":"Apache-2.0","dependencies":{"utils":"file:../../commons/utils","BackendConfig":"file:../../commons/utils"}} at undefined
[2025-10-21T21:10:10.880] [DEBUG] debug-file - Executing task :login:default@ProcessLibs
[2025-10-21T21:10:10.881] [DEBUG] debug-file - Incremental task login:default@ProcessLibs pre-execution cost: 1 ms .
[2025-10-21T21:10:10.881] [DEBUG] debug-file - login : default@ProcessLibs cost memory 0.13835906982421875
[2025-10-21T21:10:10.881] [INFO] debug-file - UP-TO-DATE :login:default@ProcessLibs...  
[2025-10-21T21:10:10.883] [DEBUG] debug-file - jsonObjWithoutParam {"video":"file:../../features/video","news":"file:../../features/news","quickstart":"file:../../features/quickstart","follow":"file:../../features/follows","mine":"file:../../features/mine","login":"file:../../features/login","uicomponents":"file:../../commons/uicomponents","utils":"file:../../commons/utils"} at undefined
[2025-10-21T21:10:10.883] [DEBUG] debug-file - jsonObjWithoutParam {"name":"default","version":"1.0.0","description":"Please describe the basic information.","main":"","author":"","license":"","dependencies":{"video":"file:../../features/video","news":"file:../../features/news","quickstart":"file:../../features/quickstart","follow":"file:../../features/follows","mine":"file:../../features/mine","login":"file:../../features/login","uicomponents":"file:../../commons/uicomponents","utils":"file:../../commons/utils"}} at undefined
[2025-10-21T21:10:10.883] [DEBUG] debug-file - Executing task :default:default@ConfigureCmake
[2025-10-21T21:10:10.883] [DEBUG] debug-file - jsonObjWithoutParam {"video":"file:../../features/video","news":"file:../../features/news","quickstart":"file:../../features/quickstart","follow":"file:../../features/follows","mine":"file:../../features/mine","login":"file:../../features/login","uicomponents":"file:../../commons/uicomponents","utils":"file:../../commons/utils"} at undefined
[2025-10-21T21:10:10.883] [DEBUG] debug-file - jsonObjWithoutParam {"name":"default","version":"1.0.0","description":"Please describe the basic information.","main":"","author":"","license":"","dependencies":{"video":"file:../../features/video","news":"file:../../features/news","quickstart":"file:../../features/quickstart","follow":"file:../../features/follows","mine":"file:../../features/mine","login":"file:../../features/login","uicomponents":"file:../../commons/uicomponents","utils":"file:../../commons/utils"}} at undefined
[2025-10-21T21:10:10.883] [DEBUG] debug-file - default : default@ConfigureCmake cost memory 0.04958343505859375
[2025-10-21T21:10:10.883] [DEBUG] debug-file - runTaskFromQueue task cost before running: 628 ms 
[2025-10-21T21:10:10.883] [INFO] debug-file - Finished :default:default@ConfigureCmake... after 1 ms 
[2025-10-21T21:10:10.885] [DEBUG] debug-file - jsonObjWithoutParam {"video":"file:../../features/video","news":"file:../../features/news","quickstart":"file:../../features/quickstart","follow":"file:../../features/follows","mine":"file:../../features/mine","login":"file:../../features/login","uicomponents":"file:../../commons/uicomponents","utils":"file:../../commons/utils"} at undefined
[2025-10-21T21:10:10.885] [DEBUG] debug-file - jsonObjWithoutParam {"name":"default","version":"1.0.0","description":"Please describe the basic information.","main":"","author":"","license":"","dependencies":{"video":"file:../../features/video","news":"file:../../features/news","quickstart":"file:../../features/quickstart","follow":"file:../../features/follows","mine":"file:../../features/mine","login":"file:../../features/login","uicomponents":"file:../../commons/uicomponents","utils":"file:../../commons/utils"}} at undefined
[2025-10-21T21:10:10.885] [DEBUG] debug-file - restool module names: default,news,video,quickstart,utils,uicomponents,mine,login,follows; moduleName=default, taskName=default@CompileResource
[2025-10-21T21:10:10.889] [DEBUG] debug-file - Executing task :default:default@CompileResource
[2025-10-21T21:10:10.902] [DEBUG] debug-file - Incremental task default:default@CompileResource pre-execution cost: 13 ms .
[2025-10-21T21:10:10.902] [DEBUG] debug-file - default : default@CompileResource cost memory -4.559074401855469
[2025-10-21T21:10:10.903] [INFO] debug-file - UP-TO-DATE :default:default@CompileResource...  
[2025-10-21T21:10:10.904] [DEBUG] debug-file - jsonObjWithoutParam {"utils":"file:../../commons/utils","uicomponents":"file:../../commons/uicomponents"} at undefined
[2025-10-21T21:10:10.904] [DEBUG] debug-file - jsonObjWithoutParam {"name":"news","version":"1.0.0","description":"Please describe the basic information.","main":"Index.ets","author":"","license":"Apache-2.0","dependencies":{"utils":"file:../../commons/utils","uicomponents":"file:../../commons/uicomponents"}} at undefined
[2025-10-21T21:10:10.905] [DEBUG] debug-file - Executing task :news:default@ProcessLibs
[2025-10-21T21:10:10.906] [DEBUG] debug-file - Incremental task news:default@ProcessLibs pre-execution cost: 1 ms .
[2025-10-21T21:10:10.906] [DEBUG] debug-file - news : default@ProcessLibs cost memory 0.1339111328125
[2025-10-21T21:10:10.907] [INFO] debug-file - UP-TO-DATE :news:default@ProcessLibs...  
[2025-10-21T21:10:10.908] [DEBUG] debug-file - jsonObjWithoutParam {"utils":"file:../../commons/utils","uicomponents":"file:../../commons/uicomponents"} at undefined
[2025-10-21T21:10:10.908] [DEBUG] debug-file - jsonObjWithoutParam {"name":"video","version":"1.0.0","description":"Please describe the basic information.","main":"Index.ets","author":"","license":"Apache-2.0","dependencies":{"utils":"file:../../commons/utils","uicomponents":"file:../../commons/uicomponents"}} at undefined
[2025-10-21T21:10:10.908] [DEBUG] debug-file - Executing task :video:default@ProcessLibs
[2025-10-21T21:10:10.910] [DEBUG] debug-file - Incremental task video:default@ProcessLibs pre-execution cost: 1 ms .
[2025-10-21T21:10:10.910] [DEBUG] debug-file - video : default@ProcessLibs cost memory 0.1342315673828125
[2025-10-21T21:10:10.910] [INFO] debug-file - UP-TO-DATE :video:default@ProcessLibs...  
[2025-10-21T21:10:10.911] [DEBUG] debug-file - jsonObjWithoutParam {"utils":"file:../../commons/utils","uicomponents":"file:../../commons/uicomponents"} at undefined
[2025-10-21T21:10:10.911] [DEBUG] debug-file - jsonObjWithoutParam {"name":"quickstart","version":"1.0.0","description":"Please describe the basic information.","main":"Index.ets","author":"","license":"Apache-2.0","dependencies":{"utils":"file:../../commons/utils","uicomponents":"file:../../commons/uicomponents"}} at undefined
[2025-10-21T21:10:10.912] [DEBUG] debug-file - Executing task :quickstart:default@ProcessLibs
[2025-10-21T21:10:10.913] [DEBUG] debug-file - Incremental task quickstart:default@ProcessLibs pre-execution cost: 1 ms .
[2025-10-21T21:10:10.913] [DEBUG] debug-file - quickstart : default@ProcessLibs cost memory 0.13678741455078125
[2025-10-21T21:10:10.914] [INFO] debug-file - UP-TO-DATE :quickstart:default@ProcessLibs...  
[2025-10-21T21:10:10.915] [DEBUG] debug-file - jsonObjWithoutParam {"uicomponents":"file:../../commons/uicomponents","utils":"file:../../commons/utils"} at undefined
[2025-10-21T21:10:10.915] [DEBUG] debug-file - jsonObjWithoutParam {"name":"follows","version":"1.0.0","description":"Please describe the basic information.","main":"Index.ets","author":"","license":"Apache-2.0","dependencies":{"uicomponents":"file:../../commons/uicomponents","utils":"file:../../commons/utils"}} at undefined
[2025-10-21T21:10:10.915] [DEBUG] debug-file - Executing task :follows:default@ProcessLibs
[2025-10-21T21:10:10.917] [DEBUG] debug-file - Incremental task follows:default@ProcessLibs pre-execution cost: 1 ms .
[2025-10-21T21:10:10.918] [DEBUG] debug-file - follows : default@ProcessLibs cost memory 0.1347198486328125
[2025-10-21T21:10:10.918] [INFO] debug-file - UP-TO-DATE :follows:default@ProcessLibs...  
[2025-10-21T21:10:10.921] [DEBUG] debug-file - jsonObjWithoutParam {"utils":"file:../../commons/utils","BackendConfig":"file:../../commons/utils"} at undefined
[2025-10-21T21:10:10.921] [DEBUG] debug-file - jsonObjWithoutParam {"name":"login","version":"1.0.0","description":"Please describe the basic information.","main":"Index.ets","author":"","license":"Apache-2.0","dependencies":{"utils":"file:../../commons/utils","BackendConfig":"file:../../commons/utils"}} at undefined
[2025-10-21T21:10:10.923] [DEBUG] debug-file - Executing task :login:default@DoNativeStrip
[2025-10-21T21:10:10.923] [DEBUG] debug-file - Task 'login:default@DoNativeStrip' cost while wrapping incremental declarations: 1 ms 
[2025-10-21T21:10:10.924] [DEBUG] debug-file - Incremental task login:default@DoNativeStrip pre-execution cost: 1 ms .
[2025-10-21T21:10:10.924] [DEBUG] debug-file - login : default@DoNativeStrip cost memory 0.0915069580078125
[2025-10-21T21:10:10.924] [INFO] debug-file - UP-TO-DATE :login:default@DoNativeStrip...  
[2025-10-21T21:10:10.926] [DEBUG] debug-file - jsonObjWithoutParam {"video":"file:../../features/video","news":"file:../../features/news","quickstart":"file:../../features/quickstart","follow":"file:../../features/follows","mine":"file:../../features/mine","login":"file:../../features/login","uicomponents":"file:../../commons/uicomponents","utils":"file:../../commons/utils"} at undefined
[2025-10-21T21:10:10.926] [DEBUG] debug-file - jsonObjWithoutParam {"name":"default","version":"1.0.0","description":"Please describe the basic information.","main":"","author":"","license":"","dependencies":{"video":"file:../../features/video","news":"file:../../features/news","quickstart":"file:../../features/quickstart","follow":"file:../../features/follows","mine":"file:../../features/mine","login":"file:../../features/login","uicomponents":"file:../../commons/uicomponents","utils":"file:../../commons/utils"}} at undefined
[2025-10-21T21:10:10.926] [DEBUG] debug-file - Executing task :default:default@BuildNativeWithCmake
[2025-10-21T21:10:10.926] [DEBUG] debug-file - jsonObjWithoutParam {"video":"file:../../features/video","news":"file:../../features/news","quickstart":"file:../../features/quickstart","follow":"file:../../features/follows","mine":"file:../../features/mine","login":"file:../../features/login","uicomponents":"file:../../commons/uicomponents","utils":"file:../../commons/utils"} at undefined
[2025-10-21T21:10:10.926] [DEBUG] debug-file - jsonObjWithoutParam {"name":"default","version":"1.0.0","description":"Please describe the basic information.","main":"","author":"","license":"","dependencies":{"video":"file:../../features/video","news":"file:../../features/news","quickstart":"file:../../features/quickstart","follow":"file:../../features/follows","mine":"file:../../features/mine","login":"file:../../features/login","uicomponents":"file:../../commons/uicomponents","utils":"file:../../commons/utils"}} at undefined
[2025-10-21T21:10:10.926] [DEBUG] debug-file - default : default@BuildNativeWithCmake cost memory 0.04961395263671875
[2025-10-21T21:10:10.927] [DEBUG] debug-file - runTaskFromQueue task cost before running: 671 ms 
[2025-10-21T21:10:10.927] [INFO] debug-file - Finished :default:default@BuildNativeWithCmake... after 1 ms 
[2025-10-21T21:10:10.928] [DEBUG] debug-file - jsonObjWithoutParam {"video":"file:../../features/video","news":"file:../../features/news","quickstart":"file:../../features/quickstart","follow":"file:../../features/follows","mine":"file:../../features/mine","login":"file:../../features/login","uicomponents":"file:../../commons/uicomponents","utils":"file:../../commons/utils"} at undefined
[2025-10-21T21:10:10.928] [DEBUG] debug-file - jsonObjWithoutParam {"name":"default","version":"1.0.0","description":"Please describe the basic information.","main":"","author":"","license":"","dependencies":{"video":"file:../../features/video","news":"file:../../features/news","quickstart":"file:../../features/quickstart","follow":"file:../../features/follows","mine":"file:../../features/mine","login":"file:../../features/login","uicomponents":"file:../../commons/uicomponents","utils":"file:../../commons/utils"}} at undefined
[2025-10-21T21:10:10.930] [DEBUG] debug-file - Executing task :default:default@CompileArkTS
[2025-10-21T21:10:10.931] [DEBUG] debug-file - obfuscationOptions: undefined
[2025-10-21T21:10:10.948] [DEBUG] debug-file - default:default@CompileArkTS is not up-to-date, since the input file 'G:\HarmonyOsProjects\news_app-3a12a9aaec8f982bbbef9569988265dcb99f73e0\features\login\src\main\ets' has been changed.
[2025-10-21T21:10:10.948] [DEBUG] debug-file - Incremental task default:default@CompileArkTS pre-execution cost: 8 ms .
[2025-10-21T21:10:10.958] [DEBUG] debug-file - build config:
[2025-10-21T21:10:10.959] [DEBUG] debug-file - {
  moduleType: 'entry',
  perf: 0,
  targetName: '.default',
  packageManagerType: 'ohpm',
  localPropertiesPath: 'G:\\HarmonyOsProjects\\news_app-3a12a9aaec8f982bbbef9569988265dcb99f73e0\\local.properties',
  isPreview: false,
  isOhosTest: false,
  isLocalTest: false,
  buildMode: 'Debug',
  watchMode: 'false',
  aceProfilePath: 'G:\\HarmonyOsProjects\\news_app-3a12a9aaec8f982bbbef9569988265dcb99f73e0\\products\\default\\build\\default\\intermediates\\res\\default\\resources\\base\\profile',
  etsLoaderPath: 'G:\\DevEco Studio\\sdk\\default\\openharmony\\ets\\build-tools\\ets-loader',
  modulePath: 'G:\\HarmonyOsProjects\\news_app-3a12a9aaec8f982bbbef9569988265dcb99f73e0\\products\\default',
  testFrameworkPar: {
    testMode: undefined,
    coveragePathFilter: undefined,
    coverageMode: undefined
  },
  needCoverageInsert: false,
  debugLine: false,
  projectTopDir: 'G:\\HarmonyOsProjects\\news_app-3a12a9aaec8f982bbbef9569988265dcb99f73e0',
  compileSdkVersion: 18,
  compatibleSdkVersion: 17,
  compatibleSdkVersionStage: undefined,
  bundleName: 'c***t',
  etsLoaderVersion: '5.1.0.110',
  etsLoaderReleaseType: 'Release',
  aotCompileMode: 'type',
  apPath: 'G:\\HarmonyOsProjects\\news_app-3a12a9aaec8f982bbbef9569988265dcb99f73e0\\products\\default\\modules.ap',
  entryModuleName: 'default',
  entryModuleVersion: '1.0.0',
  entryPackageName: 'default',
  allModuleNameHash: '4f72ccedca24de805b84221319f6d728',
  externalApiPaths: [ 'G:\\DevEco Studio\\sdk\\default\\hms\\ets' ],
  compilerTypes: undefined,
  isCrossplatform: false,
  hvigorPluginFile: undefined,
  compilePluginPath: undefined,
  buildGeneratedProfilePath: 'G:\\HarmonyOsProjects\\news_app-3a12a9aaec8f982bbbef9569988265dcb99f73e0\\products\\default\\build\\default\\generated\\profile\\default',
  bundleType: 'app',
  arkTSVersion: undefined,
  apiVersion: 18,
  needCompleteSourcesMap: false,
  isFaMode: false,
  strictMode: undefined,
  buildDir: 'G:\\HarmonyOsProjects\\news_app-3a12a9aaec8f982bbbef9569988265dcb99f73e0\\products\\default\\build',
  deviceTypes: [ 'phone', 'tablet', '2in1' ],
  useNormalizedOHMUrl: false,
  pkgContextInfo: undefined,
  ohPackagePathMap: {},
  dependencyAliasMap: {},
  permission: { requestPermissions: [ [Object] ], definePermissions: undefined },
  integratedHsp: false,
  projectArkOption: undefined,
  sourceMapDir: undefined,
  branchElimination: false,
  transformLib: undefined,
  caseSensitiveCheck: false,
  tsImportSendable: false,
  resolveConflictMode: true,
  depName2RootPath: {},
  depName2DepInfo: {},
  rootPathSet: [
    'G:\\HarmonyOsProjects\\news_app-3a12a9aaec8f982bbbef9569988265dcb99f73e0'
  ],
  useNativeResolver: true,
  shouldEmitJs: true,
  useTscResolve: false,
  singleFileEmit: false,
  userProjectConfig: {
    autoLazyImport: false,
    allowEmptyBundleName: false,
    reExportCheckMode: 'noCheck'
  },
  autoLazyImport: false,
  allowEmptyBundleName: false,
  reExportCheckMode: 'noCheck',
  arkCompileCachePath: 'G:\\HarmonyOsProjects\\news_app-3a12a9aaec8f982bbbef9569988265dcb99f73e0\\products\\default\\build\\default\\cache\\default\\default@CompileArkTS\\esmodule',
  aceModuleJsonPath: 'G:\\HarmonyOsProjects\\news_app-3a12a9aaec8f982bbbef9569988265dcb99f73e0\\products\\default\\build\\default\\intermediates\\res\\default\\ark_module.json',
  appResource: 'G:\\HarmonyOsProjects\\news_app-3a12a9aaec8f982bbbef9569988265dcb99f73e0\\products\\default\\build\\default\\intermediates\\res\\default\\ResourceTable.txt',
  rawFileResource: 'G:\\HarmonyOsProjects\\news_app-3a12a9aaec8f982bbbef9569988265dcb99f73e0\\products\\default\\build\\default\\intermediates\\res\\default\\resources\\rawfile',
  resourceTableHash: '973ba68d93ea4e73edb12958ad88852c',
  runtimeOS: 'HarmonyOS',
  sdkInfo: 'false:18:5.1.0.110:Release',
  aceModuleRoot: 'G:\\HarmonyOsProjects\\news_app-3a12a9aaec8f982bbbef9569988265dcb99f73e0\\products\\default\\src\\main\\ets',
  compileMode: 'esmodule',
  aceSuperVisualPath: 'G:\\HarmonyOsProjects\\news_app-3a12a9aaec8f982bbbef9569988265dcb99f73e0\\products\\default\\src\\main\\supervisual',
  aceBuildJson: 'G:\\HarmonyOsProjects\\news_app-3a12a9aaec8f982bbbef9569988265dcb99f73e0\\products\\default\\build\\default\\intermediates\\loader\\default\\loader.json',
  cachePath: 'G:\\HarmonyOsProjects\\news_app-3a12a9aaec8f982bbbef9569988265dcb99f73e0\\products\\default\\build\\default\\cache\\default\\default@CompileArkTS\\esmodule\\debug',
  aceModuleBuild: 'G:\\HarmonyOsProjects\\news_app-3a12a9aaec8f982bbbef9569988265dcb99f73e0\\products\\default\\build\\default\\intermediates\\loader_out\\default\\ets',
  supportChunks: true,
  declaredFilesPath: undefined,
  pkgNameToPkgBriefInfo: {
    video: {
      pkgRoot: 'G:\\HarmonyOsProjects\\news_app-3a12a9aaec8f982bbbef9569988265dcb99f73e0\\features\\video',
      pkgName: 'video',
      sourceRoots: [Array],
      originalSourceRoots: undefined
    },
    news: {
      pkgRoot: 'G:\\HarmonyOsProjects\\news_app-3a12a9aaec8f982bbbef9569988265dcb99f73e0\\features\\news',
      pkgName: 'news',
      sourceRoots: [Array],
      originalSourceRoots: undefined
    },
    quickstart: {
      pkgRoot: 'G:\\HarmonyOsProjects\\news_app-3a12a9aaec8f982bbbef9569988265dcb99f73e0\\features\\quickstart',
      pkgName: 'quickstart',
      sourceRoots: [Array],
      originalSourceRoots: undefined
    },
    follows: {
      pkgRoot: 'G:\\HarmonyOsProjects\\news_app-3a12a9aaec8f982bbbef9569988265dcb99f73e0\\features\\follows',
      pkgName: 'follows',
      sourceRoots: [Array],
      originalSourceRoots: undefined
    },
    mine: {
      pkgRoot: 'G:\\HarmonyOsProjects\\news_app-3a12a9aaec8f982bbbef9569988265dcb99f73e0\\features\\mine',
      pkgName: 'mine',
      sourceRoots: [Array],
      originalSourceRoots: undefined
    },
    login: {
      pkgRoot: 'G:\\HarmonyOsProjects\\news_app-3a12a9aaec8f982bbbef9569988265dcb99f73e0\\features\\login',
      pkgName: 'login',
      sourceRoots: [Array],
      originalSourceRoots: undefined
    },
    uicomponents: {
      pkgRoot: 'G:\\HarmonyOsProjects\\news_app-3a12a9aaec8f982bbbef9569988265dcb99f73e0\\commons\\uicomponents',
      pkgName: 'uicomponents',
      sourceRoots: [Array],
      originalSourceRoots: undefined
    },
    utils: {
      pkgRoot: 'G:\\HarmonyOsProjects\\news_app-3a12a9aaec8f982bbbef9569988265dcb99f73e0\\commons\\utils',
      pkgName: 'utils',
      sourceRoots: [Array],
      originalSourceRoots: undefined
    },
    default: {
      pkgRoot: 'G:\\HarmonyOsProjects\\news_app-3a12a9aaec8f982bbbef9569988265dcb99f73e0\\products\\default',
      originalSourceRoots: undefined,
      sourceRoots: [Array],
      pkgName: 'default'
    }
  },
  projectModel: {
    'G:\\HarmonyOsProjects\\news_app-3a12a9aaec8f982bbbef9569988265dcb99f73e0\\products\\default\\src\\main': {
      moduleName: 'default',
      modulePkgPath: 'G:\\HarmonyOsProjects\\news_app-3a12a9aaec8f982bbbef9569988265dcb99f73e0\\products\\default',
      belongProjectPath: 'G:\\HarmonyOsProjects\\news_app-3a12a9aaec8f982bbbef9569988265dcb99f73e0'
    },
    'G:\\HarmonyOsProjects\\news_app-3a12a9aaec8f982bbbef9569988265dcb99f73e0\\products\\default\\build\\default\\intermediates\\src\\ohosTest\\ets': {
      moduleName: 'default',
      modulePkgPath: 'G:\\HarmonyOsProjects\\news_app-3a12a9aaec8f982bbbef9569988265dcb99f73e0\\products\\default',
      belongProjectPath: 'G:\\HarmonyOsProjects\\news_app-3a12a9aaec8f982bbbef9569988265dcb99f73e0'
    },
    'G:\\HarmonyOsProjects\\news_app-3a12a9aaec8f982bbbef9569988265dcb99f73e0\\products\\default\\src\\ohosTest': {
      moduleName: 'default',
      modulePkgPath: 'G:\\HarmonyOsProjects\\news_app-3a12a9aaec8f982bbbef9569988265dcb99f73e0\\products\\default',
      belongProjectPath: 'G:\\HarmonyOsProjects\\news_app-3a12a9aaec8f982bbbef9569988265dcb99f73e0'
    },
    'G:\\HarmonyOsProjects\\news_app-3a12a9aaec8f982bbbef9569988265dcb99f73e0\\products\\default': {
      moduleName: 'default',
      modulePkgPath: 'G:\\HarmonyOsProjects\\news_app-3a12a9aaec8f982bbbef9569988265dcb99f73e0\\products\\default',
      belongProjectPath: 'G:\\HarmonyOsProjects\\news_app-3a12a9aaec8f982bbbef9569988265dcb99f73e0'
    },
    'G:\\HarmonyOsProjects\\news_app-3a12a9aaec8f982bbbef9569988265dcb99f73e0\\features\\news\\src\\main': {
      moduleName: 'news',
      modulePkgPath: 'G:\\HarmonyOsProjects\\news_app-3a12a9aaec8f982bbbef9569988265dcb99f73e0\\features\\news',
      belongProjectPath: 'G:\\HarmonyOsProjects\\news_app-3a12a9aaec8f982bbbef9569988265dcb99f73e0'
    },
    'G:\\HarmonyOsProjects\\news_app-3a12a9aaec8f982bbbef9569988265dcb99f73e0\\features\\news\\build\\default\\intermediates\\src\\ohosTest\\ets': {
      moduleName: 'news',
      modulePkgPath: 'G:\\HarmonyOsProjects\\news_app-3a12a9aaec8f982bbbef9569988265dcb99f73e0\\features\\news',
      belongProjectPath: 'G:\\HarmonyOsProjects\\news_app-3a12a9aaec8f982bbbef9569988265dcb99f73e0'
    },
    'G:\\HarmonyOsProjects\\news_app-3a12a9aaec8f982bbbef9569988265dcb99f73e0\\features\\news\\src\\ohosTest': {
      moduleName: 'news',
      modulePkgPath: 'G:\\HarmonyOsProjects\\news_app-3a12a9aaec8f982bbbef9569988265dcb99f73e0\\features\\news',
      belongProjectPath: 'G:\\HarmonyOsProjects\\news_app-3a12a9aaec8f982bbbef9569988265dcb99f73e0'
    },
    'G:\\HarmonyOsProjects\\news_app-3a12a9aaec8f982bbbef9569988265dcb99f73e0\\features\\news': {
      moduleName: 'news',
      modulePkgPath: 'G:\\HarmonyOsProjects\\news_app-3a12a9aaec8f982bbbef9569988265dcb99f73e0\\features\\news',
      belongProjectPath: 'G:\\HarmonyOsProjects\\news_app-3a12a9aaec8f982bbbef9569988265dcb99f73e0'
    },
    'G:\\HarmonyOsProjects\\news_app-3a12a9aaec8f982bbbef9569988265dcb99f73e0\\features\\video\\src\\main': {
      moduleName: 'video',
      modulePkgPath: 'G:\\HarmonyOsProjects\\news_app-3a12a9aaec8f982bbbef9569988265dcb99f73e0\\features\\video',
      belongProjectPath: 'G:\\HarmonyOsProjects\\news_app-3a12a9aaec8f982bbbef9569988265dcb99f73e0'
    },
    'G:\\HarmonyOsProjects\\news_app-3a12a9aaec8f982bbbef9569988265dcb99f73e0\\features\\video\\build\\default\\intermediates\\src\\ohosTest\\ets': {
      moduleName: 'video',
      modulePkgPath: 'G:\\HarmonyOsProjects\\news_app-3a12a9aaec8f982bbbef9569988265dcb99f73e0\\features\\video',
      belongProjectPath: 'G:\\HarmonyOsProjects\\news_app-3a12a9aaec8f982bbbef9569988265dcb99f73e0'
    },
    'G:\\HarmonyOsProjects\\news_app-3a12a9aaec8f982bbbef9569988265dcb99f73e0\\features\\video\\src\\ohosTest': {
      moduleName: 'video',
      modulePkgPath: 'G:\\HarmonyOsProjects\\news_app-3a12a9aaec8f982bbbef9569988265dcb99f73e0\\features\\video',
      belongProjectPath: 'G:\\HarmonyOsProjects\\news_app-3a12a9aaec8f982bbbef9569988265dcb99f73e0'
    },
    'G:\\HarmonyOsProjects\\news_app-3a12a9aaec8f982bbbef9569988265dcb99f73e0\\features\\video': {
      moduleName: 'video',
      modulePkgPath: 'G:\\HarmonyOsProjects\\news_app-3a12a9aaec8f982bbbef9569988265dcb99f73e0\\features\\video',
      belongProjectPath: 'G:\\HarmonyOsProjects\\news_app-3a12a9aaec8f982bbbef9569988265dcb99f73e0'
    },
    'G:\\HarmonyOsProjects\\news_app-3a12a9aaec8f982bbbef9569988265dcb99f73e0\\features\\quickstart\\src\\main': {
      moduleName: 'quickstart',
      modulePkgPath: 'G:\\HarmonyOsProjects\\news_app-3a12a9aaec8f982bbbef9569988265dcb99f73e0\\features\\quickstart',
      belongProjectPath: 'G:\\HarmonyOsProjects\\news_app-3a12a9aaec8f982bbbef9569988265dcb99f73e0'
    },
    'G:\\HarmonyOsProjects\\news_app-3a12a9aaec8f982bbbef9569988265dcb99f73e0\\features\\quickstart\\build\\default\\intermediates\\src\\ohosTest\\ets': {
      moduleName: 'quickstart',
      modulePkgPath: 'G:\\HarmonyOsProjects\\news_app-3a12a9aaec8f982bbbef9569988265dcb99f73e0\\features\\quickstart',
      belongProjectPath: 'G:\\HarmonyOsProjects\\news_app-3a12a9aaec8f982bbbef9569988265dcb99f73e0'
    },
    'G:\\HarmonyOsProjects\\news_app-3a12a9aaec8f982bbbef9569988265dcb99f73e0\\features\\quickstart\\src\\ohosTest': {
      moduleName: 'quickstart',
      modulePkgPath: 'G:\\HarmonyOsProjects\\news_app-3a12a9aaec8f982bbbef9569988265dcb99f73e0\\features\\quickstart',
      belongProjectPath: 'G:\\HarmonyOsProjects\\news_app-3a12a9aaec8f982bbbef9569988265dcb99f73e0'
    },
    'G:\\HarmonyOsProjects\\news_app-3a12a9aaec8f982bbbef9569988265dcb99f73e0\\features\\quickstart': {
      moduleName: 'quickstart',
      modulePkgPath: 'G:\\HarmonyOsProjects\\news_app-3a12a9aaec8f982bbbef9569988265dcb99f73e0\\features\\quickstart',
      belongProjectPath: 'G:\\HarmonyOsProjects\\news_app-3a12a9aaec8f982bbbef9569988265dcb99f73e0'
    },
    'G:\\HarmonyOsProjects\\news_app-3a12a9aaec8f982bbbef9569988265dcb99f73e0\\commons\\utils\\src\\main': {
      moduleName: 'utils',
      modulePkgPath: 'G:\\HarmonyOsProjects\\news_app-3a12a9aaec8f982bbbef9569988265dcb99f73e0\\commons\\utils',
      belongProjectPath: 'G:\\HarmonyOsProjects\\news_app-3a12a9aaec8f982bbbef9569988265dcb99f73e0'
    },
    'G:\\HarmonyOsProjects\\news_app-3a12a9aaec8f982bbbef9569988265dcb99f73e0\\commons\\utils\\build\\default\\intermediates\\src\\ohosTest\\ets': {
      moduleName: 'utils_test',
      modulePkgPath: 'G:\\HarmonyOsProjects\\news_app-3a12a9aaec8f982bbbef9569988265dcb99f73e0\\commons\\utils',
      belongProjectPath: 'G:\\HarmonyOsProjects\\news_app-3a12a9aaec8f982bbbef9569988265dcb99f73e0'
    },
    'G:\\HarmonyOsProjects\\news_app-3a12a9aaec8f982bbbef9569988265dcb99f73e0\\commons\\utils\\src\\ohosTest': {
      moduleName: 'utils_test',
      modulePkgPath: 'G:\\HarmonyOsProjects\\news_app-3a12a9aaec8f982bbbef9569988265dcb99f73e0\\commons\\utils',
      belongProjectPath: 'G:\\HarmonyOsProjects\\news_app-3a12a9aaec8f982bbbef9569988265dcb99f73e0'
    },
    'G:\\HarmonyOsProjects\\news_app-3a12a9aaec8f982bbbef9569988265dcb99f73e0\\commons\\utils': {
      moduleName: 'utils',
      modulePkgPath: 'G:\\HarmonyOsProjects\\news_app-3a12a9aaec8f982bbbef9569988265dcb99f73e0\\commons\\utils',
      belongProjectPath: 'G:\\HarmonyOsProjects\\news_app-3a12a9aaec8f982bbbef9569988265dcb99f73e0'
    },
    'G:\\HarmonyOsProjects\\news_app-3a12a9aaec8f982bbbef9569988265dcb99f73e0\\commons\\uicomponents\\src\\main': {
      moduleName: 'uicomponents',
      modulePkgPath: 'G:\\HarmonyOsProjects\\news_app-3a12a9aaec8f982bbbef9569988265dcb99f73e0\\commons\\uicomponents',
      belongProjectPath: 'G:\\HarmonyOsProjects\\news_app-3a12a9aaec8f982bbbef9569988265dcb99f73e0'
    },
    'G:\\HarmonyOsProjects\\news_app-3a12a9aaec8f982bbbef9569988265dcb99f73e0\\commons\\uicomponents\\build\\default\\intermediates\\src\\ohosTest\\ets': {
      moduleName: 'uicomponents_test',
      modulePkgPath: 'G:\\HarmonyOsProjects\\news_app-3a12a9aaec8f982bbbef9569988265dcb99f73e0\\commons\\uicomponents',
      belongProjectPath: 'G:\\HarmonyOsProjects\\news_app-3a12a9aaec8f982bbbef9569988265dcb99f73e0'
    },
    'G:\\HarmonyOsProjects\\news_app-3a12a9aaec8f982bbbef9569988265dcb99f73e0\\commons\\uicomponents\\src\\ohosTest': {
      moduleName: 'uicomponents_test',
      modulePkgPath: 'G:\\HarmonyOsProjects\\news_app-3a12a9aaec8f982bbbef9569988265dcb99f73e0\\commons\\uicomponents',
      belongProjectPath: 'G:\\HarmonyOsProjects\\news_app-3a12a9aaec8f982bbbef9569988265dcb99f73e0'
    },
    'G:\\HarmonyOsProjects\\news_app-3a12a9aaec8f982bbbef9569988265dcb99f73e0\\commons\\uicomponents': {
      moduleName: 'uicomponents',
      modulePkgPath: 'G:\\HarmonyOsProjects\\news_app-3a12a9aaec8f982bbbef9569988265dcb99f73e0\\commons\\uicomponents',
      belongProjectPath: 'G:\\HarmonyOsProjects\\news_app-3a12a9aaec8f982bbbef9569988265dcb99f73e0'
    },
    'G:\\HarmonyOsProjects\\news_app-3a12a9aaec8f982bbbef9569988265dcb99f73e0\\features\\mine\\src\\main': {
      moduleName: 'mine',
      modulePkgPath: 'G:\\HarmonyOsProjects\\news_app-3a12a9aaec8f982bbbef9569988265dcb99f73e0\\features\\mine',
      belongProjectPath: 'G:\\HarmonyOsProjects\\news_app-3a12a9aaec8f982bbbef9569988265dcb99f73e0'
    },
    'G:\\HarmonyOsProjects\\news_app-3a12a9aaec8f982bbbef9569988265dcb99f73e0\\features\\mine\\build\\default\\intermediates\\src\\ohosTest\\ets': {
      moduleName: 'mine_test',
      modulePkgPath: 'G:\\HarmonyOsProjects\\news_app-3a12a9aaec8f982bbbef9569988265dcb99f73e0\\features\\mine',
      belongProjectPath: 'G:\\HarmonyOsProjects\\news_app-3a12a9aaec8f982bbbef9569988265dcb99f73e0'
    },
    'G:\\HarmonyOsProjects\\news_app-3a12a9aaec8f982bbbef9569988265dcb99f73e0\\features\\mine\\src\\ohosTest': {
      moduleName: 'mine_test',
      modulePkgPath: 'G:\\HarmonyOsProjects\\news_app-3a12a9aaec8f982bbbef9569988265dcb99f73e0\\features\\mine',
      belongProjectPath: 'G:\\HarmonyOsProjects\\news_app-3a12a9aaec8f982bbbef9569988265dcb99f73e0'
    },
    'G:\\HarmonyOsProjects\\news_app-3a12a9aaec8f982bbbef9569988265dcb99f73e0\\features\\mine': {
      moduleName: 'mine',
      modulePkgPath: 'G:\\HarmonyOsProjects\\news_app-3a12a9aaec8f982bbbef9569988265dcb99f73e0\\features\\mine',
      belongProjectPath: 'G:\\HarmonyOsProjects\\news_app-3a12a9aaec8f982bbbef9569988265dcb99f73e0'
    },
    'G:\\HarmonyOsProjects\\news_app-3a12a9aaec8f982bbbef9569988265dcb99f73e0\\features\\login\\src\\main': {
      moduleName: 'login',
      modulePkgPath: 'G:\\HarmonyOsProjects\\news_app-3a12a9aaec8f982bbbef9569988265dcb99f73e0\\features\\login',
      belongProjectPath: 'G:\\HarmonyOsProjects\\news_app-3a12a9aaec8f982bbbef9569988265dcb99f73e0'
    },
    'G:\\HarmonyOsProjects\\news_app-3a12a9aaec8f982bbbef9569988265dcb99f73e0\\features\\login\\build\\default\\intermediates\\src\\ohosTest\\ets': {
      moduleName: 'login_test',
      modulePkgPath: 'G:\\HarmonyOsProjects\\news_app-3a12a9aaec8f982bbbef9569988265dcb99f73e0\\features\\login',
      belongProjectPath: 'G:\\HarmonyOsProjects\\news_app-3a12a9aaec8f982bbbef9569988265dcb99f73e0'
    },
    'G:\\HarmonyOsProjects\\news_app-3a12a9aaec8f982bbbef9569988265dcb99f73e0\\features\\login\\src\\ohosTest': {
      moduleName: 'login_test',
      modulePkgPath: 'G:\\HarmonyOsProjects\\news_app-3a12a9aaec8f982bbbef9569988265dcb99f73e0\\features\\login',
      belongProjectPath: 'G:\\HarmonyOsProjects\\news_app-3a12a9aaec8f982bbbef9569988265dcb99f73e0'
    },
    'G:\\HarmonyOsProjects\\news_app-3a12a9aaec8f982bbbef9569988265dcb99f73e0\\features\\login': {
      moduleName: 'login',
      modulePkgPath: 'G:\\HarmonyOsProjects\\news_app-3a12a9aaec8f982bbbef9569988265dcb99f73e0\\features\\login',
      belongProjectPath: 'G:\\HarmonyOsProjects\\news_app-3a12a9aaec8f982bbbef9569988265dcb99f73e0'
    },
    'G:\\HarmonyOsProjects\\news_app-3a12a9aaec8f982bbbef9569988265dcb99f73e0\\features\\follows\\src\\main': {
      moduleName: 'follows',
      modulePkgPath: 'G:\\HarmonyOsProjects\\news_app-3a12a9aaec8f982bbbef9569988265dcb99f73e0\\features\\follows',
      belongProjectPath: 'G:\\HarmonyOsProjects\\news_app-3a12a9aaec8f982bbbef9569988265dcb99f73e0'
    },
    'G:\\HarmonyOsProjects\\news_app-3a12a9aaec8f982bbbef9569988265dcb99f73e0\\features\\follows\\build\\default\\intermediates\\src\\ohosTest\\ets': {
      moduleName: 'follows_test',
      modulePkgPath: 'G:\\HarmonyOsProjects\\news_app-3a12a9aaec8f982bbbef9569988265dcb99f73e0\\features\\follows',
      belongProjectPath: 'G:\\HarmonyOsProjects\\news_app-3a12a9aaec8f982bbbef9569988265dcb99f73e0'
    },
    'G:\\HarmonyOsProjects\\news_app-3a12a9aaec8f982bbbef9569988265dcb99f73e0\\features\\follows\\src\\ohosTest': {
      moduleName: 'follows_test',
      modulePkgPath: 'G:\\HarmonyOsProjects\\news_app-3a12a9aaec8f982bbbef9569988265dcb99f73e0\\features\\follows',
      belongProjectPath: 'G:\\HarmonyOsProjects\\news_app-3a12a9aaec8f982bbbef9569988265dcb99f73e0'
    },
    'G:\\HarmonyOsProjects\\news_app-3a12a9aaec8f982bbbef9569988265dcb99f73e0\\features\\follows': {
      moduleName: 'follows',
      modulePkgPath: 'G:\\HarmonyOsProjects\\news_app-3a12a9aaec8f982bbbef9569988265dcb99f73e0\\features\\follows',
      belongProjectPath: 'G:\\HarmonyOsProjects\\news_app-3a12a9aaec8f982bbbef9569988265dcb99f73e0'
    },
    'G:\\HarmonyOsProjects\\news_app-3a12a9aaec8f982bbbef9569988265dcb99f73e0': {
      moduleName: 'news_app-3a12a9aaec8f982bbbef9569988265dcb99f73e0',
      modulePkgPath: 'G:\\HarmonyOsProjects\\news_app-3a12a9aaec8f982bbbef9569988265dcb99f73e0',
      belongProjectPath: 'G:\\HarmonyOsProjects\\news_app-3a12a9aaec8f982bbbef9569988265dcb99f73e0'
    }
  },
  pkgJsonFileHash: '59a2558a9dcbfa0b262caa1c319c7f52',
  allModulePaths: [
    'G:\\HarmonyOsProjects\\news_app-3a12a9aaec8f982bbbef9569988265dcb99f73e0\\products\\default',
    'G:\\HarmonyOsProjects\\news_app-3a12a9aaec8f982bbbef9569988265dcb99f73e0\\features\\news',
    'G:\\HarmonyOsProjects\\news_app-3a12a9aaec8f982bbbef9569988265dcb99f73e0\\features\\video',
    'G:\\HarmonyOsProjects\\news_app-3a12a9aaec8f982bbbef9569988265dcb99f73e0\\features\\quickstart',
    'G:\\HarmonyOsProjects\\news_app-3a12a9aaec8f982bbbef9569988265dcb99f73e0\\commons\\utils',
    'G:\\HarmonyOsProjects\\news_app-3a12a9aaec8f982bbbef9569988265dcb99f73e0\\commons\\uicomponents',
    'G:\\HarmonyOsProjects\\news_app-3a12a9aaec8f982bbbef9569988265dcb99f73e0\\features\\mine',
    'G:\\HarmonyOsProjects\\news_app-3a12a9aaec8f982bbbef9569988265dcb99f73e0\\features\\login',
    'G:\\HarmonyOsProjects\\news_app-3a12a9aaec8f982bbbef9569988265dcb99f73e0\\features\\follows'
  ],
  routerMap: {},
  obfuscationOptions: undefined,
  compileBlockPkg: [],
  mockParams: {
    decorator: '@MockSetup',
    packageName: '@ohos/hamock',
    etsSourceRootPath: 'src/main/ets',
    mockConfigPath: undefined,
    mockConfigKey2ModuleInfo: {}
  },
  copyCodeResourceEnable: true,
  copyCodeResourceExcludes: [],
  uiTransformOptimization: false,
  otherPaths: {
    'video/*': [
      '..\\..\\..\\..\\..\\features\\video\\src\\main\\*',
      '..\\..\\..\\..\\..\\features\\video\\build\\default\\generated\\profile\\default\\*'
    ],
    'news/*': [
      '..\\..\\..\\..\\..\\features\\news\\src\\main\\*',
      '..\\..\\..\\..\\..\\features\\news\\build\\default\\generated\\profile\\default\\*'
    ],
    'quickstart/*': [
      '..\\..\\..\\..\\..\\features\\quickstart\\src\\main\\*',
      '..\\..\\..\\..\\..\\features\\quickstart\\build\\default\\generated\\profile\\default\\*'
    ],
    'follows/*': [
      '..\\..\\..\\..\\..\\features\\follows\\src\\main\\*',
      '..\\..\\..\\..\\..\\features\\follows\\build\\default\\generated\\profile\\default\\*'
    ],
    'mine/*': [
      '..\\..\\..\\..\\..\\features\\mine\\src\\main\\*',
      '..\\..\\..\\..\\..\\features\\mine\\build\\default\\generated\\profile\\default\\*'
    ],
    'login/*': [
      '..\\..\\..\\..\\..\\features\\login\\src\\main\\*',
      '..\\..\\..\\..\\..\\features\\login\\build\\default\\generated\\profile\\default\\*'
    ],
    'uicomponents/*': [
      '..\\..\\..\\..\\..\\commons\\uicomponents\\src\\main\\*',
      '..\\..\\..\\..\\..\\commons\\uicomponents\\build\\default\\generated\\profile\\default\\*'
    ],
    'utils/*': [
      '..\\..\\..\\..\\..\\commons\\utils\\src\\main\\*',
      '..\\..\\..\\..\\..\\commons\\utils\\build\\default\\generated\\profile\\default\\*'
    ],
    'default/*': [
      '..\\*',
      '..\\..\\..\\build\\default\\generated\\profile\\default\\*'
    ]
  },
  collectImportersConfig: undefined
}
[2025-10-21T21:10:10.959] [DEBUG] debug-file - Compile arkts with external api path: G:\DevEco Studio\sdk\default\hms\ets
[2025-10-21T21:10:10.960] [DEBUG] debug-file - default@CompileArkTS work[6] is submitted.
[2025-10-21T21:10:10.962] [DEBUG] debug-file - default@CompileArkTS work[6] is pushed to ready queue.
[2025-10-21T21:10:10.962] [DEBUG] debug-file - A work dispatched to worker[15] failed because unable to get work from ready queue.
[2025-10-21T21:10:10.962] [DEBUG] debug-file - A work dispatched to worker[14] failed because unable to get work from ready queue.
[2025-10-21T21:10:10.962] [DEBUG] debug-file - A work dispatched to worker[13] failed because unable to get work from ready queue.
[2025-10-21T21:10:10.962] [DEBUG] debug-file - A work dispatched to worker[12] failed because unable to get work from ready queue.
[2025-10-21T21:10:10.962] [DEBUG] debug-file - A work dispatched to worker[11] failed because unable to get work from ready queue.
[2025-10-21T21:10:10.963] [DEBUG] debug-file - A work dispatched to worker[10] failed because unable to get work from ready queue.
[2025-10-21T21:10:10.963] [DEBUG] debug-file - A work dispatched to worker[9] failed because unable to get work from ready queue.
[2025-10-21T21:10:10.963] [DEBUG] debug-file - A work dispatched to worker[8] failed because unable to get work from ready queue.
[2025-10-21T21:10:10.963] [DEBUG] debug-file - A work dispatched to worker[7] failed because unable to get work from ready queue.
[2025-10-21T21:10:10.963] [DEBUG] debug-file - A work dispatched to worker[6] failed because unable to get work from ready queue.
[2025-10-21T21:10:10.963] [DEBUG] debug-file - A work dispatched to worker[5] failed because unable to get work from ready queue.
[2025-10-21T21:10:10.964] [DEBUG] debug-file - default@CompileArkTS work[6] has been dispatched to worker[4].
[2025-10-21T21:10:10.964] [DEBUG] debug-file - default@CompileArkTS work[6] is dispatched.
[2025-10-21T21:10:10.964] [DEBUG] debug-file - CopyResources startTime: 37169646851000
[2025-10-21T21:10:10.964] [DEBUG] debug-file - default@CompileArkTS work[7] is submitted.
[2025-10-21T21:10:10.965] [DEBUG] debug-file - default@CompileArkTS work[7] is pushed to ready queue.
[2025-10-21T21:10:10.965] [DEBUG] debug-file - A work dispatched to worker[15] failed because unable to get work from ready queue.
[2025-10-21T21:10:10.966] [DEBUG] debug-file - Create  resident worker with id: 14.
[2025-10-21T21:10:10.969] [DEBUG] debug-file - default@CompileArkTS work[7] has been dispatched to worker[14].
[2025-10-21T21:10:10.969] [DEBUG] debug-file - default@CompileArkTS work[7] is dispatched.
[2025-10-21T21:10:10.970] [DEBUG] debug-file - default : default@CompileArkTS cost memory 3.2194061279296875
[2025-10-21T21:10:10.976] [DEBUG] debug-file - jsonObjWithoutParam {"video":"file:../../features/video","news":"file:../../features/news","quickstart":"file:../../features/quickstart","follow":"file:../../features/follows","mine":"file:../../features/mine","login":"file:../../features/login","uicomponents":"file:../../commons/uicomponents","utils":"file:../../commons/utils"} at undefined
[2025-10-21T21:10:10.976] [DEBUG] debug-file - jsonObjWithoutParam {"name":"default","version":"1.0.0","description":"Please describe the basic information.","main":"","author":"","license":"","dependencies":{"video":"file:../../features/video","news":"file:../../features/news","quickstart":"file:../../features/quickstart","follow":"file:../../features/follows","mine":"file:../../features/mine","login":"file:../../features/login","uicomponents":"file:../../commons/uicomponents","utils":"file:../../commons/utils"}} at undefined
[2025-10-21T21:10:10.980] [DEBUG] debug-file - Executing task :default:default@BuildJS
[2025-10-21T21:10:10.985] [DEBUG] debug-file - default : default@BuildJS cost memory 0.21783447265625
[2025-10-21T21:10:10.985] [DEBUG] debug-file - runTaskFromQueue task cost before running: 729 ms 
[2025-10-21T21:10:10.985] [INFO] debug-file - Finished :default:default@BuildJS... after 5 ms 
[2025-10-21T21:10:10.987] [DEBUG] debug-file - jsonObjWithoutParam {"utils":"file:../../commons/utils","uicomponents":"file:../../commons/uicomponents"} at undefined
[2025-10-21T21:10:10.987] [DEBUG] debug-file - jsonObjWithoutParam {"name":"news","version":"1.0.0","description":"Please describe the basic information.","main":"Index.ets","author":"","license":"Apache-2.0","dependencies":{"utils":"file:../../commons/utils","uicomponents":"file:../../commons/uicomponents"}} at undefined
[2025-10-21T21:10:10.989] [DEBUG] debug-file - Executing task :news:default@DoNativeStrip
[2025-10-21T21:10:10.989] [DEBUG] debug-file - Task 'news:default@DoNativeStrip' cost while wrapping incremental declarations: 1 ms 
[2025-10-21T21:10:10.990] [DEBUG] debug-file - Incremental task news:default@DoNativeStrip pre-execution cost: 1 ms .
[2025-10-21T21:10:10.990] [DEBUG] debug-file - news : default@DoNativeStrip cost memory 0.0778350830078125
[2025-10-21T21:10:10.991] [INFO] debug-file - UP-TO-DATE :news:default@DoNativeStrip...  
[2025-10-21T21:10:10.992] [DEBUG] debug-file - jsonObjWithoutParam {"utils":"file:../../commons/utils","uicomponents":"file:../../commons/uicomponents"} at undefined
[2025-10-21T21:10:10.992] [DEBUG] debug-file - jsonObjWithoutParam {"name":"video","version":"1.0.0","description":"Please describe the basic information.","main":"Index.ets","author":"","license":"Apache-2.0","dependencies":{"utils":"file:../../commons/utils","uicomponents":"file:../../commons/uicomponents"}} at undefined
[2025-10-21T21:10:10.994] [DEBUG] debug-file - Executing task :video:default@DoNativeStrip
[2025-10-21T21:10:10.994] [DEBUG] debug-file - Task 'video:default@DoNativeStrip' cost while wrapping incremental declarations: 1 ms 
[2025-10-21T21:10:10.995] [DEBUG] debug-file - Incremental task video:default@DoNativeStrip pre-execution cost: 1 ms .
[2025-10-21T21:10:10.995] [DEBUG] debug-file - video : default@DoNativeStrip cost memory 0.07818603515625
[2025-10-21T21:10:10.995] [INFO] debug-file - UP-TO-DATE :video:default@DoNativeStrip...  
[2025-10-21T21:10:10.996] [DEBUG] debug-file - jsonObjWithoutParam {"utils":"file:../../commons/utils","uicomponents":"file:../../commons/uicomponents"} at undefined
[2025-10-21T21:10:10.996] [DEBUG] debug-file - jsonObjWithoutParam {"name":"quickstart","version":"1.0.0","description":"Please describe the basic information.","main":"Index.ets","author":"","license":"Apache-2.0","dependencies":{"utils":"file:../../commons/utils","uicomponents":"file:../../commons/uicomponents"}} at undefined
[2025-10-21T21:10:10.998] [DEBUG] debug-file - Executing task :quickstart:default@DoNativeStrip
[2025-10-21T21:10:10.998] [DEBUG] debug-file - Task 'quickstart:default@DoNativeStrip' cost while wrapping incremental declarations: 1 ms 
[2025-10-21T21:10:10.999] [DEBUG] debug-file - Incremental task quickstart:default@DoNativeStrip pre-execution cost: 1 ms .
[2025-10-21T21:10:10.999] [DEBUG] debug-file - quickstart : default@DoNativeStrip cost memory 0.08310699462890625
[2025-10-21T21:10:10.999] [INFO] debug-file - UP-TO-DATE :quickstart:default@DoNativeStrip...  
[2025-10-21T21:10:11.000] [DEBUG] debug-file - jsonObjWithoutParam {"uicomponents":"file:../../commons/uicomponents","utils":"file:../../commons/utils"} at undefined
[2025-10-21T21:10:11.000] [DEBUG] debug-file - jsonObjWithoutParam {"name":"follows","version":"1.0.0","description":"Please describe the basic information.","main":"Index.ets","author":"","license":"Apache-2.0","dependencies":{"uicomponents":"file:../../commons/uicomponents","utils":"file:../../commons/utils"}} at undefined
[2025-10-21T21:10:11.002] [DEBUG] debug-file - Executing task :follows:default@DoNativeStrip
[2025-10-21T21:10:11.002] [DEBUG] debug-file - Task 'follows:default@DoNativeStrip' cost while wrapping incremental declarations: 1 ms 
[2025-10-21T21:10:11.003] [DEBUG] debug-file - Incremental task follows:default@DoNativeStrip pre-execution cost: 1 ms .
[2025-10-21T21:10:11.003] [DEBUG] debug-file - follows : default@DoNativeStrip cost memory 0.07927703857421875
[2025-10-21T21:10:11.003] [INFO] debug-file - UP-TO-DATE :follows:default@DoNativeStrip...  
[2025-10-21T21:10:11.004] [DEBUG] debug-file - jsonObjWithoutParam {"login":"file:../login"} at undefined
[2025-10-21T21:10:11.004] [DEBUG] debug-file - jsonObjWithoutParam {"name":"mine","version":"1.0.0","description":"Please describe the basic information.","main":"Index.ets","author":"","license":"Apache-2.0","dependencies":{"login":"file:../login"}} at undefined
[2025-10-21T21:10:11.005] [DEBUG] debug-file - Executing task :mine:default@BuildNativeWithNinja
[2025-10-21T21:10:11.005] [DEBUG] debug-file - jsonObjWithoutParam {"login":"file:../login"} at undefined
[2025-10-21T21:10:11.005] [DEBUG] debug-file - jsonObjWithoutParam {"name":"mine","version":"1.0.0","description":"Please describe the basic information.","main":"Index.ets","author":"","license":"Apache-2.0","dependencies":{"login":"file:../login"}} at undefined
[2025-10-21T21:10:11.005] [DEBUG] debug-file - mine : default@BuildNativeWithNinja cost memory 0.05800628662109375
[2025-10-21T21:10:11.005] [DEBUG] debug-file - runTaskFromQueue task cost before running: 750 ms 
[2025-10-21T21:10:11.006] [INFO] debug-file - Finished :mine:default@BuildNativeWithNinja... after 1 ms 
[2025-10-21T21:10:11.007] [DEBUG] debug-file - jsonObjWithoutParam {"login":"file:../login"} at undefined
[2025-10-21T21:10:11.007] [DEBUG] debug-file - jsonObjWithoutParam {"name":"mine","version":"1.0.0","description":"Please describe the basic information.","main":"Index.ets","author":"","license":"Apache-2.0","dependencies":{"login":"file:../login"}} at undefined
[2025-10-21T21:10:11.008] [DEBUG] debug-file - Executing task :mine:default@ProcessLibs
[2025-10-21T21:10:11.010] [DEBUG] debug-file - Incremental task mine:default@ProcessLibs pre-execution cost: 1 ms .
[2025-10-21T21:10:11.010] [DEBUG] debug-file - mine : default@ProcessLibs cost memory 0.13388824462890625
[2025-10-21T21:10:11.010] [INFO] debug-file - UP-TO-DATE :mine:default@ProcessLibs...  
[2025-10-21T21:10:11.011] [DEBUG] debug-file - jsonObjWithoutParam {"login":"file:../login"} at undefined
[2025-10-21T21:10:11.012] [DEBUG] debug-file - jsonObjWithoutParam {"name":"mine","version":"1.0.0","description":"Please describe the basic information.","main":"Index.ets","author":"","license":"Apache-2.0","dependencies":{"login":"file:../login"}} at undefined
[2025-10-21T21:10:11.013] [DEBUG] debug-file - Executing task :mine:default@DoNativeStrip
[2025-10-21T21:10:11.013] [DEBUG] debug-file - Task 'mine:default@DoNativeStrip' cost while wrapping incremental declarations: 1 ms 
[2025-10-21T21:10:11.013] [DEBUG] debug-file - Incremental task mine:default@DoNativeStrip pre-execution cost: 1 ms .
[2025-10-21T21:10:11.013] [DEBUG] debug-file - mine : default@DoNativeStrip cost memory 0.07810211181640625
[2025-10-21T21:10:11.013] [INFO] debug-file - UP-TO-DATE :mine:default@DoNativeStrip...  
[2025-10-21T21:10:11.015] [DEBUG] debug-file - jsonObjWithoutParam {"video":"file:../../features/video","news":"file:../../features/news","quickstart":"file:../../features/quickstart","follow":"file:../../features/follows","mine":"file:../../features/mine","login":"file:../../features/login","uicomponents":"file:../../commons/uicomponents","utils":"file:../../commons/utils"} at undefined
[2025-10-21T21:10:11.015] [DEBUG] debug-file - jsonObjWithoutParam {"name":"default","version":"1.0.0","description":"Please describe the basic information.","main":"","author":"","license":"","dependencies":{"video":"file:../../features/video","news":"file:../../features/news","quickstart":"file:../../features/quickstart","follow":"file:../../features/follows","mine":"file:../../features/mine","login":"file:../../features/login","uicomponents":"file:../../commons/uicomponents","utils":"file:../../commons/utils"}} at undefined
[2025-10-21T21:10:11.016] [DEBUG] debug-file - Executing task :default:default@BuildNativeWithNinja
[2025-10-21T21:10:11.016] [DEBUG] debug-file - jsonObjWithoutParam {"video":"file:../../features/video","news":"file:../../features/news","quickstart":"file:../../features/quickstart","follow":"file:../../features/follows","mine":"file:../../features/mine","login":"file:../../features/login","uicomponents":"file:../../commons/uicomponents","utils":"file:../../commons/utils"} at undefined
[2025-10-21T21:10:11.016] [DEBUG] debug-file - jsonObjWithoutParam {"name":"default","version":"1.0.0","description":"Please describe the basic information.","main":"","author":"","license":"","dependencies":{"video":"file:../../features/video","news":"file:../../features/news","quickstart":"file:../../features/quickstart","follow":"file:../../features/follows","mine":"file:../../features/mine","login":"file:../../features/login","uicomponents":"file:../../commons/uicomponents","utils":"file:../../commons/utils"}} at undefined
[2025-10-21T21:10:11.016] [DEBUG] debug-file - default : default@BuildNativeWithNinja cost memory 0.06827545166015625
[2025-10-21T21:10:11.016] [DEBUG] debug-file - runTaskFromQueue task cost before running: 761 ms 
[2025-10-21T21:10:11.017] [INFO] debug-file - Finished :default:default@BuildNativeWithNinja... after 1 ms 
[2025-10-21T21:10:11.018] [DEBUG] debug-file - jsonObjWithoutParam {"video":"file:../../features/video","news":"file:../../features/news","quickstart":"file:../../features/quickstart","follow":"file:../../features/follows","mine":"file:../../features/mine","login":"file:../../features/login","uicomponents":"file:../../commons/uicomponents","utils":"file:../../commons/utils"} at undefined
[2025-10-21T21:10:11.018] [DEBUG] debug-file - jsonObjWithoutParam {"name":"default","version":"1.0.0","description":"Please describe the basic information.","main":"","author":"","license":"","dependencies":{"video":"file:../../features/video","news":"file:../../features/news","quickstart":"file:../../features/quickstart","follow":"file:../../features/follows","mine":"file:../../features/mine","login":"file:../../features/login","uicomponents":"file:../../commons/uicomponents","utils":"file:../../commons/utils"}} at undefined
[2025-10-21T21:10:11.018] [DEBUG] debug-file - Executing task :default:default@ProcessLibs
[2025-10-21T21:10:11.030] [DEBUG] debug-file - Incremental task default:default@ProcessLibs pre-execution cost: 3 ms .
[2025-10-21T21:10:11.030] [DEBUG] debug-file - default : default@ProcessLibs cost memory 1.4589157104492188
[2025-10-21T21:10:11.031] [INFO] debug-file - UP-TO-DATE :default:default@ProcessLibs...  
[2025-10-21T21:10:11.032] [DEBUG] debug-file - jsonObjWithoutParam {"video":"file:../../features/video","news":"file:../../features/news","quickstart":"file:../../features/quickstart","follow":"file:../../features/follows","mine":"file:../../features/mine","login":"file:../../features/login","uicomponents":"file:../../commons/uicomponents","utils":"file:../../commons/utils"} at undefined
[2025-10-21T21:10:11.032] [DEBUG] debug-file - jsonObjWithoutParam {"name":"default","version":"1.0.0","description":"Please describe the basic information.","main":"","author":"","license":"","dependencies":{"video":"file:../../features/video","news":"file:../../features/news","quickstart":"file:../../features/quickstart","follow":"file:../../features/follows","mine":"file:../../features/mine","login":"file:../../features/login","uicomponents":"file:../../commons/uicomponents","utils":"file:../../commons/utils"}} at undefined
[2025-10-21T21:10:11.034] [DEBUG] debug-file - Executing task :default:default@DoNativeStrip
[2025-10-21T21:10:11.034] [DEBUG] debug-file - Task 'default:default@DoNativeStrip' cost while wrapping incremental declarations: 1 ms 
[2025-10-21T21:10:11.035] [DEBUG] debug-file - Incremental task default:default@DoNativeStrip pre-execution cost: 1 ms .
[2025-10-21T21:10:11.035] [DEBUG] debug-file - default : default@DoNativeStrip cost memory 0.10272216796875
[2025-10-21T21:10:11.035] [INFO] debug-file - UP-TO-DATE :default:default@DoNativeStrip...  
[2025-10-21T21:10:11.037] [DEBUG] debug-file - jsonObjWithoutParam {"video":"file:../../features/video","news":"file:../../features/news","quickstart":"file:../../features/quickstart","follow":"file:../../features/follows","mine":"file:../../features/mine","login":"file:../../features/login","uicomponents":"file:../../commons/uicomponents","utils":"file:../../commons/utils"} at undefined
[2025-10-21T21:10:11.037] [DEBUG] debug-file - jsonObjWithoutParam {"name":"default","version":"1.0.0","description":"Please describe the basic information.","main":"","author":"","license":"","dependencies":{"video":"file:../../features/video","news":"file:../../features/news","quickstart":"file:../../features/quickstart","follow":"file:../../features/follows","mine":"file:../../features/mine","login":"file:../../features/login","uicomponents":"file:../../commons/uicomponents","utils":"file:../../commons/utils"}} at undefined
[2025-10-21T21:10:11.039] [DEBUG] debug-file - Executing task :default:default@CacheNativeLibs
[2025-10-21T21:10:11.040] [DEBUG] debug-file - Task 'default:default@CacheNativeLibs' cost while wrapping incremental declarations: 1 ms 
[2025-10-21T21:10:11.041] [DEBUG] debug-file - Incremental task default:default@CacheNativeLibs pre-execution cost: 1 ms .
[2025-10-21T21:10:11.041] [DEBUG] debug-file - default : default@CacheNativeLibs cost memory 0.0941619873046875
[2025-10-21T21:10:11.041] [INFO] debug-file - UP-TO-DATE :default:default@CacheNativeLibs...  
[2025-10-21T21:10:11.728] [DEBUG] debug-file - worker[14] has one work done.
[2025-10-21T21:10:11.728] [DEBUG] debug-file - CopyResources is end, endTime: 37170410653300
[2025-10-21T21:10:11.728] [DEBUG] debug-file - default@CompileArkTS work[7] done.
[2025-10-21T21:10:11.728] [DEBUG] debug-file - A work dispatched to worker[14] failed because unable to get work from ready queue.
[2025-10-21T21:10:12.339] [DEBUG] debug-file - worker[4] has one work done.
[2025-10-21T21:10:12.343] [DEBUG] debug-file - default@CompileArkTS work[6] done.
[2025-10-21T21:10:12.343] [DEBUG] debug-file - A work dispatched to worker[4] failed because unable to get work from ready queue.
[2025-10-21T21:10:12.345] [INFO] debug-file - Finished :default:default@CompileArkTS... after 1 s 408 ms 
[2025-10-21T21:10:12.347] [DEBUG] debug-file - jsonObjWithoutParam {"video":"file:../../features/video","news":"file:../../features/news","quickstart":"file:../../features/quickstart","follow":"file:../../features/follows","mine":"file:../../features/mine","login":"file:../../features/login","uicomponents":"file:../../commons/uicomponents","utils":"file:../../commons/utils"} at undefined
[2025-10-21T21:10:12.347] [DEBUG] debug-file - jsonObjWithoutParam {"name":"default","version":"1.0.0","description":"Please describe the basic information.","main":"","author":"","license":"","dependencies":{"video":"file:../../features/video","news":"file:../../features/news","quickstart":"file:../../features/quickstart","follow":"file:../../features/follows","mine":"file:../../features/mine","login":"file:../../features/login","uicomponents":"file:../../commons/uicomponents","utils":"file:../../commons/utils"}} at undefined
[2025-10-21T21:10:12.347] [DEBUG] debug-file - Executing task :default:default@GeneratePkgModuleJson
[2025-10-21T21:10:12.348] [DEBUG] debug-file - Task 'default:default@GeneratePkgModuleJson' cost while wrapping incremental declarations: 1 ms 
[2025-10-21T21:10:12.348] [DEBUG] debug-file - Incremental task default:default@GeneratePkgModuleJson pre-execution cost: 1 ms .
[2025-10-21T21:10:12.348] [DEBUG] debug-file - default : default@GeneratePkgModuleJson cost memory 0.07355499267578125
[2025-10-21T21:10:12.348] [INFO] debug-file - UP-TO-DATE :default:default@GeneratePkgModuleJson...  
[2025-10-21T21:10:12.351] [DEBUG] debug-file - jsonObjWithoutParam {"video":"file:../../features/video","news":"file:../../features/news","quickstart":"file:../../features/quickstart","follow":"file:../../features/follows","mine":"file:../../features/mine","login":"file:../../features/login","uicomponents":"file:../../commons/uicomponents","utils":"file:../../commons/utils"} at undefined
[2025-10-21T21:10:12.351] [DEBUG] debug-file - jsonObjWithoutParam {"name":"default","version":"1.0.0","description":"Please describe the basic information.","main":"","author":"","license":"","dependencies":{"video":"file:../../features/video","news":"file:../../features/news","quickstart":"file:../../features/quickstart","follow":"file:../../features/follows","mine":"file:../../features/mine","login":"file:../../features/login","uicomponents":"file:../../commons/uicomponents","utils":"file:../../commons/utils"}} at undefined
[2025-10-21T21:10:12.355] [DEBUG] debug-file - Executing task :default:default@PackageHap
[2025-10-21T21:10:12.362] [DEBUG] debug-file - default:default@PackageHap is not up-to-date, since the input file 'G:\HarmonyOsProjects\news_app-3a12a9aaec8f982bbbef9569988265dcb99f73e0\products\default\build\default\intermediates\loader_out\default\ets' has been changed.
[2025-10-21T21:10:12.362] [DEBUG] debug-file - Incremental task default:default@PackageHap pre-execution cost: 6 ms .
[2025-10-21T21:10:12.362] [DEBUG] debug-file - jsonObjWithoutParam {"video":"file:../../features/video","news":"file:../../features/news","quickstart":"file:../../features/quickstart","follow":"file:../../features/follows","mine":"file:../../features/mine","login":"file:../../features/login","uicomponents":"file:../../commons/uicomponents","utils":"file:../../commons/utils"} at undefined
[2025-10-21T21:10:12.362] [DEBUG] debug-file - jsonObjWithoutParam {"name":"default","version":"1.0.0","description":"Please describe the basic information.","main":"","author":"","license":"","dependencies":{"video":"file:../../features/video","news":"file:../../features/news","quickstart":"file:../../features/quickstart","follow":"file:../../features/follows","mine":"file:../../features/mine","login":"file:../../features/login","uicomponents":"file:../../commons/uicomponents","utils":"file:../../commons/utils"}} at undefined
[2025-10-21T21:10:12.364] [DEBUG] debug-file - Use tool [G:\DevEco Studio\sdk\default\openharmony\toolchains\lib\app_packing_tool.jar]
 [
  'java',
  '-Dfile.encoding=GBK',
  '-jar',
  'G:\\DevEco Studio\\sdk\\default\\openharmony\\toolchains\\lib\\app_packing_tool.jar',
  '--mode',
  'hap',
  '--force',
  'true',
  '--lib-path',
  'G:\\HarmonyOsProjects\\news_app-3a12a9aaec8f982bbbef9569988265dcb99f73e0\\products\\default\\build\\default\\intermediates\\stripped_native_libs\\default',
  '--json-path',
  'G:\\HarmonyOsProjects\\news_app-3a12a9aaec8f982bbbef9569988265dcb99f73e0\\products\\default\\build\\default\\intermediates\\package\\default\\module.json',
  '--resources-path',
  'G:\\HarmonyOsProjects\\news_app-3a12a9aaec8f982bbbef9569988265dcb99f73e0\\products\\default\\build\\default\\intermediates\\res\\default\\resources',
  '--index-path',
  'G:\\HarmonyOsProjects\\news_app-3a12a9aaec8f982bbbef9569988265dcb99f73e0\\products\\default\\build\\default\\intermediates\\res\\default\\resources.index',
  '--pack-info-path',
  'G:\\HarmonyOsProjects\\news_app-3a12a9aaec8f982bbbef9569988265dcb99f73e0\\products\\default\\build\\default\\outputs\\default\\pack.info',
  '--out-path',
  'G:\\HarmonyOsProjects\\news_app-3a12a9aaec8f982bbbef9569988265dcb99f73e0\\products\\default\\build\\default\\outputs\\default\\default-default-unsigned.hap',
  '--ets-path',
  'G:\\HarmonyOsProjects\\news_app-3a12a9aaec8f982bbbef9569988265dcb99f73e0\\products\\default\\build\\default\\intermediates\\loader_out\\default\\ets'
]
[2025-10-21T21:10:12.424] [DEBUG] debug-file - java daemon socket received message:{"code":0,"message":"pack success"}
[2025-10-21T21:10:12.428] [DEBUG] debug-file - default : default@PackageHap cost memory 1.6105728149414062
[2025-10-21T21:10:12.428] [DEBUG] debug-file - runTaskFromQueue task cost before running: 2 s 173 ms 
[2025-10-21T21:10:12.429] [INFO] debug-file - Finished :default:default@PackageHap... after 74 ms 
[2025-10-21T21:10:12.431] [DEBUG] debug-file - jsonObjWithoutParam {"video":"file:../../features/video","news":"file:../../features/news","quickstart":"file:../../features/quickstart","follow":"file:../../features/follows","mine":"file:../../features/mine","login":"file:../../features/login","uicomponents":"file:../../commons/uicomponents","utils":"file:../../commons/utils"} at undefined
[2025-10-21T21:10:12.431] [DEBUG] debug-file - jsonObjWithoutParam {"name":"default","version":"1.0.0","description":"Please describe the basic information.","main":"","author":"","license":"","dependencies":{"video":"file:../../features/video","news":"file:../../features/news","quickstart":"file:../../features/quickstart","follow":"file:../../features/follows","mine":"file:../../features/mine","login":"file:../../features/login","uicomponents":"file:../../commons/uicomponents","utils":"file:../../commons/utils"}} at undefined
[2025-10-21T21:10:12.432] [DEBUG] debug-file - Executing task :default:default@SignHap
[2025-10-21T21:10:12.432] [WARN] debug-file - Will skip sign 'hos_hap'. No signingConfigs profile is configured in current project.
             If needed, configure the signingConfigs in G:\HarmonyOsProjects\news_app-3a12a9aaec8f982bbbef9569988265dcb99f73e0\build-profile.json5.
[2025-10-21T21:10:12.433] [DEBUG] debug-file - default:default@SignHap is not up-to-date, since the input file 'G:\HarmonyOsProjects\news_app-3a12a9aaec8f982bbbef9569988265dcb99f73e0\products\default\build\default\outputs\default\default-default-unsigned.hap' has been changed.
[2025-10-21T21:10:12.433] [DEBUG] debug-file - Incremental task default:default@SignHap pre-execution cost: 1 ms .
[2025-10-21T21:10:12.433] [DEBUG] debug-file - jsonObjWithoutParam {"video":"file:../../features/video","news":"file:../../features/news","quickstart":"file:../../features/quickstart","follow":"file:../../features/follows","mine":"file:../../features/mine","login":"file:../../features/login","uicomponents":"file:../../commons/uicomponents","utils":"file:../../commons/utils"} at undefined
[2025-10-21T21:10:12.433] [DEBUG] debug-file - jsonObjWithoutParam {"name":"default","version":"1.0.0","description":"Please describe the basic information.","main":"","author":"","license":"","dependencies":{"video":"file:../../features/video","news":"file:../../features/news","quickstart":"file:../../features/quickstart","follow":"file:../../features/follows","mine":"file:../../features/mine","login":"file:../../features/login","uicomponents":"file:../../commons/uicomponents","utils":"file:../../commons/utils"}} at undefined
[2025-10-21T21:10:12.433] [DEBUG] debug-file - default : default@SignHap cost memory 0.1343536376953125
[2025-10-21T21:10:12.433] [DEBUG] debug-file - runTaskFromQueue task cost before running: 2 s 178 ms 
[2025-10-21T21:10:12.434] [INFO] debug-file - Finished :default:default@SignHap... after 2 ms 
[2025-10-21T21:10:12.435] [DEBUG] debug-file - jsonObjWithoutParam {"video":"file:../../features/video","news":"file:../../features/news","quickstart":"file:../../features/quickstart","follow":"file:../../features/follows","mine":"file:../../features/mine","login":"file:../../features/login","uicomponents":"file:../../commons/uicomponents","utils":"file:../../commons/utils"} at undefined
[2025-10-21T21:10:12.435] [DEBUG] debug-file - jsonObjWithoutParam {"name":"default","version":"1.0.0","description":"Please describe the basic information.","main":"","author":"","license":"","dependencies":{"video":"file:../../features/video","news":"file:../../features/news","quickstart":"file:../../features/quickstart","follow":"file:../../features/follows","mine":"file:../../features/mine","login":"file:../../features/login","uicomponents":"file:../../commons/uicomponents","utils":"file:../../commons/utils"}} at undefined
[2025-10-21T21:10:12.436] [DEBUG] debug-file - Executing task :default:default@CollectDebugSymbol
[2025-10-21T21:10:12.438] [DEBUG] debug-file - jsonObjWithoutParam {"video":"file:../../features/video","news":"file:../../features/news","quickstart":"file:../../features/quickstart","follow":"file:../../features/follows","mine":"file:../../features/mine","login":"file:../../features/login","uicomponents":"file:../../commons/uicomponents","utils":"file:../../commons/utils"} at undefined
[2025-10-21T21:10:12.438] [DEBUG] debug-file - jsonObjWithoutParam {"name":"default","version":"1.0.0","description":"Please describe the basic information.","main":"","author":"","license":"","dependencies":{"video":"file:../../features/video","news":"file:../../features/news","quickstart":"file:../../features/quickstart","follow":"file:../../features/follows","mine":"file:../../features/mine","login":"file:../../features/login","uicomponents":"file:../../commons/uicomponents","utils":"file:../../commons/utils"}} at undefined
[2025-10-21T21:10:12.438] [DEBUG] debug-file - default : default@CollectDebugSymbol cost memory 0.24152374267578125
[2025-10-21T21:10:12.439] [DEBUG] debug-file - runTaskFromQueue task cost before running: 2 s 183 ms 
[2025-10-21T21:10:12.439] [INFO] debug-file - Finished :default:default@CollectDebugSymbol... after 3 ms 
[2025-10-21T21:10:12.440] [DEBUG] debug-file - Executing task :default:assembleHap
[2025-10-21T21:10:12.441] [DEBUG] debug-file - default : assembleHap cost memory 0.01134490966796875
[2025-10-21T21:10:12.441] [DEBUG] debug-file - runTaskFromQueue task cost before running: 2 s 185 ms 
[2025-10-21T21:10:12.441] [INFO] debug-file - Finished :default:assembleHap... after 1 ms 
[2025-10-21T21:10:12.452] [DEBUG] debug-file - BUILD SUCCESSFUL in 2 s 196 ms 
[2025-10-21T21:10:12.452] [DEBUG] debug-file - There is no need to refresh cache, since the incremental task default:default@PreBuild is up-to-date.
[2025-10-21T21:10:12.452] [DEBUG] debug-file - There is no need to refresh cache, since the incremental task video:default@PreBuild is up-to-date.
[2025-10-21T21:10:12.452] [DEBUG] debug-file - There is no need to refresh cache, since the incremental task utils:default@PreBuild is up-to-date.
[2025-10-21T21:10:12.452] [DEBUG] debug-file - There is no need to refresh cache, since the incremental task uicomponents:default@PreBuild is up-to-date.
[2025-10-21T21:10:12.452] [DEBUG] debug-file - There is no need to refresh cache, since the incremental task news:default@PreBuild is up-to-date.
[2025-10-21T21:10:12.453] [DEBUG] debug-file - There is no need to refresh cache, since the incremental task quickstart:default@PreBuild is up-to-date.
[2025-10-21T21:10:12.453] [DEBUG] debug-file - There is no need to refresh cache, since the incremental task follows:default@PreBuild is up-to-date.
[2025-10-21T21:10:12.453] [DEBUG] debug-file - There is no need to refresh cache, since the incremental task mine:default@PreBuild is up-to-date.
[2025-10-21T21:10:12.453] [DEBUG] debug-file - There is no need to refresh cache, since the incremental task login:default@PreBuild is up-to-date.
[2025-10-21T21:10:12.453] [DEBUG] debug-file - Update task default:default@CreateModuleInfo output file:G:\HarmonyOsProjects\news_app-3a12a9aaec8f982bbbef9569988265dcb99f73e0\products\default\build\default\generated\profile\default\ModuleInfo.ts cache.
[2025-10-21T21:10:12.453] [DEBUG] debug-file - Incremental task default:default@CreateModuleInfo post-execution cost:1 ms .
[2025-10-21T21:10:12.453] [DEBUG] debug-file - There is no need to refresh cache, since the incremental task default:default@GenerateMetadata is up-to-date.
[2025-10-21T21:10:12.453] [DEBUG] debug-file - Update task default:default@GeneratePkgContextInfo output file:G:\HarmonyOsProjects\news_app-3a12a9aaec8f982bbbef9569988265dcb99f73e0\products\default\build\default\intermediates\loader\default\pkgContextInfo.json cache.
[2025-10-21T21:10:12.453] [DEBUG] debug-file - Incremental task default:default@GeneratePkgContextInfo post-execution cost:1 ms .
[2025-10-21T21:10:12.453] [DEBUG] debug-file - Update task default:default@ProcessIntegratedHsp output file:G:\HarmonyOsProjects\news_app-3a12a9aaec8f982bbbef9569988265dcb99f73e0\build\cache\default\integrated_hsp\integratedHspCache.json cache.
[2025-10-21T21:10:12.454] [DEBUG] debug-file - Incremental task default:default@ProcessIntegratedHsp post-execution cost:1 ms .
[2025-10-21T21:10:12.454] [DEBUG] debug-file - There is no need to refresh cache, since the incremental task utils:default@CreateHarBuildProfile is up-to-date.
[2025-10-21T21:10:12.454] [DEBUG] debug-file - There is no need to refresh cache, since the incremental task utils:default@MergeProfile is up-to-date.
[2025-10-21T21:10:12.454] [DEBUG] debug-file - There is no need to refresh cache, since the incremental task uicomponents:default@CreateHarBuildProfile is up-to-date.
[2025-10-21T21:10:12.454] [DEBUG] debug-file - There is no need to refresh cache, since the incremental task uicomponents:default@MergeProfile is up-to-date.
[2025-10-21T21:10:12.454] [DEBUG] debug-file - Update task default:default@SyscapTransform input file:G:\DevEco Studio\sdk\default\openharmony\toolchains\syscap_tool.exe cache by regenerate.
[2025-10-21T21:10:12.454] [DEBUG] debug-file - Update task default:default@SyscapTransform input file:G:\DevEco Studio\sdk\default\openharmony\ets\api\device-define cache by regenerate.
[2025-10-21T21:10:12.454] [DEBUG] debug-file - Update task default:default@SyscapTransform output file:G:\HarmonyOsProjects\news_app-3a12a9aaec8f982bbbef9569988265dcb99f73e0\products\default\build\default\intermediates\syscap\default\rpcid.sc cache.
[2025-10-21T21:10:12.454] [DEBUG] debug-file - Incremental task default:default@SyscapTransform post-execution cost:1 ms .
[2025-10-21T21:10:12.454] [DEBUG] debug-file - There is no need to refresh cache, since the incremental task default:default@ProcessRouterMap is up-to-date.
[2025-10-21T21:10:12.455] [DEBUG] debug-file - Update task default:default@ProcessStartupConfig output file:G:\HarmonyOsProjects\news_app-3a12a9aaec8f982bbbef9569988265dcb99f73e0\products\default\build\default\intermediates\startup\default\startup_config.json cache.
[2025-10-21T21:10:12.455] [DEBUG] debug-file - Incremental task default:default@ProcessStartupConfig post-execution cost:1 ms .
[2025-10-21T21:10:12.455] [DEBUG] debug-file - There is no need to refresh cache, since the incremental task login:default@CreateHarBuildProfile is up-to-date.
[2025-10-21T21:10:12.455] [DEBUG] debug-file - There is no need to refresh cache, since the incremental task login:default@MergeProfile is up-to-date.
[2025-10-21T21:10:12.455] [DEBUG] debug-file - There is no need to refresh cache, since the incremental task news:default@CreateHarBuildProfile is up-to-date.
[2025-10-21T21:10:12.455] [DEBUG] debug-file - There is no need to refresh cache, since the incremental task video:default@CreateHarBuildProfile is up-to-date.
[2025-10-21T21:10:12.455] [DEBUG] debug-file - There is no need to refresh cache, since the incremental task quickstart:default@CreateHarBuildProfile is up-to-date.
[2025-10-21T21:10:12.455] [DEBUG] debug-file - There is no need to refresh cache, since the incremental task follows:default@CreateHarBuildProfile is up-to-date.
[2025-10-21T21:10:12.455] [DEBUG] debug-file - There is no need to refresh cache, since the incremental task news:default@MergeProfile is up-to-date.
[2025-10-21T21:10:12.455] [DEBUG] debug-file - There is no need to refresh cache, since the incremental task video:default@MergeProfile is up-to-date.
[2025-10-21T21:10:12.455] [DEBUG] debug-file - There is no need to refresh cache, since the incremental task quickstart:default@MergeProfile is up-to-date.
[2025-10-21T21:10:12.455] [DEBUG] debug-file - There is no need to refresh cache, since the incremental task follows:default@MergeProfile is up-to-date.
[2025-10-21T21:10:12.455] [DEBUG] debug-file - There is no need to refresh cache, since the incremental task default:default@GenerateLoaderJson is up-to-date.
[2025-10-21T21:10:12.455] [DEBUG] debug-file - There is no need to refresh cache, since the incremental task mine:default@CreateHarBuildProfile is up-to-date.
[2025-10-21T21:10:12.455] [DEBUG] debug-file - There is no need to refresh cache, since the incremental task mine:default@MergeProfile is up-to-date.
[2025-10-21T21:10:12.455] [DEBUG] debug-file - There is no need to refresh cache, since the incremental task default:default@CreateBuildProfile is up-to-date.
[2025-10-21T21:10:12.455] [DEBUG] debug-file - There is no need to refresh cache, since the incremental task utils:default@ProcessLibs is up-to-date.
[2025-10-21T21:10:12.455] [DEBUG] debug-file - There is no need to refresh cache, since the incremental task default:default@MergeProfile is up-to-date.
[2025-10-21T21:10:12.455] [DEBUG] debug-file - There is no need to refresh cache, since the incremental task uicomponents:default@ProcessLibs is up-to-date.
[2025-10-21T21:10:12.455] [DEBUG] debug-file - There is no need to refresh cache, since the incremental task utils:default@DoNativeStrip is up-to-date.
[2025-10-21T21:10:12.455] [DEBUG] debug-file - There is no need to refresh cache, since the incremental task default:default@MakePackInfo is up-to-date.
[2025-10-21T21:10:12.455] [DEBUG] debug-file - There is no need to refresh cache, since the incremental task default:default@ProcessProfile is up-to-date.
[2025-10-21T21:10:12.455] [DEBUG] debug-file - There is no need to refresh cache, since the incremental task uicomponents:default@DoNativeStrip is up-to-date.
[2025-10-21T21:10:12.455] [DEBUG] debug-file - There is no need to refresh cache, since the incremental task default:default@ProcessResource is up-to-date.
[2025-10-21T21:10:12.455] [DEBUG] debug-file - There is no need to refresh cache, since the incremental task login:default@ProcessLibs is up-to-date.
[2025-10-21T21:10:12.455] [DEBUG] debug-file - There is no need to refresh cache, since the incremental task default:default@CompileResource is up-to-date.
[2025-10-21T21:10:12.455] [DEBUG] debug-file - There is no need to refresh cache, since the incremental task news:default@ProcessLibs is up-to-date.
[2025-10-21T21:10:12.455] [DEBUG] debug-file - There is no need to refresh cache, since the incremental task video:default@ProcessLibs is up-to-date.
[2025-10-21T21:10:12.455] [DEBUG] debug-file - There is no need to refresh cache, since the incremental task quickstart:default@ProcessLibs is up-to-date.
[2025-10-21T21:10:12.455] [DEBUG] debug-file - There is no need to refresh cache, since the incremental task follows:default@ProcessLibs is up-to-date.
[2025-10-21T21:10:12.455] [DEBUG] debug-file - There is no need to refresh cache, since the incremental task login:default@DoNativeStrip is up-to-date.
[2025-10-21T21:10:12.457] [DEBUG] debug-file - Update task default:default@CompileArkTS input file:G:\HarmonyOsProjects\news_app-3a12a9aaec8f982bbbef9569988265dcb99f73e0\products\default\build\default\intermediates\loader\default cache by regenerate.
[2025-10-21T21:10:12.457] [DEBUG] debug-file - Update task default:default@CompileArkTS input file:G:\HarmonyOsProjects\news_app-3a12a9aaec8f982bbbef9569988265dcb99f73e0\features\video\Index.ets cache by regenerate.
[2025-10-21T21:10:12.457] [DEBUG] debug-file - Update task default:default@CompileArkTS input file:G:\HarmonyOsProjects\news_app-3a12a9aaec8f982bbbef9569988265dcb99f73e0\features\news\Index.ets cache by regenerate.
[2025-10-21T21:10:12.457] [DEBUG] debug-file - Update task default:default@CompileArkTS input file:G:\HarmonyOsProjects\news_app-3a12a9aaec8f982bbbef9569988265dcb99f73e0\features\quickstart\Index.ets cache by regenerate.
[2025-10-21T21:10:12.457] [DEBUG] debug-file - Update task default:default@CompileArkTS input file:G:\HarmonyOsProjects\news_app-3a12a9aaec8f982bbbef9569988265dcb99f73e0\features\follows\Index.ets cache by regenerate.
[2025-10-21T21:10:12.458] [DEBUG] debug-file - Update task default:default@CompileArkTS input file:G:\HarmonyOsProjects\news_app-3a12a9aaec8f982bbbef9569988265dcb99f73e0\features\mine\Index.ets cache by regenerate.
[2025-10-21T21:10:12.458] [DEBUG] debug-file - Update task default:default@CompileArkTS input file:G:\HarmonyOsProjects\news_app-3a12a9aaec8f982bbbef9569988265dcb99f73e0\features\login\Index.ets cache by regenerate.
[2025-10-21T21:10:12.458] [DEBUG] debug-file - Update task default:default@CompileArkTS input file:G:\HarmonyOsProjects\news_app-3a12a9aaec8f982bbbef9569988265dcb99f73e0\commons\uicomponents\Index.ets cache by regenerate.
[2025-10-21T21:10:12.458] [DEBUG] debug-file - Update task default:default@CompileArkTS input file:G:\HarmonyOsProjects\news_app-3a12a9aaec8f982bbbef9569988265dcb99f73e0\commons\utils\Index.ets cache by regenerate.
[2025-10-21T21:10:12.458] [DEBUG] debug-file - Update task default:default@CompileArkTS input file:G:\HarmonyOsProjects\news_app-3a12a9aaec8f982bbbef9569988265dcb99f73e0\features\video\src\main\ets cache by regenerate.
[2025-10-21T21:10:12.458] [DEBUG] debug-file - Update task default:default@CompileArkTS input file:G:\HarmonyOsProjects\news_app-3a12a9aaec8f982bbbef9569988265dcb99f73e0\features\news\src\main\ets cache by regenerate.
[2025-10-21T21:10:12.459] [DEBUG] debug-file - Update task default:default@CompileArkTS input file:G:\HarmonyOsProjects\news_app-3a12a9aaec8f982bbbef9569988265dcb99f73e0\features\quickstart\src\main\ets cache by regenerate.
[2025-10-21T21:10:12.459] [DEBUG] debug-file - Update task default:default@CompileArkTS input file:G:\HarmonyOsProjects\news_app-3a12a9aaec8f982bbbef9569988265dcb99f73e0\features\follows\src\main\ets cache by regenerate.
[2025-10-21T21:10:12.460] [DEBUG] debug-file - Update task default:default@CompileArkTS input file:G:\HarmonyOsProjects\news_app-3a12a9aaec8f982bbbef9569988265dcb99f73e0\features\mine\src\main\ets cache by regenerate.
[2025-10-21T21:10:12.460] [DEBUG] debug-file - Update task default:default@CompileArkTS input file:G:\HarmonyOsProjects\news_app-3a12a9aaec8f982bbbef9569988265dcb99f73e0\features\login\src\main\ets cache from map.
[2025-10-21T21:10:12.460] [DEBUG] debug-file - Update task default:default@CompileArkTS input file:G:\HarmonyOsProjects\news_app-3a12a9aaec8f982bbbef9569988265dcb99f73e0\commons\uicomponents\src\main\ets cache by regenerate.
[2025-10-21T21:10:12.461] [DEBUG] debug-file - Update task default:default@CompileArkTS input file:G:\HarmonyOsProjects\news_app-3a12a9aaec8f982bbbef9569988265dcb99f73e0\commons\utils\src\main\ets cache by regenerate.
[2025-10-21T21:10:12.461] [DEBUG] debug-file - Update task default:default@CompileArkTS input file:G:\HarmonyOsProjects\news_app-3a12a9aaec8f982bbbef9569988265dcb99f73e0\products\default\build\default\intermediates\res\default\resources\rawfile cache by regenerate.
[2025-10-21T21:10:12.461] [DEBUG] debug-file - Update task default:default@CompileArkTS input file:G:\HarmonyOsProjects\news_app-3a12a9aaec8f982bbbef9569988265dcb99f73e0\products\default\build\default\intermediates\res\default\ResourceTable.txt cache by regenerate.
[2025-10-21T21:10:12.461] [DEBUG] debug-file - Update task default:default@CompileArkTS input file:G:\HarmonyOsProjects\news_app-3a12a9aaec8f982bbbef9569988265dcb99f73e0\products\default\build\default\intermediates\res\default\ark_module.json cache by regenerate.
[2025-10-21T21:10:12.461] [DEBUG] debug-file - Update task default:default@CompileArkTS input file:G:\HarmonyOsProjects\news_app-3a12a9aaec8f982bbbef9569988265dcb99f73e0\products\default\build\default\intermediates\res\default\resources\base\profile cache by regenerate.
[2025-10-21T21:10:12.462] [DEBUG] debug-file - Update task default:default@CompileArkTS input file:G:\HarmonyOsProjects\news_app-3a12a9aaec8f982bbbef9569988265dcb99f73e0\products\default\src\main\ets cache by regenerate.
[2025-10-21T21:10:12.462] [DEBUG] debug-file - Update task default:default@CompileArkTS input file:G:\HarmonyOsProjects\news_app-3a12a9aaec8f982bbbef9569988265dcb99f73e0\products\default\build\default\generated\profile\default\BuildProfile.ets cache by regenerate.
[2025-10-21T21:10:12.462] [DEBUG] debug-file - Update task default:default@CompileArkTS input file:G:\HarmonyOsProjects\news_app-3a12a9aaec8f982bbbef9569988265dcb99f73e0\features\video\BuildProfile.ets cache by regenerate.
[2025-10-21T21:10:12.462] [DEBUG] debug-file - Update task default:default@CompileArkTS input file:G:\HarmonyOsProjects\news_app-3a12a9aaec8f982bbbef9569988265dcb99f73e0\features\news\BuildProfile.ets cache by regenerate.
[2025-10-21T21:10:12.462] [DEBUG] debug-file - Update task default:default@CompileArkTS input file:G:\HarmonyOsProjects\news_app-3a12a9aaec8f982bbbef9569988265dcb99f73e0\features\quickstart\BuildProfile.ets cache by regenerate.
[2025-10-21T21:10:12.462] [DEBUG] debug-file - Update task default:default@CompileArkTS input file:G:\HarmonyOsProjects\news_app-3a12a9aaec8f982bbbef9569988265dcb99f73e0\features\follows\BuildProfile.ets cache by regenerate.
[2025-10-21T21:10:12.462] [DEBUG] debug-file - Update task default:default@CompileArkTS input file:G:\HarmonyOsProjects\news_app-3a12a9aaec8f982bbbef9569988265dcb99f73e0\features\mine\BuildProfile.ets cache by regenerate.
[2025-10-21T21:10:12.462] [DEBUG] debug-file - Update task default:default@CompileArkTS input file:G:\HarmonyOsProjects\news_app-3a12a9aaec8f982bbbef9569988265dcb99f73e0\features\login\BuildProfile.ets cache by regenerate.
[2025-10-21T21:10:12.462] [DEBUG] debug-file - Update task default:default@CompileArkTS input file:G:\HarmonyOsProjects\news_app-3a12a9aaec8f982bbbef9569988265dcb99f73e0\commons\uicomponents\BuildProfile.ets cache by regenerate.
[2025-10-21T21:10:12.462] [DEBUG] debug-file - Update task default:default@CompileArkTS input file:G:\HarmonyOsProjects\news_app-3a12a9aaec8f982bbbef9569988265dcb99f73e0\commons\utils\BuildProfile.ets cache by regenerate.
[2025-10-21T21:10:12.463] [DEBUG] debug-file - Update task default:default@CompileArkTS output file:G:\HarmonyOsProjects\news_app-3a12a9aaec8f982bbbef9569988265dcb99f73e0\products\default\build\default\intermediates\loader_out\default\ets cache.
[2025-10-21T21:10:12.463] [DEBUG] debug-file - Incremental task default:default@CompileArkTS post-execution cost:8 ms .
[2025-10-21T21:10:12.464] [DEBUG] debug-file - Update task default:default@BuildJS input file:G:\HarmonyOsProjects\news_app-3a12a9aaec8f982bbbef9569988265dcb99f73e0\products\default\build\default\intermediates\loader\default cache by regenerate.
[2025-10-21T21:10:12.464] [DEBUG] debug-file - Update task default:default@BuildJS input file:G:\HarmonyOsProjects\news_app-3a12a9aaec8f982bbbef9569988265dcb99f73e0\features\video\Index.ets cache by regenerate.
[2025-10-21T21:10:12.464] [DEBUG] debug-file - Update task default:default@BuildJS input file:G:\HarmonyOsProjects\news_app-3a12a9aaec8f982bbbef9569988265dcb99f73e0\features\news\Index.ets cache by regenerate.
[2025-10-21T21:10:12.464] [DEBUG] debug-file - Update task default:default@BuildJS input file:G:\HarmonyOsProjects\news_app-3a12a9aaec8f982bbbef9569988265dcb99f73e0\features\quickstart\Index.ets cache by regenerate.
[2025-10-21T21:10:12.464] [DEBUG] debug-file - Update task default:default@BuildJS input file:G:\HarmonyOsProjects\news_app-3a12a9aaec8f982bbbef9569988265dcb99f73e0\features\follows\Index.ets cache by regenerate.
[2025-10-21T21:10:12.464] [DEBUG] debug-file - Update task default:default@BuildJS input file:G:\HarmonyOsProjects\news_app-3a12a9aaec8f982bbbef9569988265dcb99f73e0\features\mine\Index.ets cache by regenerate.
[2025-10-21T21:10:12.465] [DEBUG] debug-file - Update task default:default@BuildJS input file:G:\HarmonyOsProjects\news_app-3a12a9aaec8f982bbbef9569988265dcb99f73e0\features\login\Index.ets cache by regenerate.
[2025-10-21T21:10:12.465] [DEBUG] debug-file - Update task default:default@BuildJS input file:G:\HarmonyOsProjects\news_app-3a12a9aaec8f982bbbef9569988265dcb99f73e0\commons\uicomponents\Index.ets cache by regenerate.
[2025-10-21T21:10:12.465] [DEBUG] debug-file - Update task default:default@BuildJS input file:G:\HarmonyOsProjects\news_app-3a12a9aaec8f982bbbef9569988265dcb99f73e0\commons\utils\Index.ets cache by regenerate.
[2025-10-21T21:10:12.465] [DEBUG] debug-file - Update task default:default@BuildJS input file:G:\HarmonyOsProjects\news_app-3a12a9aaec8f982bbbef9569988265dcb99f73e0\products\default\build\default\intermediates\res\default\resources\rawfile cache by regenerate.
[2025-10-21T21:10:12.465] [DEBUG] debug-file - Update task default:default@BuildJS input file:G:\HarmonyOsProjects\news_app-3a12a9aaec8f982bbbef9569988265dcb99f73e0\products\default\build\default\intermediates\res\default\ResourceTable.txt cache by regenerate.
[2025-10-21T21:10:12.465] [DEBUG] debug-file - Update task default:default@BuildJS input file:G:\HarmonyOsProjects\news_app-3a12a9aaec8f982bbbef9569988265dcb99f73e0\products\default\build\default\intermediates\res\default\ark_module.json cache by regenerate.
[2025-10-21T21:10:12.465] [DEBUG] debug-file - Update task default:default@BuildJS input file:G:\HarmonyOsProjects\news_app-3a12a9aaec8f982bbbef9569988265dcb99f73e0\products\default\build\default\intermediates\res\default\resources\base\profile cache by regenerate.
[2025-10-21T21:10:12.466] [DEBUG] debug-file - Update task default:default@BuildJS output file:G:\HarmonyOsProjects\news_app-3a12a9aaec8f982bbbef9569988265dcb99f73e0\products\default\build\default\intermediates\loader_out\default\js cache.
[2025-10-21T21:10:12.466] [DEBUG] debug-file - Incremental task default:default@BuildJS post-execution cost:3 ms .
[2025-10-21T21:10:12.466] [DEBUG] debug-file - There is no need to refresh cache, since the incremental task news:default@DoNativeStrip is up-to-date.
[2025-10-21T21:10:12.466] [DEBUG] debug-file - There is no need to refresh cache, since the incremental task video:default@DoNativeStrip is up-to-date.
[2025-10-21T21:10:12.466] [DEBUG] debug-file - There is no need to refresh cache, since the incremental task quickstart:default@DoNativeStrip is up-to-date.
[2025-10-21T21:10:12.466] [DEBUG] debug-file - There is no need to refresh cache, since the incremental task follows:default@DoNativeStrip is up-to-date.
[2025-10-21T21:10:12.466] [DEBUG] debug-file - There is no need to refresh cache, since the incremental task mine:default@ProcessLibs is up-to-date.
[2025-10-21T21:10:12.466] [DEBUG] debug-file - There is no need to refresh cache, since the incremental task mine:default@DoNativeStrip is up-to-date.
[2025-10-21T21:10:12.466] [DEBUG] debug-file - There is no need to refresh cache, since the incremental task default:default@ProcessLibs is up-to-date.
[2025-10-21T21:10:12.466] [DEBUG] debug-file - There is no need to refresh cache, since the incremental task default:default@DoNativeStrip is up-to-date.
[2025-10-21T21:10:12.466] [DEBUG] debug-file - There is no need to refresh cache, since the incremental task default:default@CacheNativeLibs is up-to-date.
[2025-10-21T21:10:12.466] [DEBUG] debug-file - There is no need to refresh cache, since the incremental task default:default@GeneratePkgModuleJson is up-to-date.
[2025-10-21T21:10:12.466] [DEBUG] debug-file - Update task default:default@PackageHap input file:G:\HarmonyOsProjects\news_app-3a12a9aaec8f982bbbef9569988265dcb99f73e0\products\default\build\default\intermediates\stripped_native_libs\default cache by regenerate.
[2025-10-21T21:10:12.467] [DEBUG] debug-file - Update task default:default@PackageHap input file:G:\HarmonyOsProjects\news_app-3a12a9aaec8f982bbbef9569988265dcb99f73e0\products\default\build\default\intermediates\res\default\module.json cache by regenerate.
[2025-10-21T21:10:12.467] [DEBUG] debug-file - Update task default:default@PackageHap input file:G:\HarmonyOsProjects\news_app-3a12a9aaec8f982bbbef9569988265dcb99f73e0\products\default\build\default\intermediates\res\default\resources cache by regenerate.
[2025-10-21T21:10:12.470] [DEBUG] debug-file - Update task default:default@PackageHap input file:G:\HarmonyOsProjects\news_app-3a12a9aaec8f982bbbef9569988265dcb99f73e0\products\default\build\default\intermediates\res\default\resources.index cache by regenerate.
[2025-10-21T21:10:12.471] [DEBUG] debug-file - Update task default:default@PackageHap input file:G:\HarmonyOsProjects\news_app-3a12a9aaec8f982bbbef9569988265dcb99f73e0\products\default\build\default\outputs\default\pack.info cache by regenerate.
[2025-10-21T21:10:12.471] [DEBUG] debug-file - Update task default:default@PackageHap input file:G:\HarmonyOsProjects\news_app-3a12a9aaec8f982bbbef9569988265dcb99f73e0\products\default\build\default\intermediates\loader_out\default\ets cache from map.
[2025-10-21T21:10:12.471] [DEBUG] debug-file - Update task default:default@PackageHap input file:G:\HarmonyOsProjects\news_app-3a12a9aaec8f982bbbef9569988265dcb99f73e0\products\default\build\default\intermediates\loader_out\default\ets\sourceMaps.map cache by regenerate.
[2025-10-21T21:10:12.471] [DEBUG] debug-file - Update task default:default@PackageHap input file:G:\HarmonyOsProjects\news_app-3a12a9aaec8f982bbbef9569988265dcb99f73e0\products\default\build\default\generated\profile\default\BuildProfile.ets cache by regenerate.
[2025-10-21T21:10:12.471] [DEBUG] debug-file - Update task default:default@PackageHap output file:G:\HarmonyOsProjects\news_app-3a12a9aaec8f982bbbef9569988265dcb99f73e0\products\default\build\default\outputs\default\default-default-unsigned.hap cache.
[2025-10-21T21:10:12.471] [DEBUG] debug-file - Update task default:default@PackageHap output file:G:\HarmonyOsProjects\news_app-3a12a9aaec8f982bbbef9569988265dcb99f73e0\products\default\build\default\intermediates\source_map\default\sourceMaps.map cache.
[2025-10-21T21:10:12.471] [DEBUG] debug-file - Update task default:default@PackageHap output file:G:\HarmonyOsProjects\news_app-3a12a9aaec8f982bbbef9569988265dcb99f73e0\products\default\build\default\outputs\default\mapping\sourceMaps.map cache.
[2025-10-21T21:10:12.471] [DEBUG] debug-file - Incremental task default:default@PackageHap post-execution cost:6 ms .
[2025-10-21T21:10:12.472] [DEBUG] debug-file - Update task default:default@SignHap input file:G:\HarmonyOsProjects\news_app-3a12a9aaec8f982bbbef9569988265dcb99f73e0\products\default\build\default\outputs\default\default-default-unsigned.hap cache from map.
[2025-10-21T21:10:12.472] [DEBUG] debug-file - Update task default:default@SignHap output file:G:\HarmonyOsProjects\news_app-3a12a9aaec8f982bbbef9569988265dcb99f73e0\products\default\build\default\outputs\default\default-default-signed.hap cache.
[2025-10-21T21:10:12.472] [DEBUG] debug-file - Incremental task default:default@SignHap post-execution cost:1 ms .
[2025-10-21T21:10:12.473] [DEBUG] debug-file - Update task default:default@CollectDebugSymbol input file:G:\HarmonyOsProjects\news_app-3a12a9aaec8f982bbbef9569988265dcb99f73e0\products\default\build\default\intermediates\loader_out\default\ets\sourceMaps.map cache by regenerate.
[2025-10-21T21:10:12.473] [DEBUG] debug-file - Update task default:default@CollectDebugSymbol input file:G:\HarmonyOsProjects\news_app-3a12a9aaec8f982bbbef9569988265dcb99f73e0\products\default\build\default\intermediates\libs\default cache by regenerate.
[2025-10-21T21:10:12.473] [DEBUG] debug-file - Update task default:default@CollectDebugSymbol output file:G:\HarmonyOsProjects\news_app-3a12a9aaec8f982bbbef9569988265dcb99f73e0\products\default\build\default\outputs\default\symbol cache.
[2025-10-21T21:10:12.473] [DEBUG] debug-file - Incremental task default:default@CollectDebugSymbol post-execution cost:2 ms .
[2025-10-21T21:10:12.514] [DEBUG] debug-file - Cleanup worker 14.
[2025-10-21T21:10:12.514] [DEBUG] debug-file - Worker 14 has been cleaned up.
[2025-10-21T21:10:12.514] [DEBUG] debug-file - Current idle worker size: 1.
[2025-10-21T21:10:12.515] [DEBUG] debug-file - Current resident worker size: 2.
[2025-10-21T21:10:12.517] [DEBUG] debug-file - session manager: send message to worker process.
[2025-10-21T21:10:12.517] [DEBUG] debug-file - session manager: send message to worker process.
[2025-10-21T21:10:12.518] [DEBUG] debug-file - hvigor build process will be closed.
[2025-10-21T21:10:12.519] [DEBUG] debug-file - java daemon socket close code:1000 reason:close by user
[2025-10-21T21:10:12.520] [DEBUG] debug-file - watch worker: worker id should be larger than 0. Nothing will be sent to any worker thread.
[2025-10-21T21:10:12.521] [DEBUG] debug-file - watch worker: worker id should be larger than 0. Nothing will be sent to any worker thread.
[2025-10-21T21:10:12.526] [DEBUG] debug-file - worker[14] exits with exit code 1.
[2025-10-21T21:12:21.668] [DEBUG] debug-file - session manager: set active socket. socketId=cZLyXc-FZXj88wY6AAAR
[2025-10-21T21:12:21.713] [DEBUG] debug-file - watch worker: worker id should be larger than 0. Nothing will be sent to any worker thread.
[2025-10-21T21:12:21.805] [DEBUG] debug-file - Hvigor init with startParameters:{
  hvigorfileTypeCheck: false,
  parallelExecution: true,
  incrementalExecution: true,
  printStackTrace: false,
  daemon: true,
  analyze: 0,
  logLevel: Level { level: 20000, levelStr: 'INFO', colour: 'green' }
}
[2025-10-21T21:12:21.853] [DEBUG] debug-file - Cache service initialization finished in 48 ms 
[2025-10-21T21:12:21.877] [DEBUG] debug-file - hvigorfile, resolving G:\HarmonyOsProjects\news_app-3a12a9aaec8f982bbbef9569988265dcb99f73e0\hvigorfile.ts
[2025-10-21T21:12:21.886] [DEBUG] debug-file - hvigorfile, require result:  { default: { plugins: [] } }
[2025-10-21T21:12:21.887] [DEBUG] debug-file - hvigorfile, binding system plugins null
[2025-10-21T21:12:21.928] [DEBUG] debug-file - Start initialize project's product build option map with build mode debug.
[2025-10-21T21:12:21.928] [DEBUG] debug-file - Picking option from product 'default' with build mode 'debug'.
[2025-10-21T21:12:21.928] [DEBUG] debug-file - Product 'default' build option: {}
[2025-10-21T21:12:21.928] [DEBUG] debug-file - End initialize project's product build option map with build mode 'debug'.
[2025-10-21T21:12:21.930] [DEBUG] debug-file - Product 'default' using build option: {
  "debuggable": true
} in this build.
[2025-10-21T21:12:21.931] [DEBUG] debug-file - not found resModel json file in : G:\HarmonyOsProjects\news_app-3a12a9aaec8f982bbbef9569988265dcb99f73e0\products\default\src\ohosTest\module.json5
[2025-10-21T21:12:21.934] [DEBUG] debug-file - not found resModel json file in : G:\HarmonyOsProjects\news_app-3a12a9aaec8f982bbbef9569988265dcb99f73e0\features\news\src\ohosTest\module.json5
[2025-10-21T21:12:21.935] [DEBUG] debug-file - not found resModel json file in : G:\HarmonyOsProjects\news_app-3a12a9aaec8f982bbbef9569988265dcb99f73e0\features\video\src\ohosTest\module.json5
[2025-10-21T21:12:21.939] [DEBUG] debug-file - not found resModel json file in : G:\HarmonyOsProjects\news_app-3a12a9aaec8f982bbbef9569988265dcb99f73e0\features\quickstart\src\ohosTest\module.json5
[2025-10-21T21:12:21.954] [DEBUG] debug-file - No signingConfig found, initRemoteHspCache failed.
[2025-10-21T21:12:21.966] [DEBUG] debug-file - Start recording SDK configuration permission data.
[2025-10-21T21:12:22.006] [DEBUG] debug-file - Sdk init in 51 ms 
[2025-10-21T21:12:22.034] [DEBUG] debug-file - Project task initialization takes 27 ms 
[2025-10-21T21:12:22.034] [DEBUG] debug-file - hvigorfile, binding custom plugins []
[2025-10-21T21:12:22.034] [DEBUG] debug-file - hvigorfile, no custom plugins were found in G:\HarmonyOsProjects\news_app-3a12a9aaec8f982bbbef9569988265dcb99f73e0\hvigorfile.ts
[2025-10-21T21:12:22.034] [DEBUG] debug-file - hvigorfile, resolve finished G:\HarmonyOsProjects\news_app-3a12a9aaec8f982bbbef9569988265dcb99f73e0\hvigorfile.ts
[2025-10-21T21:12:22.042] [DEBUG] debug-file - hvigorfile, resolving G:\HarmonyOsProjects\news_app-3a12a9aaec8f982bbbef9569988265dcb99f73e0\products\default\hvigorfile.ts
[2025-10-21T21:12:22.045] [DEBUG] debug-file - hvigorfile, require result:  { default: { plugins: [] } }
[2025-10-21T21:12:22.045] [DEBUG] debug-file - hvigorfile, binding system plugins null
[2025-10-21T21:12:22.052] [DEBUG] debug-file - Start initialize module-target build option map, moduleName=default, buildMode=debug
[2025-10-21T21:12:22.052] [DEBUG] debug-file - Target 'default' config: {}
[2025-10-21T21:12:22.053] [DEBUG] debug-file - Target 'ohosTest' config: {}
[2025-10-21T21:12:22.053] [DEBUG] debug-file - Module 'default' target 'default' build option: {
  "debuggable": true,
  "copyFrom": "default",
  "name": "debug"
}
[2025-10-21T21:12:22.053] [DEBUG] debug-file - Module 'default' target 'ohosTest' build option: {
  "debuggable": true,
  "name": "default"
}
[2025-10-21T21:12:22.053] [DEBUG] debug-file - End initialize module-target build option map, moduleName=default
[2025-10-21T21:12:22.053] [DEBUG] debug-file - Start initialize module-target build option map, moduleName=default, buildMode=release
[2025-10-21T21:12:22.053] [DEBUG] debug-file - Target 'default' config: {}
[2025-10-21T21:12:22.053] [DEBUG] debug-file - Target 'ohosTest' config: {}
[2025-10-21T21:12:22.054] [DEBUG] debug-file - Module 'default' target 'default' build option: {
  "debuggable": false,
  "copyFrom": "default",
  "name": "release",
  "arkOptions": {
    "obfuscation": {
      "ruleOptions": {
        "enable": true,
        "files": [
          "./obfuscation-rules.txt"
        ]
      }
    }
  }
}
[2025-10-21T21:12:22.054] [DEBUG] debug-file - Module 'default' target 'ohosTest' build option: {
  "debuggable": true,
  "name": "default"
}
[2025-10-21T21:12:22.054] [DEBUG] debug-file - End initialize module-target build option map, moduleName=default
[2025-10-21T21:12:22.054] [DEBUG] debug-file - Start initialize module-target build option map, moduleName=default, buildMode=debug
[2025-10-21T21:12:22.054] [DEBUG] debug-file - Target 'default' config: {}
[2025-10-21T21:12:22.054] [DEBUG] debug-file - Target 'ohosTest' config: {}
[2025-10-21T21:12:22.054] [DEBUG] debug-file - Module 'default' target 'default' build option: {
  "debuggable": true,
  "copyFrom": "default",
  "name": "debug"
}
[2025-10-21T21:12:22.054] [DEBUG] debug-file - Module 'default' target 'ohosTest' build option: {
  "debuggable": true,
  "name": "default"
}
[2025-10-21T21:12:22.054] [DEBUG] debug-file - End initialize module-target build option map, moduleName=default
[2025-10-21T21:12:22.054] [DEBUG] debug-file - Module 'default' target 'default' using build option: {
  "debuggable": true,
  "copyFrom": "default",
  "name": "debug"
} in this build.
[2025-10-21T21:12:22.058] [DEBUG] debug-file - Module default task initialization takes 2 ms 
[2025-10-21T21:12:22.058] [DEBUG] debug-file - hvigorfile, binding custom plugins []
[2025-10-21T21:12:22.058] [DEBUG] debug-file - hvigorfile, no custom plugins were found in G:\HarmonyOsProjects\news_app-3a12a9aaec8f982bbbef9569988265dcb99f73e0\products\default\hvigorfile.ts
[2025-10-21T21:12:22.058] [DEBUG] debug-file - hvigorfile, resolve finished G:\HarmonyOsProjects\news_app-3a12a9aaec8f982bbbef9569988265dcb99f73e0\products\default\hvigorfile.ts
[2025-10-21T21:12:22.067] [DEBUG] debug-file - hvigorfile, resolving G:\HarmonyOsProjects\news_app-3a12a9aaec8f982bbbef9569988265dcb99f73e0\features\news\hvigorfile.ts
[2025-10-21T21:12:22.071] [DEBUG] debug-file - hvigorfile, require result:  { default: { plugins: [] } }
[2025-10-21T21:12:22.071] [DEBUG] debug-file - hvigorfile, binding system plugins null
[2025-10-21T21:12:22.079] [DEBUG] debug-file - Start initialize module-target build option map, moduleName=news, buildMode=debug
[2025-10-21T21:12:22.079] [DEBUG] debug-file - Target 'default' config: {}
[2025-10-21T21:12:22.079] [DEBUG] debug-file - Target 'ohosTest' config: {}
[2025-10-21T21:12:22.079] [DEBUG] debug-file - Module 'news' target 'default' build option: {
  "debuggable": true,
  "copyFrom": "default",
  "name": "debug"
}
[2025-10-21T21:12:22.079] [DEBUG] debug-file - Module 'news' target 'ohosTest' build option: {
  "debuggable": true,
  "name": "default"
}
[2025-10-21T21:12:22.079] [DEBUG] debug-file - End initialize module-target build option map, moduleName=news
[2025-10-21T21:12:22.079] [DEBUG] debug-file - Start initialize module-target build option map, moduleName=news, buildMode=release
[2025-10-21T21:12:22.080] [DEBUG] debug-file - Target 'default' config: {}
[2025-10-21T21:12:22.081] [DEBUG] debug-file - Target 'ohosTest' config: {}
[2025-10-21T21:12:22.081] [DEBUG] debug-file - Module 'news' target 'default' build option: {
  "debuggable": false,
  "copyFrom": "default",
  "name": "release",
  "arkOptions": {
    "obfuscation": {
      "ruleOptions": {
        "enable": true,
        "files": [
          "./obfuscation-rules.txt"
        ]
      },
      "consumerFiles": [
        "./consumer-rules.txt"
      ]
    }
  }
}
[2025-10-21T21:12:22.081] [DEBUG] debug-file - Module 'news' target 'ohosTest' build option: {
  "debuggable": true,
  "name": "default"
}
[2025-10-21T21:12:22.081] [DEBUG] debug-file - End initialize module-target build option map, moduleName=news
[2025-10-21T21:12:22.081] [DEBUG] debug-file - Start initialize module-target build option map, moduleName=news, buildMode=debug
[2025-10-21T21:12:22.081] [DEBUG] debug-file - Target 'default' config: {}
[2025-10-21T21:12:22.082] [DEBUG] debug-file - Target 'ohosTest' config: {}
[2025-10-21T21:12:22.082] [DEBUG] debug-file - Module 'news' target 'default' build option: {
  "debuggable": true,
  "copyFrom": "default",
  "name": "debug"
}
[2025-10-21T21:12:22.083] [DEBUG] debug-file - Module 'news' target 'ohosTest' build option: {
  "debuggable": true,
  "name": "default"
}
[2025-10-21T21:12:22.083] [DEBUG] debug-file - End initialize module-target build option map, moduleName=news
[2025-10-21T21:12:22.083] [DEBUG] debug-file - Module 'news' target 'default' using build option: {
  "debuggable": true,
  "copyFrom": "default",
  "name": "debug"
} in this build.
[2025-10-21T21:12:22.086] [DEBUG] debug-file - Module news task initialization takes 1 ms 
[2025-10-21T21:12:22.086] [DEBUG] debug-file - hvigorfile, binding custom plugins []
[2025-10-21T21:12:22.087] [DEBUG] debug-file - hvigorfile, no custom plugins were found in G:\HarmonyOsProjects\news_app-3a12a9aaec8f982bbbef9569988265dcb99f73e0\features\news\hvigorfile.ts
[2025-10-21T21:12:22.087] [DEBUG] debug-file - hvigorfile, resolve finished G:\HarmonyOsProjects\news_app-3a12a9aaec8f982bbbef9569988265dcb99f73e0\features\news\hvigorfile.ts
[2025-10-21T21:12:22.096] [DEBUG] debug-file - hvigorfile, resolving G:\HarmonyOsProjects\news_app-3a12a9aaec8f982bbbef9569988265dcb99f73e0\features\video\hvigorfile.ts
[2025-10-21T21:12:22.100] [DEBUG] debug-file - hvigorfile, require result:  { default: { plugins: [] } }
[2025-10-21T21:12:22.100] [DEBUG] debug-file - hvigorfile, binding system plugins null
[2025-10-21T21:12:22.107] [DEBUG] debug-file - Start initialize module-target build option map, moduleName=video, buildMode=debug
[2025-10-21T21:12:22.107] [DEBUG] debug-file - Target 'default' config: {}
[2025-10-21T21:12:22.107] [DEBUG] debug-file - Target 'ohosTest' config: {}
[2025-10-21T21:12:22.107] [DEBUG] debug-file - Module 'video' target 'default' build option: {
  "debuggable": true,
  "copyFrom": "default",
  "name": "debug"
}
[2025-10-21T21:12:22.107] [DEBUG] debug-file - Module 'video' target 'ohosTest' build option: {
  "debuggable": true,
  "name": "default"
}
[2025-10-21T21:12:22.107] [DEBUG] debug-file - End initialize module-target build option map, moduleName=video
[2025-10-21T21:12:22.107] [DEBUG] debug-file - Start initialize module-target build option map, moduleName=video, buildMode=release
[2025-10-21T21:12:22.108] [DEBUG] debug-file - Target 'default' config: {}
[2025-10-21T21:12:22.108] [DEBUG] debug-file - Target 'ohosTest' config: {}
[2025-10-21T21:12:22.108] [DEBUG] debug-file - Module 'video' target 'default' build option: {
  "debuggable": false,
  "copyFrom": "default",
  "name": "release",
  "arkOptions": {
    "obfuscation": {
      "ruleOptions": {
        "enable": true,
        "files": [
          "./obfuscation-rules.txt"
        ]
      },
      "consumerFiles": [
        "./consumer-rules.txt"
      ]
    }
  }
}
[2025-10-21T21:12:22.108] [DEBUG] debug-file - Module 'video' target 'ohosTest' build option: {
  "debuggable": true,
  "name": "default"
}
[2025-10-21T21:12:22.108] [DEBUG] debug-file - End initialize module-target build option map, moduleName=video
[2025-10-21T21:12:22.108] [DEBUG] debug-file - Start initialize module-target build option map, moduleName=video, buildMode=debug
[2025-10-21T21:12:22.108] [DEBUG] debug-file - Target 'default' config: {}
[2025-10-21T21:12:22.108] [DEBUG] debug-file - Target 'ohosTest' config: {}
[2025-10-21T21:12:22.109] [DEBUG] debug-file - Module 'video' target 'default' build option: {
  "debuggable": true,
  "copyFrom": "default",
  "name": "debug"
}
[2025-10-21T21:12:22.109] [DEBUG] debug-file - Module 'video' target 'ohosTest' build option: {
  "debuggable": true,
  "name": "default"
}
[2025-10-21T21:12:22.109] [DEBUG] debug-file - End initialize module-target build option map, moduleName=video
[2025-10-21T21:12:22.109] [DEBUG] debug-file - Module 'video' target 'default' using build option: {
  "debuggable": true,
  "copyFrom": "default",
  "name": "debug"
} in this build.
[2025-10-21T21:12:22.112] [DEBUG] debug-file - Module video task initialization takes 1 ms 
[2025-10-21T21:12:22.112] [DEBUG] debug-file - hvigorfile, binding custom plugins []
[2025-10-21T21:12:22.112] [DEBUG] debug-file - hvigorfile, no custom plugins were found in G:\HarmonyOsProjects\news_app-3a12a9aaec8f982bbbef9569988265dcb99f73e0\features\video\hvigorfile.ts
[2025-10-21T21:12:22.112] [DEBUG] debug-file - hvigorfile, resolve finished G:\HarmonyOsProjects\news_app-3a12a9aaec8f982bbbef9569988265dcb99f73e0\features\video\hvigorfile.ts
[2025-10-21T21:12:22.120] [DEBUG] debug-file - hvigorfile, resolving G:\HarmonyOsProjects\news_app-3a12a9aaec8f982bbbef9569988265dcb99f73e0\features\quickstart\hvigorfile.ts
[2025-10-21T21:12:22.123] [DEBUG] debug-file - hvigorfile, require result:  { default: { plugins: [] } }
[2025-10-21T21:12:22.123] [DEBUG] debug-file - hvigorfile, binding system plugins null
[2025-10-21T21:12:22.130] [DEBUG] debug-file - Start initialize module-target build option map, moduleName=quickstart, buildMode=debug
[2025-10-21T21:12:22.130] [DEBUG] debug-file - Target 'default' config: {}
[2025-10-21T21:12:22.131] [DEBUG] debug-file - Target 'ohosTest' config: {}
[2025-10-21T21:12:22.131] [DEBUG] debug-file - Module 'quickstart' target 'default' build option: {
  "debuggable": true,
  "copyFrom": "default",
  "name": "debug"
}
[2025-10-21T21:12:22.131] [DEBUG] debug-file - Module 'quickstart' target 'ohosTest' build option: {
  "debuggable": true,
  "name": "default"
}
[2025-10-21T21:12:22.131] [DEBUG] debug-file - End initialize module-target build option map, moduleName=quickstart
[2025-10-21T21:12:22.131] [DEBUG] debug-file - Start initialize module-target build option map, moduleName=quickstart, buildMode=release
[2025-10-21T21:12:22.131] [DEBUG] debug-file - Target 'default' config: {}
[2025-10-21T21:12:22.132] [DEBUG] debug-file - Target 'ohosTest' config: {}
[2025-10-21T21:12:22.132] [DEBUG] debug-file - Module 'quickstart' target 'default' build option: {
  "debuggable": false,
  "copyFrom": "default",
  "name": "release",
  "arkOptions": {
    "obfuscation": {
      "ruleOptions": {
        "enable": true,
        "files": [
          "./obfuscation-rules.txt"
        ]
      },
      "consumerFiles": [
        "./consumer-rules.txt"
      ]
    }
  }
}
[2025-10-21T21:12:22.132] [DEBUG] debug-file - Module 'quickstart' target 'ohosTest' build option: {
  "debuggable": true,
  "name": "default"
}
[2025-10-21T21:12:22.132] [DEBUG] debug-file - End initialize module-target build option map, moduleName=quickstart
[2025-10-21T21:12:22.132] [DEBUG] debug-file - Start initialize module-target build option map, moduleName=quickstart, buildMode=debug
[2025-10-21T21:12:22.132] [DEBUG] debug-file - Target 'default' config: {}
[2025-10-21T21:12:22.132] [DEBUG] debug-file - Target 'ohosTest' config: {}
[2025-10-21T21:12:22.132] [DEBUG] debug-file - Module 'quickstart' target 'default' build option: {
  "debuggable": true,
  "copyFrom": "default",
  "name": "debug"
}
[2025-10-21T21:12:22.132] [DEBUG] debug-file - Module 'quickstart' target 'ohosTest' build option: {
  "debuggable": true,
  "name": "default"
}
[2025-10-21T21:12:22.132] [DEBUG] debug-file - End initialize module-target build option map, moduleName=quickstart
[2025-10-21T21:12:22.132] [DEBUG] debug-file - Module 'quickstart' target 'default' using build option: {
  "debuggable": true,
  "copyFrom": "default",
  "name": "debug"
} in this build.
[2025-10-21T21:12:22.135] [DEBUG] debug-file - Module quickstart task initialization takes 1 ms 
[2025-10-21T21:12:22.135] [DEBUG] debug-file - hvigorfile, binding custom plugins []
[2025-10-21T21:12:22.135] [DEBUG] debug-file - hvigorfile, no custom plugins were found in G:\HarmonyOsProjects\news_app-3a12a9aaec8f982bbbef9569988265dcb99f73e0\features\quickstart\hvigorfile.ts
[2025-10-21T21:12:22.136] [DEBUG] debug-file - hvigorfile, resolve finished G:\HarmonyOsProjects\news_app-3a12a9aaec8f982bbbef9569988265dcb99f73e0\features\quickstart\hvigorfile.ts
[2025-10-21T21:12:22.143] [DEBUG] debug-file - hvigorfile, resolving G:\HarmonyOsProjects\news_app-3a12a9aaec8f982bbbef9569988265dcb99f73e0\commons\utils\hvigorfile.ts
[2025-10-21T21:12:22.146] [DEBUG] debug-file - hvigorfile, require result:  { default: { plugins: [] } }
[2025-10-21T21:12:22.146] [DEBUG] debug-file - hvigorfile, binding system plugins null
[2025-10-21T21:12:22.152] [DEBUG] debug-file - Start initialize module-target build option map, moduleName=utils, buildMode=debug
[2025-10-21T21:12:22.152] [DEBUG] debug-file - Target 'default' config: {}
[2025-10-21T21:12:22.153] [DEBUG] debug-file - Target 'ohosTest' config: {}
[2025-10-21T21:12:22.153] [DEBUG] debug-file - Module 'utils' target 'default' build option: {
  "debuggable": true,
  "copyFrom": "default",
  "name": "debug"
}
[2025-10-21T21:12:22.153] [DEBUG] debug-file - Module 'utils' target 'ohosTest' build option: {
  "debuggable": true,
  "name": "default"
}
[2025-10-21T21:12:22.153] [DEBUG] debug-file - End initialize module-target build option map, moduleName=utils
[2025-10-21T21:12:22.153] [DEBUG] debug-file - Start initialize module-target build option map, moduleName=utils, buildMode=release
[2025-10-21T21:12:22.153] [DEBUG] debug-file - Target 'default' config: {}
[2025-10-21T21:12:22.153] [DEBUG] debug-file - Target 'ohosTest' config: {}
[2025-10-21T21:12:22.154] [DEBUG] debug-file - Module 'utils' target 'default' build option: {
  "debuggable": false,
  "copyFrom": "default",
  "name": "release",
  "arkOptions": {
    "obfuscation": {
      "ruleOptions": {
        "enable": false,
        "files": [
          "./obfuscation-rules.txt"
        ]
      },
      "consumerFiles": [
        "./consumer-rules.txt"
      ]
    }
  }
}
[2025-10-21T21:12:22.154] [DEBUG] debug-file - Module 'utils' target 'ohosTest' build option: {
  "debuggable": true,
  "name": "default"
}
[2025-10-21T21:12:22.154] [DEBUG] debug-file - End initialize module-target build option map, moduleName=utils
[2025-10-21T21:12:22.154] [DEBUG] debug-file - Start initialize module-target build option map, moduleName=utils, buildMode=debug
[2025-10-21T21:12:22.154] [DEBUG] debug-file - Target 'default' config: {}
[2025-10-21T21:12:22.155] [DEBUG] debug-file - Target 'ohosTest' config: {}
[2025-10-21T21:12:22.155] [DEBUG] debug-file - Module 'utils' target 'default' build option: {
  "debuggable": true,
  "copyFrom": "default",
  "name": "debug"
}
[2025-10-21T21:12:22.155] [DEBUG] debug-file - Module 'utils' target 'ohosTest' build option: {
  "debuggable": true,
  "name": "default"
}
[2025-10-21T21:12:22.155] [DEBUG] debug-file - End initialize module-target build option map, moduleName=utils
[2025-10-21T21:12:22.155] [DEBUG] debug-file - Module 'utils' target 'default' using build option: {
  "debuggable": true,
  "copyFrom": "default",
  "name": "debug"
} in this build.
[2025-10-21T21:12:22.158] [DEBUG] debug-file - Module utils task initialization takes 1 ms 
[2025-10-21T21:12:22.159] [DEBUG] debug-file - hvigorfile, binding custom plugins []
[2025-10-21T21:12:22.159] [DEBUG] debug-file - hvigorfile, no custom plugins were found in G:\HarmonyOsProjects\news_app-3a12a9aaec8f982bbbef9569988265dcb99f73e0\commons\utils\hvigorfile.ts
[2025-10-21T21:12:22.159] [DEBUG] debug-file - hvigorfile, resolve finished G:\HarmonyOsProjects\news_app-3a12a9aaec8f982bbbef9569988265dcb99f73e0\commons\utils\hvigorfile.ts
[2025-10-21T21:12:22.167] [DEBUG] debug-file - hvigorfile, resolving G:\HarmonyOsProjects\news_app-3a12a9aaec8f982bbbef9569988265dcb99f73e0\commons\uicomponents\hvigorfile.ts
[2025-10-21T21:12:22.171] [DEBUG] debug-file - hvigorfile, require result:  { default: { plugins: [] } }
[2025-10-21T21:12:22.171] [DEBUG] debug-file - hvigorfile, binding system plugins null
[2025-10-21T21:12:22.178] [DEBUG] debug-file - Start initialize module-target build option map, moduleName=uicomponents, buildMode=debug
[2025-10-21T21:12:22.178] [DEBUG] debug-file - Target 'default' config: {}
[2025-10-21T21:12:22.178] [DEBUG] debug-file - Target 'ohosTest' config: {}
[2025-10-21T21:12:22.178] [DEBUG] debug-file - Module 'uicomponents' target 'default' build option: {
  "debuggable": true,
  "copyFrom": "default",
  "name": "debug"
}
[2025-10-21T21:12:22.179] [DEBUG] debug-file - Module 'uicomponents' target 'ohosTest' build option: {
  "debuggable": true,
  "name": "default"
}
[2025-10-21T21:12:22.179] [DEBUG] debug-file - End initialize module-target build option map, moduleName=uicomponents
[2025-10-21T21:12:22.179] [DEBUG] debug-file - Start initialize module-target build option map, moduleName=uicomponents, buildMode=release
[2025-10-21T21:12:22.179] [DEBUG] debug-file - Target 'default' config: {}
[2025-10-21T21:12:22.179] [DEBUG] debug-file - Target 'ohosTest' config: {}
[2025-10-21T21:12:22.179] [DEBUG] debug-file - Module 'uicomponents' target 'default' build option: {
  "debuggable": false,
  "copyFrom": "default",
  "name": "release",
  "arkOptions": {
    "obfuscation": {
      "ruleOptions": {
        "enable": false,
        "files": [
          "./obfuscation-rules.txt"
        ]
      },
      "consumerFiles": [
        "./consumer-rules.txt"
      ]
    }
  }
}
[2025-10-21T21:12:22.179] [DEBUG] debug-file - Module 'uicomponents' target 'ohosTest' build option: {
  "debuggable": true,
  "name": "default"
}
[2025-10-21T21:12:22.179] [DEBUG] debug-file - End initialize module-target build option map, moduleName=uicomponents
[2025-10-21T21:12:22.180] [DEBUG] debug-file - Start initialize module-target build option map, moduleName=uicomponents, buildMode=debug
[2025-10-21T21:12:22.180] [DEBUG] debug-file - Target 'default' config: {}
[2025-10-21T21:12:22.180] [DEBUG] debug-file - Target 'ohosTest' config: {}
[2025-10-21T21:12:22.180] [DEBUG] debug-file - Module 'uicomponents' target 'default' build option: {
  "debuggable": true,
  "copyFrom": "default",
  "name": "debug"
}
[2025-10-21T21:12:22.180] [DEBUG] debug-file - Module 'uicomponents' target 'ohosTest' build option: {
  "debuggable": true,
  "name": "default"
}
[2025-10-21T21:12:22.180] [DEBUG] debug-file - End initialize module-target build option map, moduleName=uicomponents
[2025-10-21T21:12:22.180] [DEBUG] debug-file - Module 'uicomponents' target 'default' using build option: {
  "debuggable": true,
  "copyFrom": "default",
  "name": "debug"
} in this build.
[2025-10-21T21:12:22.182] [DEBUG] debug-file - Module uicomponents task initialization takes 1 ms 
[2025-10-21T21:12:22.183] [DEBUG] debug-file - hvigorfile, binding custom plugins []
[2025-10-21T21:12:22.183] [DEBUG] debug-file - hvigorfile, no custom plugins were found in G:\HarmonyOsProjects\news_app-3a12a9aaec8f982bbbef9569988265dcb99f73e0\commons\uicomponents\hvigorfile.ts
[2025-10-21T21:12:22.183] [DEBUG] debug-file - hvigorfile, resolve finished G:\HarmonyOsProjects\news_app-3a12a9aaec8f982bbbef9569988265dcb99f73e0\commons\uicomponents\hvigorfile.ts
[2025-10-21T21:12:22.190] [DEBUG] debug-file - hvigorfile, resolving G:\HarmonyOsProjects\news_app-3a12a9aaec8f982bbbef9569988265dcb99f73e0\features\mine\hvigorfile.ts
[2025-10-21T21:12:22.197] [DEBUG] debug-file - hvigorfile, require result:  { default: { plugins: [] } }
[2025-10-21T21:12:22.198] [DEBUG] debug-file - hvigorfile, binding system plugins null
[2025-10-21T21:12:22.206] [DEBUG] debug-file - Start initialize module-target build option map, moduleName=mine, buildMode=debug
[2025-10-21T21:12:22.206] [DEBUG] debug-file - Target 'default' config: {}
[2025-10-21T21:12:22.206] [DEBUG] debug-file - Target 'ohosTest' config: {}
[2025-10-21T21:12:22.206] [DEBUG] debug-file - Module 'mine' target 'default' build option: {
  "debuggable": true,
  "copyFrom": "default",
  "name": "debug"
}
[2025-10-21T21:12:22.206] [DEBUG] debug-file - Module 'mine' target 'ohosTest' build option: {
  "debuggable": true,
  "name": "default"
}
[2025-10-21T21:12:22.206] [DEBUG] debug-file - End initialize module-target build option map, moduleName=mine
[2025-10-21T21:12:22.207] [DEBUG] debug-file - Start initialize module-target build option map, moduleName=mine, buildMode=release
[2025-10-21T21:12:22.207] [DEBUG] debug-file - Target 'default' config: {}
[2025-10-21T21:12:22.208] [DEBUG] debug-file - Target 'ohosTest' config: {}
[2025-10-21T21:12:22.208] [DEBUG] debug-file - Module 'mine' target 'default' build option: {
  "debuggable": false,
  "copyFrom": "default",
  "name": "release",
  "arkOptions": {
    "obfuscation": {
      "ruleOptions": {
        "enable": false,
        "files": [
          "./obfuscation-rules.txt"
        ]
      },
      "consumerFiles": [
        "./consumer-rules.txt"
      ]
    }
  }
}
[2025-10-21T21:12:22.208] [DEBUG] debug-file - Module 'mine' target 'ohosTest' build option: {
  "debuggable": true,
  "name": "default"
}
[2025-10-21T21:12:22.208] [DEBUG] debug-file - End initialize module-target build option map, moduleName=mine
[2025-10-21T21:12:22.208] [DEBUG] debug-file - Start initialize module-target build option map, moduleName=mine, buildMode=debug
[2025-10-21T21:12:22.208] [DEBUG] debug-file - Target 'default' config: {}
[2025-10-21T21:12:22.208] [DEBUG] debug-file - Target 'ohosTest' config: {}
[2025-10-21T21:12:22.208] [DEBUG] debug-file - Module 'mine' target 'default' build option: {
  "debuggable": true,
  "copyFrom": "default",
  "name": "debug"
}
[2025-10-21T21:12:22.209] [DEBUG] debug-file - Module 'mine' target 'ohosTest' build option: {
  "debuggable": true,
  "name": "default"
}
[2025-10-21T21:12:22.209] [DEBUG] debug-file - End initialize module-target build option map, moduleName=mine
[2025-10-21T21:12:22.209] [DEBUG] debug-file - Module 'mine' target 'default' using build option: {
  "debuggable": true,
  "copyFrom": "default",
  "name": "debug"
} in this build.
[2025-10-21T21:12:22.211] [DEBUG] debug-file - Module mine task initialization takes 1 ms 
[2025-10-21T21:12:22.211] [DEBUG] debug-file - hvigorfile, binding custom plugins []
[2025-10-21T21:12:22.212] [DEBUG] debug-file - hvigorfile, no custom plugins were found in G:\HarmonyOsProjects\news_app-3a12a9aaec8f982bbbef9569988265dcb99f73e0\features\mine\hvigorfile.ts
[2025-10-21T21:12:22.212] [DEBUG] debug-file - hvigorfile, resolve finished G:\HarmonyOsProjects\news_app-3a12a9aaec8f982bbbef9569988265dcb99f73e0\features\mine\hvigorfile.ts
[2025-10-21T21:12:22.218] [DEBUG] debug-file - hvigorfile, resolving G:\HarmonyOsProjects\news_app-3a12a9aaec8f982bbbef9569988265dcb99f73e0\features\login\hvigorfile.ts
[2025-10-21T21:12:22.221] [DEBUG] debug-file - hvigorfile, require result:  { default: { plugins: [] } }
[2025-10-21T21:12:22.221] [DEBUG] debug-file - hvigorfile, binding system plugins null
[2025-10-21T21:12:22.228] [DEBUG] debug-file - Start initialize module-target build option map, moduleName=login, buildMode=debug
[2025-10-21T21:12:22.228] [DEBUG] debug-file - Target 'default' config: {}
[2025-10-21T21:12:22.229] [DEBUG] debug-file - Target 'ohosTest' config: {}
[2025-10-21T21:12:22.229] [DEBUG] debug-file - Module 'login' target 'default' build option: {
  "debuggable": true,
  "copyFrom": "default",
  "name": "debug"
}
[2025-10-21T21:12:22.229] [DEBUG] debug-file - Module 'login' target 'ohosTest' build option: {
  "debuggable": true,
  "name": "default"
}
[2025-10-21T21:12:22.229] [DEBUG] debug-file - End initialize module-target build option map, moduleName=login
[2025-10-21T21:12:22.229] [DEBUG] debug-file - Start initialize module-target build option map, moduleName=login, buildMode=release
[2025-10-21T21:12:22.229] [DEBUG] debug-file - Target 'default' config: {}
[2025-10-21T21:12:22.229] [DEBUG] debug-file - Target 'ohosTest' config: {}
[2025-10-21T21:12:22.229] [DEBUG] debug-file - Module 'login' target 'default' build option: {
  "debuggable": false,
  "copyFrom": "default",
  "name": "release",
  "arkOptions": {
    "obfuscation": {
      "ruleOptions": {
        "enable": false,
        "files": [
          "./obfuscation-rules.txt"
        ]
      },
      "consumerFiles": [
        "./consumer-rules.txt"
      ]
    }
  }
}
[2025-10-21T21:12:22.229] [DEBUG] debug-file - Module 'login' target 'ohosTest' build option: {
  "debuggable": true,
  "name": "default"
}
[2025-10-21T21:12:22.229] [DEBUG] debug-file - End initialize module-target build option map, moduleName=login
[2025-10-21T21:12:22.230] [DEBUG] debug-file - Start initialize module-target build option map, moduleName=login, buildMode=debug
[2025-10-21T21:12:22.230] [DEBUG] debug-file - Target 'default' config: {}
[2025-10-21T21:12:22.230] [DEBUG] debug-file - Target 'ohosTest' config: {}
[2025-10-21T21:12:22.231] [DEBUG] debug-file - Module 'login' target 'default' build option: {
  "debuggable": true,
  "copyFrom": "default",
  "name": "debug"
}
[2025-10-21T21:12:22.231] [DEBUG] debug-file - Module 'login' target 'ohosTest' build option: {
  "debuggable": true,
  "name": "default"
}
[2025-10-21T21:12:22.231] [DEBUG] debug-file - End initialize module-target build option map, moduleName=login
[2025-10-21T21:12:22.231] [DEBUG] debug-file - Module 'login' target 'default' using build option: {
  "debuggable": true,
  "copyFrom": "default",
  "name": "debug"
} in this build.
[2025-10-21T21:12:22.234] [DEBUG] debug-file - Module login task initialization takes 1 ms 
[2025-10-21T21:12:22.234] [DEBUG] debug-file - hvigorfile, binding custom plugins []
[2025-10-21T21:12:22.235] [DEBUG] debug-file - hvigorfile, no custom plugins were found in G:\HarmonyOsProjects\news_app-3a12a9aaec8f982bbbef9569988265dcb99f73e0\features\login\hvigorfile.ts
[2025-10-21T21:12:22.235] [DEBUG] debug-file - hvigorfile, resolve finished G:\HarmonyOsProjects\news_app-3a12a9aaec8f982bbbef9569988265dcb99f73e0\features\login\hvigorfile.ts
[2025-10-21T21:12:22.242] [DEBUG] debug-file - hvigorfile, resolving G:\HarmonyOsProjects\news_app-3a12a9aaec8f982bbbef9569988265dcb99f73e0\features\follows\hvigorfile.ts
[2025-10-21T21:12:22.244] [DEBUG] debug-file - hvigorfile, require result:  { default: { plugins: [] } }
[2025-10-21T21:12:22.245] [DEBUG] debug-file - hvigorfile, binding system plugins null
[2025-10-21T21:12:22.251] [DEBUG] debug-file - Start initialize module-target build option map, moduleName=follows, buildMode=debug
[2025-10-21T21:12:22.251] [DEBUG] debug-file - Target 'default' config: {}
[2025-10-21T21:12:22.251] [DEBUG] debug-file - Target 'ohosTest' config: {}
[2025-10-21T21:12:22.251] [DEBUG] debug-file - Module 'follows' target 'default' build option: {
  "debuggable": true,
  "copyFrom": "default",
  "name": "debug"
}
[2025-10-21T21:12:22.251] [DEBUG] debug-file - Module 'follows' target 'ohosTest' build option: {
  "debuggable": true,
  "name": "default"
}
[2025-10-21T21:12:22.251] [DEBUG] debug-file - End initialize module-target build option map, moduleName=follows
[2025-10-21T21:12:22.252] [DEBUG] debug-file - Start initialize module-target build option map, moduleName=follows, buildMode=release
[2025-10-21T21:12:22.252] [DEBUG] debug-file - Target 'default' config: {}
[2025-10-21T21:12:22.252] [DEBUG] debug-file - Target 'ohosTest' config: {}
[2025-10-21T21:12:22.252] [DEBUG] debug-file - Module 'follows' target 'default' build option: {
  "debuggable": false,
  "copyFrom": "default",
  "name": "release",
  "arkOptions": {
    "obfuscation": {
      "ruleOptions": {
        "enable": false,
        "files": [
          "./obfuscation-rules.txt"
        ]
      },
      "consumerFiles": [
        "./consumer-rules.txt"
      ]
    }
  }
}
[2025-10-21T21:12:22.252] [DEBUG] debug-file - Module 'follows' target 'ohosTest' build option: {
  "debuggable": true,
  "name": "default"
}
[2025-10-21T21:12:22.252] [DEBUG] debug-file - End initialize module-target build option map, moduleName=follows
[2025-10-21T21:12:22.252] [DEBUG] debug-file - Start initialize module-target build option map, moduleName=follows, buildMode=debug
[2025-10-21T21:12:22.252] [DEBUG] debug-file - Target 'default' config: {}
[2025-10-21T21:12:22.252] [DEBUG] debug-file - Target 'ohosTest' config: {}
[2025-10-21T21:12:22.252] [DEBUG] debug-file - Module 'follows' target 'default' build option: {
  "debuggable": true,
  "copyFrom": "default",
  "name": "debug"
}
[2025-10-21T21:12:22.252] [DEBUG] debug-file - Module 'follows' target 'ohosTest' build option: {
  "debuggable": true,
  "name": "default"
}
[2025-10-21T21:12:22.253] [DEBUG] debug-file - End initialize module-target build option map, moduleName=follows
[2025-10-21T21:12:22.253] [DEBUG] debug-file - Module 'follows' target 'default' using build option: {
  "debuggable": true,
  "copyFrom": "default",
  "name": "debug"
} in this build.
[2025-10-21T21:12:22.256] [DEBUG] debug-file - Module follows task initialization takes 1 ms 
[2025-10-21T21:12:22.256] [DEBUG] debug-file - hvigorfile, binding custom plugins []
[2025-10-21T21:12:22.256] [DEBUG] debug-file - hvigorfile, no custom plugins were found in G:\HarmonyOsProjects\news_app-3a12a9aaec8f982bbbef9569988265dcb99f73e0\features\follows\hvigorfile.ts
[2025-10-21T21:12:22.256] [DEBUG] debug-file - hvigorfile, resolve finished G:\HarmonyOsProjects\news_app-3a12a9aaec8f982bbbef9569988265dcb99f73e0\features\follows\hvigorfile.ts
[2025-10-21T21:12:22.286] [DEBUG] debug-file - hvigorfile, resolve hvigorfile dependencies in 29 ms 
[2025-10-21T21:12:22.288] [DEBUG] debug-file - project has submodules:default,news,video,quickstart,utils,uicomponents,mine,login,follows
[2025-10-21T21:12:22.288] [DEBUG] debug-file - module:news no need to execute packageHap
[2025-10-21T21:12:22.288] [DEBUG] debug-file - module:video no need to execute packageHap
[2025-10-21T21:12:22.288] [DEBUG] debug-file - module:quickstart no need to execute packageHap
[2025-10-21T21:12:22.288] [DEBUG] debug-file - module:utils no need to execute packageHap
[2025-10-21T21:12:22.288] [DEBUG] debug-file - module:uicomponents no need to execute packageHap
[2025-10-21T21:12:22.288] [DEBUG] debug-file - module:mine no need to execute packageHap
[2025-10-21T21:12:22.289] [DEBUG] debug-file - module:login no need to execute packageHap
[2025-10-21T21:12:22.289] [DEBUG] debug-file - module:follows no need to execute packageHap
[2025-10-21T21:12:22.290] [DEBUG] debug-file - start to load updatedOhPackageInfo to the disk
[2025-10-21T21:12:22.313] [DEBUG] debug-file - load to the disk finished
[2025-10-21T21:12:22.315] [DEBUG] debug-file - Start to initialize dependency information.
[2025-10-21T21:12:22.316] [DEBUG] debug-file - Module news_app-3a12a9aaec8f982bbbef9569988265dcb99f73e0 Collected Dependency: 
[2025-10-21T21:12:22.316] [DEBUG] debug-file - Module news_app-3a12a9aaec8f982bbbef9569988265dcb99f73e0's total dependency: 0
[2025-10-21T21:12:22.316] [DEBUG] debug-file - Start to initialize dependency information.
[2025-10-21T21:12:22.341] [DEBUG] debug-file - Module default Collected Dependency: G:\HarmonyOsProjects\news_app-3a12a9aaec8f982bbbef9569988265dcb99f73e0\features\video,G:\HarmonyOsProjects\news_app-3a12a9aaec8f982bbbef9569988265dcb99f73e0\features\news,G:\HarmonyOsProjects\news_app-3a12a9aaec8f982bbbef9569988265dcb99f73e0\features\quickstart,G:\HarmonyOsProjects\news_app-3a12a9aaec8f982bbbef9569988265dcb99f73e0\features\follows,G:\HarmonyOsProjects\news_app-3a12a9aaec8f982bbbef9569988265dcb99f73e0\features\mine,G:\HarmonyOsProjects\news_app-3a12a9aaec8f982bbbef9569988265dcb99f73e0\features\login,G:\HarmonyOsProjects\news_app-3a12a9aaec8f982bbbef9569988265dcb99f73e0\commons\uicomponents,G:\HarmonyOsProjects\news_app-3a12a9aaec8f982bbbef9569988265dcb99f73e0\commons\utils
[2025-10-21T21:12:22.342] [DEBUG] debug-file - Module default's total dependency: 8
[2025-10-21T21:12:22.346] [DEBUG] debug-file - Start to initialize dependency information.
[2025-10-21T21:12:22.347] [DEBUG] debug-file - Module news Collected Dependency: G:\HarmonyOsProjects\news_app-3a12a9aaec8f982bbbef9569988265dcb99f73e0\commons\utils,G:\HarmonyOsProjects\news_app-3a12a9aaec8f982bbbef9569988265dcb99f73e0\commons\uicomponents
[2025-10-21T21:12:22.347] [DEBUG] debug-file - Module news's total dependency: 2
[2025-10-21T21:12:22.351] [DEBUG] debug-file - Start to initialize dependency information.
[2025-10-21T21:12:22.352] [DEBUG] debug-file - Module video Collected Dependency: G:\HarmonyOsProjects\news_app-3a12a9aaec8f982bbbef9569988265dcb99f73e0\commons\utils,G:\HarmonyOsProjects\news_app-3a12a9aaec8f982bbbef9569988265dcb99f73e0\commons\uicomponents
[2025-10-21T21:12:22.352] [DEBUG] debug-file - Module video's total dependency: 2
[2025-10-21T21:12:22.355] [DEBUG] debug-file - Start to initialize dependency information.
[2025-10-21T21:12:22.356] [DEBUG] debug-file - Module quickstart Collected Dependency: G:\HarmonyOsProjects\news_app-3a12a9aaec8f982bbbef9569988265dcb99f73e0\commons\utils,G:\HarmonyOsProjects\news_app-3a12a9aaec8f982bbbef9569988265dcb99f73e0\commons\uicomponents
[2025-10-21T21:12:22.356] [DEBUG] debug-file - Module quickstart's total dependency: 2
[2025-10-21T21:12:22.358] [DEBUG] debug-file - Start to initialize dependency information.
[2025-10-21T21:12:22.360] [DEBUG] debug-file - Module utils Collected Dependency: 
[2025-10-21T21:12:22.360] [DEBUG] debug-file - Module utils's total dependency: 0
[2025-10-21T21:12:22.362] [DEBUG] debug-file - Start to initialize dependency information.
[2025-10-21T21:12:22.364] [DEBUG] debug-file - Module uicomponents Collected Dependency: 
[2025-10-21T21:12:22.364] [DEBUG] debug-file - Module uicomponents's total dependency: 0
[2025-10-21T21:12:22.367] [DEBUG] debug-file - Start to initialize dependency information.
[2025-10-21T21:12:22.369] [DEBUG] debug-file - Module mine Collected Dependency: G:\HarmonyOsProjects\news_app-3a12a9aaec8f982bbbef9569988265dcb99f73e0\features\login,G:\HarmonyOsProjects\news_app-3a12a9aaec8f982bbbef9569988265dcb99f73e0\commons\utils
[2025-10-21T21:12:22.369] [DEBUG] debug-file - Module mine's total dependency: 2
[2025-10-21T21:12:22.372] [DEBUG] debug-file - Start to initialize dependency information.
[2025-10-21T21:12:22.375] [DEBUG] debug-file - Module login Collected Dependency: G:\HarmonyOsProjects\news_app-3a12a9aaec8f982bbbef9569988265dcb99f73e0\commons\utils
[2025-10-21T21:12:22.375] [DEBUG] debug-file - Module login's total dependency: 1
[2025-10-21T21:12:22.378] [DEBUG] debug-file - Start to initialize dependency information.
[2025-10-21T21:12:22.381] [DEBUG] debug-file - Module follows Collected Dependency: G:\HarmonyOsProjects\news_app-3a12a9aaec8f982bbbef9569988265dcb99f73e0\commons\uicomponents,G:\HarmonyOsProjects\news_app-3a12a9aaec8f982bbbef9569988265dcb99f73e0\commons\utils
[2025-10-21T21:12:22.381] [DEBUG] debug-file - Module follows's total dependency: 2
[2025-10-21T21:12:22.386] [DEBUG] debug-file - Configuration phase cost:521 ms 
[2025-10-21T21:12:22.394] [DEBUG] debug-file - Configuration task cost before running: 678 ms 
[2025-10-21T21:12:22.397] [DEBUG] debug-file - jsonObjWithoutParam {"video":"file:../../features/video","news":"file:../../features/news","quickstart":"file:../../features/quickstart","follow":"file:../../features/follows","mine":"file:../../features/mine","login":"file:../../features/login","uicomponents":"file:../../commons/uicomponents","utils":"file:../../commons/utils"} at undefined
[2025-10-21T21:12:22.397] [DEBUG] debug-file - jsonObjWithoutParam {"name":"default","version":"1.0.0","description":"Please describe the basic information.","main":"","author":"","license":"","dependencies":{"video":"file:../../features/video","news":"file:../../features/news","quickstart":"file:../../features/quickstart","follow":"file:../../features/follows","mine":"file:../../features/mine","login":"file:../../features/login","uicomponents":"file:../../commons/uicomponents","utils":"file:../../commons/utils"}} at undefined
[2025-10-21T21:12:22.401] [DEBUG] debug-file - Executing task :default:default@PreBuild
[2025-10-21T21:12:22.418] [DEBUG] debug-file - Incremental task default:default@PreBuild pre-execution cost: 4 ms .
[2025-10-21T21:12:22.418] [DEBUG] debug-file - default : default@PreBuild cost memory 0.9232177734375
[2025-10-21T21:12:22.419] [INFO] debug-file - UP-TO-DATE :default:default@PreBuild...  
[2025-10-21T21:12:22.422] [DEBUG] debug-file - jsonObjWithoutParam {"utils":"file:../../commons/utils","uicomponents":"file:../../commons/uicomponents"} at undefined
[2025-10-21T21:12:22.422] [DEBUG] debug-file - jsonObjWithoutParam {"name":"video","version":"1.0.0","description":"Please describe the basic information.","main":"Index.ets","author":"","license":"Apache-2.0","dependencies":{"utils":"file:../../commons/utils","uicomponents":"file:../../commons/uicomponents"}} at undefined
[2025-10-21T21:12:22.424] [DEBUG] debug-file - Executing task :video:default@PreBuild
[2025-10-21T21:12:22.430] [DEBUG] debug-file - Incremental task video:default@PreBuild pre-execution cost: 5 ms .
[2025-10-21T21:12:22.430] [DEBUG] debug-file - video : default@PreBuild cost memory 0.221893310546875
[2025-10-21T21:12:22.431] [INFO] debug-file - UP-TO-DATE :video:default@PreBuild...  
[2025-10-21T21:12:22.434] [DEBUG] debug-file - jsonObjWithoutParam {} at undefined
[2025-10-21T21:12:22.434] [DEBUG] debug-file - jsonObjWithoutParam {"name":"utils","version":"1.0.0","description":"Please describe the basic information.","main":"Index.ets","author":"","license":"Apache-2.0","dependencies":{}} at undefined
[2025-10-21T21:12:22.435] [DEBUG] debug-file - Executing task :utils:default@PreBuild
[2025-10-21T21:12:22.440] [DEBUG] debug-file - Incremental task utils:default@PreBuild pre-execution cost: 4 ms .
[2025-10-21T21:12:22.440] [DEBUG] debug-file - utils : default@PreBuild cost memory 0.214813232421875
[2025-10-21T21:12:22.442] [INFO] debug-file - UP-TO-DATE :utils:default@PreBuild...  
[2025-10-21T21:12:22.445] [DEBUG] debug-file - jsonObjWithoutParam {} at undefined
[2025-10-21T21:12:22.445] [DEBUG] debug-file - jsonObjWithoutParam {"name":"uicomponents","version":"1.0.0","description":"Please describe the basic information.","main":"Index.ets","author":"","license":"Apache-2.0","dependencies":{}} at undefined
[2025-10-21T21:12:22.446] [DEBUG] debug-file - Executing task :uicomponents:default@PreBuild
[2025-10-21T21:12:22.448] [DEBUG] debug-file - Incremental task uicomponents:default@PreBuild pre-execution cost: 2 ms .
[2025-10-21T21:12:22.448] [DEBUG] debug-file - uicomponents : default@PreBuild cost memory 0.21399688720703125
[2025-10-21T21:12:22.448] [INFO] debug-file - UP-TO-DATE :uicomponents:default@PreBuild...  
[2025-10-21T21:12:22.449] [DEBUG] debug-file - jsonObjWithoutParam {"utils":"file:../../commons/utils","uicomponents":"file:../../commons/uicomponents"} at undefined
[2025-10-21T21:12:22.450] [DEBUG] debug-file - jsonObjWithoutParam {"name":"news","version":"1.0.0","description":"Please describe the basic information.","main":"Index.ets","author":"","license":"Apache-2.0","dependencies":{"utils":"file:../../commons/utils","uicomponents":"file:../../commons/uicomponents"}} at undefined
[2025-10-21T21:12:22.450] [DEBUG] debug-file - Executing task :news:default@PreBuild
[2025-10-21T21:12:22.452] [DEBUG] debug-file - Incremental task news:default@PreBuild pre-execution cost: 2 ms .
[2025-10-21T21:12:22.452] [DEBUG] debug-file - news : default@PreBuild cost memory 0.2173309326171875
[2025-10-21T21:12:22.453] [INFO] debug-file - UP-TO-DATE :news:default@PreBuild...  
[2025-10-21T21:12:22.454] [DEBUG] debug-file - jsonObjWithoutParam {"utils":"file:../../commons/utils","uicomponents":"file:../../commons/uicomponents"} at undefined
[2025-10-21T21:12:22.454] [DEBUG] debug-file - jsonObjWithoutParam {"name":"quickstart","version":"1.0.0","description":"Please describe the basic information.","main":"Index.ets","author":"","license":"Apache-2.0","dependencies":{"utils":"file:../../commons/utils","uicomponents":"file:../../commons/uicomponents"}} at undefined
[2025-10-21T21:12:22.455] [DEBUG] debug-file - Executing task :quickstart:default@PreBuild
[2025-10-21T21:12:22.457] [DEBUG] debug-file - Incremental task quickstart:default@PreBuild pre-execution cost: 2 ms .
[2025-10-21T21:12:22.457] [DEBUG] debug-file - quickstart : default@PreBuild cost memory 0.21944427490234375
[2025-10-21T21:12:22.458] [INFO] debug-file - UP-TO-DATE :quickstart:default@PreBuild...  
[2025-10-21T21:12:22.459] [DEBUG] debug-file - jsonObjWithoutParam {"uicomponents":"file:../../commons/uicomponents","utils":"file:../../commons/utils"} at undefined
[2025-10-21T21:12:22.459] [DEBUG] debug-file - jsonObjWithoutParam {"name":"follows","version":"1.0.0","description":"Please describe the basic information.","main":"Index.ets","author":"","license":"Apache-2.0","dependencies":{"uicomponents":"file:../../commons/uicomponents","utils":"file:../../commons/utils"}} at undefined
[2025-10-21T21:12:22.460] [DEBUG] debug-file - Executing task :follows:default@PreBuild
[2025-10-21T21:12:22.462] [DEBUG] debug-file - Incremental task follows:default@PreBuild pre-execution cost: 2 ms .
[2025-10-21T21:12:22.462] [DEBUG] debug-file - follows : default@PreBuild cost memory 0.21921539306640625
[2025-10-21T21:12:22.463] [INFO] debug-file - UP-TO-DATE :follows:default@PreBuild...  
[2025-10-21T21:12:22.464] [DEBUG] debug-file - jsonObjWithoutParam {"login":"file:../login"} at undefined
[2025-10-21T21:12:22.465] [DEBUG] debug-file - jsonObjWithoutParam {"name":"mine","version":"1.0.0","description":"Please describe the basic information.","main":"Index.ets","author":"","license":"Apache-2.0","dependencies":{"login":"file:../login"}} at undefined
[2025-10-21T21:12:22.465] [DEBUG] debug-file - Executing task :mine:default@PreBuild
[2025-10-21T21:12:22.467] [DEBUG] debug-file - Incremental task mine:default@PreBuild pre-execution cost: 2 ms .
[2025-10-21T21:12:22.467] [DEBUG] debug-file - mine : default@PreBuild cost memory 0.21360015869140625
[2025-10-21T21:12:22.468] [INFO] debug-file - UP-TO-DATE :mine:default@PreBuild...  
[2025-10-21T21:12:22.469] [DEBUG] debug-file - jsonObjWithoutParam {"utils":"file:../../commons/utils","BackendConfig":"file:../../commons/utils"} at undefined
[2025-10-21T21:12:22.469] [DEBUG] debug-file - jsonObjWithoutParam {"name":"login","version":"1.0.0","description":"Please describe the basic information.","main":"Index.ets","author":"","license":"Apache-2.0","dependencies":{"utils":"file:../../commons/utils","BackendConfig":"file:../../commons/utils"}} at undefined
[2025-10-21T21:12:22.470] [DEBUG] debug-file - Executing task :login:default@PreBuild
[2025-10-21T21:12:22.472] [DEBUG] debug-file - Incremental task login:default@PreBuild pre-execution cost: 2 ms .
[2025-10-21T21:12:22.472] [DEBUG] debug-file - login : default@PreBuild cost memory 0.217254638671875
[2025-10-21T21:12:22.473] [INFO] debug-file - UP-TO-DATE :login:default@PreBuild...  
[2025-10-21T21:12:22.474] [DEBUG] debug-file - jsonObjWithoutParam {"video":"file:../../features/video","news":"file:../../features/news","quickstart":"file:../../features/quickstart","follow":"file:../../features/follows","mine":"file:../../features/mine","login":"file:../../features/login","uicomponents":"file:../../commons/uicomponents","utils":"file:../../commons/utils"} at undefined
[2025-10-21T21:12:22.474] [DEBUG] debug-file - jsonObjWithoutParam {"name":"default","version":"1.0.0","description":"Please describe the basic information.","main":"","author":"","license":"","dependencies":{"video":"file:../../features/video","news":"file:../../features/news","quickstart":"file:../../features/quickstart","follow":"file:../../features/follows","mine":"file:../../features/mine","login":"file:../../features/login","uicomponents":"file:../../commons/uicomponents","utils":"file:../../commons/utils"}} at undefined
[2025-10-21T21:12:22.475] [DEBUG] debug-file - Executing task :default:default@CreateModuleInfo
[2025-10-21T21:12:22.475] [DEBUG] debug-file - Task 'default:default@CreateModuleInfo' cost while wrapping incremental declarations: 1 ms 
[2025-10-21T21:12:22.476] [DEBUG] debug-file - default : default@CreateModuleInfo cost memory 0.0576019287109375
[2025-10-21T21:12:22.476] [DEBUG] debug-file - runTaskFromQueue task cost before running: 760 ms 
[2025-10-21T21:12:22.476] [INFO] debug-file - Finished :default:default@CreateModuleInfo... after 2 ms 
[2025-10-21T21:12:22.477] [DEBUG] debug-file - jsonObjWithoutParam {"video":"file:../../features/video","news":"file:../../features/news","quickstart":"file:../../features/quickstart","follow":"file:../../features/follows","mine":"file:../../features/mine","login":"file:../../features/login","uicomponents":"file:../../commons/uicomponents","utils":"file:../../commons/utils"} at undefined
[2025-10-21T21:12:22.477] [DEBUG] debug-file - jsonObjWithoutParam {"name":"default","version":"1.0.0","description":"Please describe the basic information.","main":"","author":"","license":"","dependencies":{"video":"file:../../features/video","news":"file:../../features/news","quickstart":"file:../../features/quickstart","follow":"file:../../features/follows","mine":"file:../../features/mine","login":"file:../../features/login","uicomponents":"file:../../commons/uicomponents","utils":"file:../../commons/utils"}} at undefined
[2025-10-21T21:12:22.478] [DEBUG] debug-file - Executing task :default:default@GenerateMetadata
[2025-10-21T21:12:22.478] [DEBUG] debug-file - Task 'default:default@GenerateMetadata' cost while wrapping incremental declarations: 1 ms 
[2025-10-21T21:12:22.479] [DEBUG] debug-file - Incremental task default:default@GenerateMetadata pre-execution cost: 1 ms .
[2025-10-21T21:12:22.479] [DEBUG] debug-file - default : default@GenerateMetadata cost memory 0.09244537353515625
[2025-10-21T21:12:22.479] [INFO] debug-file - UP-TO-DATE :default:default@GenerateMetadata...  
[2025-10-21T21:12:22.480] [DEBUG] debug-file - jsonObjWithoutParam {"video":"file:../../features/video","news":"file:../../features/news","quickstart":"file:../../features/quickstart","follow":"file:../../features/follows","mine":"file:../../features/mine","login":"file:../../features/login","uicomponents":"file:../../commons/uicomponents","utils":"file:../../commons/utils"} at undefined
[2025-10-21T21:12:22.480] [DEBUG] debug-file - jsonObjWithoutParam {"name":"default","version":"1.0.0","description":"Please describe the basic information.","main":"","author":"","license":"","dependencies":{"video":"file:../../features/video","news":"file:../../features/news","quickstart":"file:../../features/quickstart","follow":"file:../../features/follows","mine":"file:../../features/mine","login":"file:../../features/login","uicomponents":"file:../../commons/uicomponents","utils":"file:../../commons/utils"}} at undefined
[2025-10-21T21:12:22.481] [DEBUG] debug-file - Executing task :default:default@PreCheckSyscap
[2025-10-21T21:12:22.481] [DEBUG] debug-file - jsonObjWithoutParam {"video":"file:../../features/video","news":"file:../../features/news","quickstart":"file:../../features/quickstart","follow":"file:../../features/follows","mine":"file:../../features/mine","login":"file:../../features/login","uicomponents":"file:../../commons/uicomponents","utils":"file:../../commons/utils"} at undefined
[2025-10-21T21:12:22.481] [DEBUG] debug-file - jsonObjWithoutParam {"name":"default","version":"1.0.0","description":"Please describe the basic information.","main":"","author":"","license":"","dependencies":{"video":"file:../../features/video","news":"file:../../features/news","quickstart":"file:../../features/quickstart","follow":"file:../../features/follows","mine":"file:../../features/mine","login":"file:../../features/login","uicomponents":"file:../../commons/uicomponents","utils":"file:../../commons/utils"}} at undefined
[2025-10-21T21:12:22.481] [DEBUG] debug-file - default : default@PreCheckSyscap cost memory 0.04996490478515625
[2025-10-21T21:12:22.481] [DEBUG] debug-file - runTaskFromQueue task cost before running: 765 ms 
[2025-10-21T21:12:22.481] [INFO] debug-file - Finished :default:default@PreCheckSyscap... after 1 ms 
[2025-10-21T21:12:22.483] [DEBUG] debug-file - jsonObjWithoutParam {"video":"file:../../features/video","news":"file:../../features/news","quickstart":"file:../../features/quickstart","follow":"file:../../features/follows","mine":"file:../../features/mine","login":"file:../../features/login","uicomponents":"file:../../commons/uicomponents","utils":"file:../../commons/utils"} at undefined
[2025-10-21T21:12:22.483] [DEBUG] debug-file - jsonObjWithoutParam {"name":"default","version":"1.0.0","description":"Please describe the basic information.","main":"","author":"","license":"","dependencies":{"video":"file:../../features/video","news":"file:../../features/news","quickstart":"file:../../features/quickstart","follow":"file:../../features/follows","mine":"file:../../features/mine","login":"file:../../features/login","uicomponents":"file:../../commons/uicomponents","utils":"file:../../commons/utils"}} at undefined
[2025-10-21T21:12:22.483] [DEBUG] debug-file - Executing task :default:default@GeneratePkgContextInfo
[2025-10-21T21:12:22.487] [DEBUG] debug-file - Task 'default:default@GeneratePkgContextInfo' cost while wrapping incremental declarations: 1 ms 
[2025-10-21T21:12:22.487] [DEBUG] debug-file - default : default@GeneratePkgContextInfo cost memory 0.6963043212890625
[2025-10-21T21:12:22.487] [DEBUG] debug-file - runTaskFromQueue task cost before running: 771 ms 
[2025-10-21T21:12:22.487] [INFO] debug-file - Finished :default:default@GeneratePkgContextInfo... after 4 ms 
[2025-10-21T21:12:22.489] [DEBUG] debug-file - jsonObjWithoutParam {"video":"file:../../features/video","news":"file:../../features/news","quickstart":"file:../../features/quickstart","follow":"file:../../features/follows","mine":"file:../../features/mine","login":"file:../../features/login","uicomponents":"file:../../commons/uicomponents","utils":"file:../../commons/utils"} at undefined
[2025-10-21T21:12:22.489] [DEBUG] debug-file - jsonObjWithoutParam {"name":"default","version":"1.0.0","description":"Please describe the basic information.","main":"","author":"","license":"","dependencies":{"video":"file:../../features/video","news":"file:../../features/news","quickstart":"file:../../features/quickstart","follow":"file:../../features/follows","mine":"file:../../features/mine","login":"file:../../features/login","uicomponents":"file:../../commons/uicomponents","utils":"file:../../commons/utils"}} at undefined
[2025-10-21T21:12:22.491] [DEBUG] debug-file - Executing task :default:default@ProcessIntegratedHsp
[2025-10-21T21:12:22.491] [DEBUG] debug-file - default:default@ProcessIntegratedHsp is not up-to-date, since the output file 'G:\HarmonyOsProjects\news_app-3a12a9aaec8f982bbbef9569988265dcb99f73e0\build\cache\default\integrated_hsp\integratedHspCache.json' does not exist.
[2025-10-21T21:12:22.492] [DEBUG] debug-file - Incremental task default:default@ProcessIntegratedHsp pre-execution cost: 1 ms .
[2025-10-21T21:12:22.492] [DEBUG] debug-file - jsonObjWithoutParam {"video":"file:../../features/video","news":"file:../../features/news","quickstart":"file:../../features/quickstart","follow":"file:../../features/follows","mine":"file:../../features/mine","login":"file:../../features/login","uicomponents":"file:../../commons/uicomponents","utils":"file:../../commons/utils"} at undefined
[2025-10-21T21:12:22.492] [DEBUG] debug-file - jsonObjWithoutParam {"name":"default","version":"1.0.0","description":"Please describe the basic information.","main":"","author":"","license":"","dependencies":{"video":"file:../../features/video","news":"file:../../features/news","quickstart":"file:../../features/quickstart","follow":"file:../../features/follows","mine":"file:../../features/mine","login":"file:../../features/login","uicomponents":"file:../../commons/uicomponents","utils":"file:../../commons/utils"}} at undefined
[2025-10-21T21:12:22.492] [DEBUG] debug-file - default : default@ProcessIntegratedHsp cost memory 0.125885009765625
[2025-10-21T21:12:22.492] [DEBUG] debug-file - runTaskFromQueue task cost before running: 776 ms 
[2025-10-21T21:12:22.492] [INFO] debug-file - Finished :default:default@ProcessIntegratedHsp... after 2 ms 
[2025-10-21T21:12:22.493] [DEBUG] debug-file - jsonObjWithoutParam {} at undefined
[2025-10-21T21:12:22.493] [DEBUG] debug-file - jsonObjWithoutParam {"name":"utils","version":"1.0.0","description":"Please describe the basic information.","main":"Index.ets","author":"","license":"Apache-2.0","dependencies":{}} at undefined
[2025-10-21T21:12:22.494] [DEBUG] debug-file - Executing task :utils:default@CreateHarBuildProfile
[2025-10-21T21:12:22.494] [DEBUG] debug-file - Task 'utils:default@CreateHarBuildProfile' cost while wrapping incremental declarations: 1 ms 
[2025-10-21T21:12:22.495] [DEBUG] debug-file - Incremental task utils:default@CreateHarBuildProfile pre-execution cost: 1 ms .
[2025-10-21T21:12:22.495] [DEBUG] debug-file - utils : default@CreateHarBuildProfile cost memory 0.08025360107421875
[2025-10-21T21:12:22.495] [INFO] debug-file - UP-TO-DATE :utils:default@CreateHarBuildProfile...  
[2025-10-21T21:12:22.496] [DEBUG] debug-file - jsonObjWithoutParam {} at undefined
[2025-10-21T21:12:22.496] [DEBUG] debug-file - jsonObjWithoutParam {"name":"utils","version":"1.0.0","description":"Please describe the basic information.","main":"Index.ets","author":"","license":"Apache-2.0","dependencies":{}} at undefined
[2025-10-21T21:12:22.496] [DEBUG] debug-file - Executing task :utils:default@ConfigureCmake
[2025-10-21T21:12:22.496] [DEBUG] debug-file - jsonObjWithoutParam {} at undefined
[2025-10-21T21:12:22.496] [DEBUG] debug-file - jsonObjWithoutParam {"name":"utils","version":"1.0.0","description":"Please describe the basic information.","main":"Index.ets","author":"","license":"Apache-2.0","dependencies":{}} at undefined
[2025-10-21T21:12:22.496] [DEBUG] debug-file - utils : default@ConfigureCmake cost memory 0.036590576171875
[2025-10-21T21:12:22.496] [DEBUG] debug-file - runTaskFromQueue task cost before running: 781 ms 
[2025-10-21T21:12:22.496] [INFO] debug-file - Finished :utils:default@ConfigureCmake... after 1 ms 
[2025-10-21T21:12:22.499] [DEBUG] debug-file - jsonObjWithoutParam {} at undefined
[2025-10-21T21:12:22.499] [DEBUG] debug-file - jsonObjWithoutParam {"name":"utils","version":"1.0.0","description":"Please describe the basic information.","main":"Index.ets","author":"","license":"Apache-2.0","dependencies":{}} at undefined
[2025-10-21T21:12:22.499] [DEBUG] debug-file - Executing task :utils:default@MergeProfile
[2025-10-21T21:12:22.500] [DEBUG] debug-file - Incremental task utils:default@MergeProfile pre-execution cost: 1 ms .
[2025-10-21T21:12:22.500] [DEBUG] debug-file - utils : default@MergeProfile cost memory 0.0926361083984375
[2025-10-21T21:12:22.500] [INFO] debug-file - UP-TO-DATE :utils:default@MergeProfile...  
[2025-10-21T21:12:22.501] [DEBUG] debug-file - jsonObjWithoutParam {} at undefined
[2025-10-21T21:12:22.501] [DEBUG] debug-file - jsonObjWithoutParam {"name":"uicomponents","version":"1.0.0","description":"Please describe the basic information.","main":"Index.ets","author":"","license":"Apache-2.0","dependencies":{}} at undefined
[2025-10-21T21:12:22.502] [DEBUG] debug-file - Executing task :uicomponents:default@CreateHarBuildProfile
[2025-10-21T21:12:22.502] [DEBUG] debug-file - Task 'uicomponents:default@CreateHarBuildProfile' cost while wrapping incremental declarations: 1 ms 
[2025-10-21T21:12:22.502] [DEBUG] debug-file - Incremental task uicomponents:default@CreateHarBuildProfile pre-execution cost: 1 ms .
[2025-10-21T21:12:22.502] [DEBUG] debug-file - uicomponents : default@CreateHarBuildProfile cost memory 0.0807952880859375
[2025-10-21T21:12:22.502] [INFO] debug-file - UP-TO-DATE :uicomponents:default@CreateHarBuildProfile...  
[2025-10-21T21:12:22.503] [DEBUG] debug-file - jsonObjWithoutParam {} at undefined
[2025-10-21T21:12:22.503] [DEBUG] debug-file - jsonObjWithoutParam {"name":"uicomponents","version":"1.0.0","description":"Please describe the basic information.","main":"Index.ets","author":"","license":"Apache-2.0","dependencies":{}} at undefined
[2025-10-21T21:12:22.503] [DEBUG] debug-file - Executing task :uicomponents:default@ConfigureCmake
[2025-10-21T21:12:22.503] [DEBUG] debug-file - jsonObjWithoutParam {} at undefined
[2025-10-21T21:12:22.503] [DEBUG] debug-file - jsonObjWithoutParam {"name":"uicomponents","version":"1.0.0","description":"Please describe the basic information.","main":"Index.ets","author":"","license":"Apache-2.0","dependencies":{}} at undefined
[2025-10-21T21:12:22.503] [DEBUG] debug-file - uicomponents : default@ConfigureCmake cost memory 0.03771209716796875
[2025-10-21T21:12:22.503] [DEBUG] debug-file - runTaskFromQueue task cost before running: 788 ms 
[2025-10-21T21:12:22.504] [INFO] debug-file - Finished :uicomponents:default@ConfigureCmake... after 1 ms 
[2025-10-21T21:12:22.505] [DEBUG] debug-file - jsonObjWithoutParam {} at undefined
[2025-10-21T21:12:22.505] [DEBUG] debug-file - jsonObjWithoutParam {"name":"uicomponents","version":"1.0.0","description":"Please describe the basic information.","main":"Index.ets","author":"","license":"Apache-2.0","dependencies":{}} at undefined
[2025-10-21T21:12:22.505] [DEBUG] debug-file - Executing task :uicomponents:default@MergeProfile
[2025-10-21T21:12:22.506] [DEBUG] debug-file - Incremental task uicomponents:default@MergeProfile pre-execution cost: 1 ms .
[2025-10-21T21:12:22.506] [DEBUG] debug-file - uicomponents : default@MergeProfile cost memory 0.09482574462890625
[2025-10-21T21:12:22.506] [INFO] debug-file - UP-TO-DATE :uicomponents:default@MergeProfile...  
[2025-10-21T21:12:22.507] [DEBUG] debug-file - jsonObjWithoutParam {"video":"file:../../features/video","news":"file:../../features/news","quickstart":"file:../../features/quickstart","follow":"file:../../features/follows","mine":"file:../../features/mine","login":"file:../../features/login","uicomponents":"file:../../commons/uicomponents","utils":"file:../../commons/utils"} at undefined
[2025-10-21T21:12:22.507] [DEBUG] debug-file - jsonObjWithoutParam {"name":"default","version":"1.0.0","description":"Please describe the basic information.","main":"","author":"","license":"","dependencies":{"video":"file:../../features/video","news":"file:../../features/news","quickstart":"file:../../features/quickstart","follow":"file:../../features/follows","mine":"file:../../features/mine","login":"file:../../features/login","uicomponents":"file:../../commons/uicomponents","utils":"file:../../commons/utils"}} at undefined
[2025-10-21T21:12:22.508] [DEBUG] debug-file - Executing task :default:default@SyscapTransform
[2025-10-21T21:12:22.508] [DEBUG] debug-file - File: 'G:\HarmonyOsProjects\news_app-3a12a9aaec8f982bbbef9569988265dcb99f73e0\products\default\src\main\syscap.json' from 'sysCapJsonPath' is not exists, just ignore.
[2025-10-21T21:12:22.508] [DEBUG] debug-file - Task 'default:default@SyscapTransform' cost while wrapping incremental declarations: 1 ms 
[2025-10-21T21:12:22.509] [DEBUG] debug-file - default:default@SyscapTransform is not up-to-date, since the output file 'G:\HarmonyOsProjects\news_app-3a12a9aaec8f982bbbef9569988265dcb99f73e0\products\default\build\default\intermediates\syscap\default\rpcid.sc' does not exist.
[2025-10-21T21:12:22.509] [DEBUG] debug-file - Incremental task default:default@SyscapTransform pre-execution cost: 1 ms .
[2025-10-21T21:12:22.509] [DEBUG] debug-file - jsonObjWithoutParam {"video":"file:../../features/video","news":"file:../../features/news","quickstart":"file:../../features/quickstart","follow":"file:../../features/follows","mine":"file:../../features/mine","login":"file:../../features/login","uicomponents":"file:../../commons/uicomponents","utils":"file:../../commons/utils"} at undefined
[2025-10-21T21:12:22.509] [DEBUG] debug-file - jsonObjWithoutParam {"name":"default","version":"1.0.0","description":"Please describe the basic information.","main":"","author":"","license":"","dependencies":{"video":"file:../../features/video","news":"file:../../features/news","quickstart":"file:../../features/quickstart","follow":"file:../../features/follows","mine":"file:../../features/mine","login":"file:../../features/login","uicomponents":"file:../../commons/uicomponents","utils":"file:../../commons/utils"}} at undefined
[2025-10-21T21:12:22.509] [DEBUG] debug-file - default : default@SyscapTransform cost memory 0.16519927978515625
[2025-10-21T21:12:22.509] [DEBUG] debug-file - runTaskFromQueue task cost before running: 793 ms 
[2025-10-21T21:12:22.509] [INFO] debug-file - Finished :default:default@SyscapTransform... after 2 ms 
[2025-10-21T21:12:22.510] [DEBUG] debug-file - jsonObjWithoutParam {"video":"file:../../features/video","news":"file:../../features/news","quickstart":"file:../../features/quickstart","follow":"file:../../features/follows","mine":"file:../../features/mine","login":"file:../../features/login","uicomponents":"file:../../commons/uicomponents","utils":"file:../../commons/utils"} at undefined
[2025-10-21T21:12:22.510] [DEBUG] debug-file - jsonObjWithoutParam {"name":"default","version":"1.0.0","description":"Please describe the basic information.","main":"","author":"","license":"","dependencies":{"video":"file:../../features/video","news":"file:../../features/news","quickstart":"file:../../features/quickstart","follow":"file:../../features/follows","mine":"file:../../features/mine","login":"file:../../features/login","uicomponents":"file:../../commons/uicomponents","utils":"file:../../commons/utils"}} at undefined
[2025-10-21T21:12:22.511] [DEBUG] debug-file - Executing task :default:default@ProcessRouterMap
[2025-10-21T21:12:22.513] [DEBUG] debug-file - Incremental task default:default@ProcessRouterMap pre-execution cost: 1 ms .
[2025-10-21T21:12:22.513] [DEBUG] debug-file - default : default@ProcessRouterMap cost memory 0.1859893798828125
[2025-10-21T21:12:22.513] [INFO] debug-file - UP-TO-DATE :default:default@ProcessRouterMap...  
[2025-10-21T21:12:22.514] [DEBUG] debug-file - jsonObjWithoutParam {"video":"file:../../features/video","news":"file:../../features/news","quickstart":"file:../../features/quickstart","follow":"file:../../features/follows","mine":"file:../../features/mine","login":"file:../../features/login","uicomponents":"file:../../commons/uicomponents","utils":"file:../../commons/utils"} at undefined
[2025-10-21T21:12:22.514] [DEBUG] debug-file - jsonObjWithoutParam {"name":"default","version":"1.0.0","description":"Please describe the basic information.","main":"","author":"","license":"","dependencies":{"video":"file:../../features/video","news":"file:../../features/news","quickstart":"file:../../features/quickstart","follow":"file:../../features/follows","mine":"file:../../features/mine","login":"file:../../features/login","uicomponents":"file:../../commons/uicomponents","utils":"file:../../commons/utils"}} at undefined
[2025-10-21T21:12:22.514] [DEBUG] debug-file - Executing task :default:default@ProcessStartupConfig
[2025-10-21T21:12:22.514] [DEBUG] debug-file - Task 'default:default@ProcessStartupConfig' cost while wrapping incremental declarations: 1 ms 
[2025-10-21T21:12:22.515] [DEBUG] debug-file - default:default@ProcessStartupConfig is not up-to-date, since the output file 'G:\HarmonyOsProjects\news_app-3a12a9aaec8f982bbbef9569988265dcb99f73e0\products\default\build\default\intermediates\startup\default\startup_config.json' does not exist.
[2025-10-21T21:12:22.515] [DEBUG] debug-file - Incremental task default:default@ProcessStartupConfig pre-execution cost: 1 ms .
[2025-10-21T21:12:22.515] [DEBUG] debug-file - jsonObjWithoutParam {"video":"file:../../features/video","news":"file:../../features/news","quickstart":"file:../../features/quickstart","follow":"file:../../features/follows","mine":"file:../../features/mine","login":"file:../../features/login","uicomponents":"file:../../commons/uicomponents","utils":"file:../../commons/utils"} at undefined
[2025-10-21T21:12:22.515] [DEBUG] debug-file - jsonObjWithoutParam {"name":"default","version":"1.0.0","description":"Please describe the basic information.","main":"","author":"","license":"","dependencies":{"video":"file:../../features/video","news":"file:../../features/news","quickstart":"file:../../features/quickstart","follow":"file:../../features/follows","mine":"file:../../features/mine","login":"file:../../features/login","uicomponents":"file:../../commons/uicomponents","utils":"file:../../commons/utils"}} at undefined
[2025-10-21T21:12:22.516] [DEBUG] debug-file - default : default@ProcessStartupConfig cost memory 0.20746612548828125
[2025-10-21T21:12:22.516] [DEBUG] debug-file - runTaskFromQueue task cost before running: 800 ms 
[2025-10-21T21:12:22.516] [INFO] debug-file - Finished :default:default@ProcessStartupConfig... after 2 ms 
[2025-10-21T21:12:22.517] [DEBUG] debug-file - jsonObjWithoutParam {"utils":"file:../../commons/utils","BackendConfig":"file:../../commons/utils"} at undefined
[2025-10-21T21:12:22.517] [DEBUG] debug-file - jsonObjWithoutParam {"name":"login","version":"1.0.0","description":"Please describe the basic information.","main":"Index.ets","author":"","license":"Apache-2.0","dependencies":{"utils":"file:../../commons/utils","BackendConfig":"file:../../commons/utils"}} at undefined
[2025-10-21T21:12:22.518] [DEBUG] debug-file - Executing task :login:default@CreateHarBuildProfile
[2025-10-21T21:12:22.518] [DEBUG] debug-file - Task 'login:default@CreateHarBuildProfile' cost while wrapping incremental declarations: 1 ms 
[2025-10-21T21:12:22.519] [DEBUG] debug-file - Incremental task login:default@CreateHarBuildProfile pre-execution cost: 1 ms .
[2025-10-21T21:12:22.519] [DEBUG] debug-file - login : default@CreateHarBuildProfile cost memory 0.08135223388671875
[2025-10-21T21:12:22.519] [INFO] debug-file - UP-TO-DATE :login:default@CreateHarBuildProfile...  
[2025-10-21T21:12:22.520] [DEBUG] debug-file - jsonObjWithoutParam {} at undefined
[2025-10-21T21:12:22.520] [DEBUG] debug-file - jsonObjWithoutParam {"name":"utils","version":"1.0.0","description":"Please describe the basic information.","main":"Index.ets","author":"","license":"Apache-2.0","dependencies":{}} at undefined
[2025-10-21T21:12:22.520] [DEBUG] debug-file - Executing task :utils:default@BuildNativeWithCmake
[2025-10-21T21:12:22.520] [DEBUG] debug-file - jsonObjWithoutParam {} at undefined
[2025-10-21T21:12:22.520] [DEBUG] debug-file - jsonObjWithoutParam {"name":"utils","version":"1.0.0","description":"Please describe the basic information.","main":"Index.ets","author":"","license":"Apache-2.0","dependencies":{}} at undefined
[2025-10-21T21:12:22.520] [DEBUG] debug-file - utils : default@BuildNativeWithCmake cost memory 0.03763580322265625
[2025-10-21T21:12:22.520] [DEBUG] debug-file - runTaskFromQueue task cost before running: 805 ms 
[2025-10-21T21:12:22.521] [INFO] debug-file - Finished :utils:default@BuildNativeWithCmake... after 1 ms 
[2025-10-21T21:12:22.522] [DEBUG] debug-file - jsonObjWithoutParam {"utils":"file:../../commons/utils","BackendConfig":"file:../../commons/utils"} at undefined
[2025-10-21T21:12:22.522] [DEBUG] debug-file - jsonObjWithoutParam {"name":"login","version":"1.0.0","description":"Please describe the basic information.","main":"Index.ets","author":"","license":"Apache-2.0","dependencies":{"utils":"file:../../commons/utils","BackendConfig":"file:../../commons/utils"}} at undefined
[2025-10-21T21:12:22.522] [DEBUG] debug-file - Executing task :login:default@MergeProfile
[2025-10-21T21:12:22.523] [DEBUG] debug-file - Incremental task login:default@MergeProfile pre-execution cost: 1 ms .
[2025-10-21T21:12:22.523] [DEBUG] debug-file - login : default@MergeProfile cost memory 0.12928009033203125
[2025-10-21T21:12:22.523] [INFO] debug-file - UP-TO-DATE :login:default@MergeProfile...  
[2025-10-21T21:12:22.525] [DEBUG] debug-file - jsonObjWithoutParam {"utils":"file:../../commons/utils","uicomponents":"file:../../commons/uicomponents"} at undefined
[2025-10-21T21:12:22.525] [DEBUG] debug-file - jsonObjWithoutParam {"name":"news","version":"1.0.0","description":"Please describe the basic information.","main":"Index.ets","author":"","license":"Apache-2.0","dependencies":{"utils":"file:../../commons/utils","uicomponents":"file:../../commons/uicomponents"}} at undefined
[2025-10-21T21:12:22.525] [DEBUG] debug-file - Executing task :news:default@CreateHarBuildProfile
[2025-10-21T21:12:22.525] [DEBUG] debug-file - Task 'news:default@CreateHarBuildProfile' cost while wrapping incremental declarations: 1 ms 
[2025-10-21T21:12:22.525] [DEBUG] debug-file - Incremental task news:default@CreateHarBuildProfile pre-execution cost: 1 ms .
[2025-10-21T21:12:22.526] [DEBUG] debug-file - news : default@CreateHarBuildProfile cost memory 0.08133697509765625
[2025-10-21T21:12:22.526] [INFO] debug-file - UP-TO-DATE :news:default@CreateHarBuildProfile...  
[2025-10-21T21:12:22.527] [DEBUG] debug-file - jsonObjWithoutParam {"utils":"file:../../commons/utils","uicomponents":"file:../../commons/uicomponents"} at undefined
[2025-10-21T21:12:22.527] [DEBUG] debug-file - jsonObjWithoutParam {"name":"video","version":"1.0.0","description":"Please describe the basic information.","main":"Index.ets","author":"","license":"Apache-2.0","dependencies":{"utils":"file:../../commons/utils","uicomponents":"file:../../commons/uicomponents"}} at undefined
[2025-10-21T21:12:22.527] [DEBUG] debug-file - Executing task :video:default@CreateHarBuildProfile
[2025-10-21T21:12:22.527] [DEBUG] debug-file - Task 'video:default@CreateHarBuildProfile' cost while wrapping incremental declarations: 1 ms 
[2025-10-21T21:12:22.528] [DEBUG] debug-file - Incremental task video:default@CreateHarBuildProfile pre-execution cost: 1 ms .
[2025-10-21T21:12:22.528] [DEBUG] debug-file - video : default@CreateHarBuildProfile cost memory 0.08136749267578125
[2025-10-21T21:12:22.528] [INFO] debug-file - UP-TO-DATE :video:default@CreateHarBuildProfile...  
[2025-10-21T21:12:22.529] [DEBUG] debug-file - jsonObjWithoutParam {"utils":"file:../../commons/utils","uicomponents":"file:../../commons/uicomponents"} at undefined
[2025-10-21T21:12:22.529] [DEBUG] debug-file - jsonObjWithoutParam {"name":"quickstart","version":"1.0.0","description":"Please describe the basic information.","main":"Index.ets","author":"","license":"Apache-2.0","dependencies":{"utils":"file:../../commons/utils","uicomponents":"file:../../commons/uicomponents"}} at undefined
[2025-10-21T21:12:22.530] [DEBUG] debug-file - Executing task :quickstart:default@CreateHarBuildProfile
[2025-10-21T21:12:22.530] [DEBUG] debug-file - Task 'quickstart:default@CreateHarBuildProfile' cost while wrapping incremental declarations: 1 ms 
[2025-10-21T21:12:22.530] [DEBUG] debug-file - Incremental task quickstart:default@CreateHarBuildProfile pre-execution cost: 1 ms .
[2025-10-21T21:12:22.531] [DEBUG] debug-file - quickstart : default@CreateHarBuildProfile cost memory 0.0816192626953125
[2025-10-21T21:12:22.531] [INFO] debug-file - UP-TO-DATE :quickstart:default@CreateHarBuildProfile...  
[2025-10-21T21:12:22.532] [DEBUG] debug-file - jsonObjWithoutParam {"uicomponents":"file:../../commons/uicomponents","utils":"file:../../commons/utils"} at undefined
[2025-10-21T21:12:22.532] [DEBUG] debug-file - jsonObjWithoutParam {"name":"follows","version":"1.0.0","description":"Please describe the basic information.","main":"Index.ets","author":"","license":"Apache-2.0","dependencies":{"uicomponents":"file:../../commons/uicomponents","utils":"file:../../commons/utils"}} at undefined
[2025-10-21T21:12:22.532] [DEBUG] debug-file - Executing task :follows:default@CreateHarBuildProfile
[2025-10-21T21:12:22.532] [DEBUG] debug-file - Task 'follows:default@CreateHarBuildProfile' cost while wrapping incremental declarations: 1 ms 
[2025-10-21T21:12:22.533] [DEBUG] debug-file - Incremental task follows:default@CreateHarBuildProfile pre-execution cost: 1 ms .
[2025-10-21T21:12:22.533] [DEBUG] debug-file - follows : default@CreateHarBuildProfile cost memory 0.08141326904296875
[2025-10-21T21:12:22.533] [INFO] debug-file - UP-TO-DATE :follows:default@CreateHarBuildProfile...  
[2025-10-21T21:12:22.534] [DEBUG] debug-file - jsonObjWithoutParam {} at undefined
[2025-10-21T21:12:22.534] [DEBUG] debug-file - jsonObjWithoutParam {"name":"uicomponents","version":"1.0.0","description":"Please describe the basic information.","main":"Index.ets","author":"","license":"Apache-2.0","dependencies":{}} at undefined
[2025-10-21T21:12:22.534] [DEBUG] debug-file - Executing task :uicomponents:default@BuildNativeWithCmake
[2025-10-21T21:12:22.534] [DEBUG] debug-file - jsonObjWithoutParam {} at undefined
[2025-10-21T21:12:22.534] [DEBUG] debug-file - jsonObjWithoutParam {"name":"uicomponents","version":"1.0.0","description":"Please describe the basic information.","main":"Index.ets","author":"","license":"Apache-2.0","dependencies":{}} at undefined
[2025-10-21T21:12:22.534] [DEBUG] debug-file - uicomponents : default@BuildNativeWithCmake cost memory 0.037811279296875
[2025-10-21T21:12:22.534] [DEBUG] debug-file - runTaskFromQueue task cost before running: 818 ms 
[2025-10-21T21:12:22.534] [INFO] debug-file - Finished :uicomponents:default@BuildNativeWithCmake... after 1 ms 
[2025-10-21T21:12:22.536] [DEBUG] debug-file - jsonObjWithoutParam {"utils":"file:../../commons/utils","uicomponents":"file:../../commons/uicomponents"} at undefined
[2025-10-21T21:12:22.536] [DEBUG] debug-file - jsonObjWithoutParam {"name":"news","version":"1.0.0","description":"Please describe the basic information.","main":"Index.ets","author":"","license":"Apache-2.0","dependencies":{"utils":"file:../../commons/utils","uicomponents":"file:../../commons/uicomponents"}} at undefined
[2025-10-21T21:12:22.536] [DEBUG] debug-file - Executing task :news:default@MergeProfile
[2025-10-21T21:12:22.538] [DEBUG] debug-file - Incremental task news:default@MergeProfile pre-execution cost: 1 ms .
[2025-10-21T21:12:22.538] [DEBUG] debug-file - news : default@MergeProfile cost memory 0.1662139892578125
[2025-10-21T21:12:22.538] [INFO] debug-file - UP-TO-DATE :news:default@MergeProfile...  
[2025-10-21T21:12:22.539] [DEBUG] debug-file - jsonObjWithoutParam {"utils":"file:../../commons/utils","uicomponents":"file:../../commons/uicomponents"} at undefined
[2025-10-21T21:12:22.539] [DEBUG] debug-file - jsonObjWithoutParam {"name":"video","version":"1.0.0","description":"Please describe the basic information.","main":"Index.ets","author":"","license":"Apache-2.0","dependencies":{"utils":"file:../../commons/utils","uicomponents":"file:../../commons/uicomponents"}} at undefined
[2025-10-21T21:12:22.539] [DEBUG] debug-file - Executing task :video:default@MergeProfile
[2025-10-21T21:12:22.541] [DEBUG] debug-file - Incremental task video:default@MergeProfile pre-execution cost: 1 ms .
[2025-10-21T21:12:22.541] [DEBUG] debug-file - video : default@MergeProfile cost memory 0.1663818359375
[2025-10-21T21:12:22.541] [INFO] debug-file - UP-TO-DATE :video:default@MergeProfile...  
[2025-10-21T21:12:22.542] [DEBUG] debug-file - jsonObjWithoutParam {"utils":"file:../../commons/utils","uicomponents":"file:../../commons/uicomponents"} at undefined
[2025-10-21T21:12:22.542] [DEBUG] debug-file - jsonObjWithoutParam {"name":"quickstart","version":"1.0.0","description":"Please describe the basic information.","main":"Index.ets","author":"","license":"Apache-2.0","dependencies":{"utils":"file:../../commons/utils","uicomponents":"file:../../commons/uicomponents"}} at undefined
[2025-10-21T21:12:22.543] [DEBUG] debug-file - Executing task :quickstart:default@MergeProfile
[2025-10-21T21:12:22.544] [DEBUG] debug-file - Incremental task quickstart:default@MergeProfile pre-execution cost: 1 ms .
[2025-10-21T21:12:22.544] [DEBUG] debug-file - quickstart : default@MergeProfile cost memory 0.1677398681640625
[2025-10-21T21:12:22.544] [INFO] debug-file - UP-TO-DATE :quickstart:default@MergeProfile...  
[2025-10-21T21:12:22.545] [DEBUG] debug-file - jsonObjWithoutParam {"uicomponents":"file:../../commons/uicomponents","utils":"file:../../commons/utils"} at undefined
[2025-10-21T21:12:22.546] [DEBUG] debug-file - jsonObjWithoutParam {"name":"follows","version":"1.0.0","description":"Please describe the basic information.","main":"Index.ets","author":"","license":"Apache-2.0","dependencies":{"uicomponents":"file:../../commons/uicomponents","utils":"file:../../commons/utils"}} at undefined
[2025-10-21T21:12:22.546] [DEBUG] debug-file - Executing task :follows:default@MergeProfile
[2025-10-21T21:12:22.547] [DEBUG] debug-file - Incremental task follows:default@MergeProfile pre-execution cost: 1 ms .
[2025-10-21T21:12:22.547] [DEBUG] debug-file - follows : default@MergeProfile cost memory 0.16649627685546875
[2025-10-21T21:12:22.547] [INFO] debug-file - UP-TO-DATE :follows:default@MergeProfile...  
[2025-10-21T21:12:22.549] [DEBUG] debug-file - jsonObjWithoutParam {"video":"file:../../features/video","news":"file:../../features/news","quickstart":"file:../../features/quickstart","follow":"file:../../features/follows","mine":"file:../../features/mine","login":"file:../../features/login","uicomponents":"file:../../commons/uicomponents","utils":"file:../../commons/utils"} at undefined
[2025-10-21T21:12:22.549] [DEBUG] debug-file - jsonObjWithoutParam {"name":"default","version":"1.0.0","description":"Please describe the basic information.","main":"","author":"","license":"","dependencies":{"video":"file:../../features/video","news":"file:../../features/news","quickstart":"file:../../features/quickstart","follow":"file:../../features/follows","mine":"file:../../features/mine","login":"file:../../features/login","uicomponents":"file:../../commons/uicomponents","utils":"file:../../commons/utils"}} at undefined
[2025-10-21T21:12:22.550] [DEBUG] debug-file - Module 'video' target 'default' using build option: {
  "debuggable": true,
  "copyFrom": "default",
  "name": "debug"
} in this build.
[2025-10-21T21:12:22.550] [DEBUG] debug-file - Module 'news' target 'default' using build option: {
  "debuggable": true,
  "copyFrom": "default",
  "name": "debug"
} in this build.
[2025-10-21T21:12:22.550] [DEBUG] debug-file - Module 'quickstart' target 'default' using build option: {
  "debuggable": true,
  "copyFrom": "default",
  "name": "debug"
} in this build.
[2025-10-21T21:12:22.550] [DEBUG] debug-file - Module 'follows' target 'default' using build option: {
  "debuggable": true,
  "copyFrom": "default",
  "name": "debug"
} in this build.
[2025-10-21T21:12:22.550] [DEBUG] debug-file - Module 'mine' target 'default' using build option: {
  "debuggable": true,
  "copyFrom": "default",
  "name": "debug"
} in this build.
[2025-10-21T21:12:22.550] [DEBUG] debug-file - Module 'login' target 'default' using build option: {
  "debuggable": true,
  "copyFrom": "default",
  "name": "debug"
} in this build.
[2025-10-21T21:12:22.551] [DEBUG] debug-file - Module 'uicomponents' target 'default' using build option: {
  "debuggable": true,
  "copyFrom": "default",
  "name": "debug"
} in this build.
[2025-10-21T21:12:22.551] [DEBUG] debug-file - Module 'utils' target 'default' using build option: {
  "debuggable": true,
  "copyFrom": "default",
  "name": "debug"
} in this build.
[2025-10-21T21:12:22.552] [DEBUG] debug-file - Executing task :default:default@GenerateLoaderJson
[2025-10-21T21:12:22.554] [DEBUG] debug-file - Module 'video' target 'default' using build option: {
  "debuggable": true,
  "copyFrom": "default",
  "name": "debug"
} in this build.
[2025-10-21T21:12:22.554] [DEBUG] debug-file - Module 'news' target 'default' using build option: {
  "debuggable": true,
  "copyFrom": "default",
  "name": "debug"
} in this build.
[2025-10-21T21:12:22.554] [DEBUG] debug-file - Module 'quickstart' target 'default' using build option: {
  "debuggable": true,
  "copyFrom": "default",
  "name": "debug"
} in this build.
[2025-10-21T21:12:22.554] [DEBUG] debug-file - Module 'follows' target 'default' using build option: {
  "debuggable": true,
  "copyFrom": "default",
  "name": "debug"
} in this build.
[2025-10-21T21:12:22.554] [DEBUG] debug-file - Module 'mine' target 'default' using build option: {
  "debuggable": true,
  "copyFrom": "default",
  "name": "debug"
} in this build.
[2025-10-21T21:12:22.554] [DEBUG] debug-file - Module 'login' target 'default' using build option: {
  "debuggable": true,
  "copyFrom": "default",
  "name": "debug"
} in this build.
[2025-10-21T21:12:22.554] [DEBUG] debug-file - Module 'uicomponents' target 'default' using build option: {
  "debuggable": true,
  "copyFrom": "default",
  "name": "debug"
} in this build.
[2025-10-21T21:12:22.554] [DEBUG] debug-file - Module 'utils' target 'default' using build option: {
  "debuggable": true,
  "copyFrom": "default",
  "name": "debug"
} in this build.
[2025-10-21T21:12:22.556] [DEBUG] debug-file - Module 'video' target 'default' using build option: {
  "debuggable": true,
  "copyFrom": "default",
  "name": "debug"
} in this build.
[2025-10-21T21:12:22.556] [DEBUG] debug-file - Module 'news' target 'default' using build option: {
  "debuggable": true,
  "copyFrom": "default",
  "name": "debug"
} in this build.
[2025-10-21T21:12:22.556] [DEBUG] debug-file - Module 'quickstart' target 'default' using build option: {
  "debuggable": true,
  "copyFrom": "default",
  "name": "debug"
} in this build.
[2025-10-21T21:12:22.556] [DEBUG] debug-file - Module 'follows' target 'default' using build option: {
  "debuggable": true,
  "copyFrom": "default",
  "name": "debug"
} in this build.
[2025-10-21T21:12:22.556] [DEBUG] debug-file - Module 'mine' target 'default' using build option: {
  "debuggable": true,
  "copyFrom": "default",
  "name": "debug"
} in this build.
[2025-10-21T21:12:22.556] [DEBUG] debug-file - Module 'login' target 'default' using build option: {
  "debuggable": true,
  "copyFrom": "default",
  "name": "debug"
} in this build.
[2025-10-21T21:12:22.556] [DEBUG] debug-file - Module 'uicomponents' target 'default' using build option: {
  "debuggable": true,
  "copyFrom": "default",
  "name": "debug"
} in this build.
[2025-10-21T21:12:22.556] [DEBUG] debug-file - Module 'utils' target 'default' using build option: {
  "debuggable": true,
  "copyFrom": "default",
  "name": "debug"
} in this build.
[2025-10-21T21:12:22.557] [DEBUG] debug-file - Module 'video' target 'default' using build option: {
  "debuggable": true,
  "copyFrom": "default",
  "name": "debug"
} in this build.
[2025-10-21T21:12:22.557] [DEBUG] debug-file - Module 'news' target 'default' using build option: {
  "debuggable": true,
  "copyFrom": "default",
  "name": "debug"
} in this build.
[2025-10-21T21:12:22.557] [DEBUG] debug-file - Module 'quickstart' target 'default' using build option: {
  "debuggable": true,
  "copyFrom": "default",
  "name": "debug"
} in this build.
[2025-10-21T21:12:22.557] [DEBUG] debug-file - Module 'follows' target 'default' using build option: {
  "debuggable": true,
  "copyFrom": "default",
  "name": "debug"
} in this build.
[2025-10-21T21:12:22.557] [DEBUG] debug-file - Module 'mine' target 'default' using build option: {
  "debuggable": true,
  "copyFrom": "default",
  "name": "debug"
} in this build.
[2025-10-21T21:12:22.557] [DEBUG] debug-file - Module 'login' target 'default' using build option: {
  "debuggable": true,
  "copyFrom": "default",
  "name": "debug"
} in this build.
[2025-10-21T21:12:22.557] [DEBUG] debug-file - Module 'uicomponents' target 'default' using build option: {
  "debuggable": true,
  "copyFrom": "default",
  "name": "debug"
} in this build.
[2025-10-21T21:12:22.557] [DEBUG] debug-file - Module 'utils' target 'default' using build option: {
  "debuggable": true,
  "copyFrom": "default",
  "name": "debug"
} in this build.
[2025-10-21T21:12:22.558] [DEBUG] debug-file - Module 'video' target 'default' using build option: {
  "debuggable": true,
  "copyFrom": "default",
  "name": "debug"
} in this build.
[2025-10-21T21:12:22.558] [DEBUG] debug-file - Module 'news' target 'default' using build option: {
  "debuggable": true,
  "copyFrom": "default",
  "name": "debug"
} in this build.
[2025-10-21T21:12:22.558] [DEBUG] debug-file - Module 'quickstart' target 'default' using build option: {
  "debuggable": true,
  "copyFrom": "default",
  "name": "debug"
} in this build.
[2025-10-21T21:12:22.558] [DEBUG] debug-file - Module 'follows' target 'default' using build option: {
  "debuggable": true,
  "copyFrom": "default",
  "name": "debug"
} in this build.
[2025-10-21T21:12:22.558] [DEBUG] debug-file - Module 'mine' target 'default' using build option: {
  "debuggable": true,
  "copyFrom": "default",
  "name": "debug"
} in this build.
[2025-10-21T21:12:22.558] [DEBUG] debug-file - Module 'login' target 'default' using build option: {
  "debuggable": true,
  "copyFrom": "default",
  "name": "debug"
} in this build.
[2025-10-21T21:12:22.558] [DEBUG] debug-file - Module 'uicomponents' target 'default' using build option: {
  "debuggable": true,
  "copyFrom": "default",
  "name": "debug"
} in this build.
[2025-10-21T21:12:22.558] [DEBUG] debug-file - Module 'utils' target 'default' using build option: {
  "debuggable": true,
  "copyFrom": "default",
  "name": "debug"
} in this build.
[2025-10-21T21:12:22.560] [DEBUG] debug-file - Module 'video' target 'default' using build option: {
  "debuggable": true,
  "copyFrom": "default",
  "name": "debug"
} in this build.
[2025-10-21T21:12:22.560] [DEBUG] debug-file - Module 'news' target 'default' using build option: {
  "debuggable": true,
  "copyFrom": "default",
  "name": "debug"
} in this build.
[2025-10-21T21:12:22.560] [DEBUG] debug-file - Module 'quickstart' target 'default' using build option: {
  "debuggable": true,
  "copyFrom": "default",
  "name": "debug"
} in this build.
[2025-10-21T21:12:22.560] [DEBUG] debug-file - Module 'follows' target 'default' using build option: {
  "debuggable": true,
  "copyFrom": "default",
  "name": "debug"
} in this build.
[2025-10-21T21:12:22.560] [DEBUG] debug-file - Module 'mine' target 'default' using build option: {
  "debuggable": true,
  "copyFrom": "default",
  "name": "debug"
} in this build.
[2025-10-21T21:12:22.560] [DEBUG] debug-file - Module 'login' target 'default' using build option: {
  "debuggable": true,
  "copyFrom": "default",
  "name": "debug"
} in this build.
[2025-10-21T21:12:22.560] [DEBUG] debug-file - Module 'uicomponents' target 'default' using build option: {
  "debuggable": true,
  "copyFrom": "default",
  "name": "debug"
} in this build.
[2025-10-21T21:12:22.560] [DEBUG] debug-file - Module 'utils' target 'default' using build option: {
  "debuggable": true,
  "copyFrom": "default",
  "name": "debug"
} in this build.
[2025-10-21T21:12:22.560] [DEBUG] debug-file - Incremental task default:default@GenerateLoaderJson pre-execution cost: 5 ms .
[2025-10-21T21:12:22.560] [DEBUG] debug-file - default : default@GenerateLoaderJson cost memory 1.2244644165039062
[2025-10-21T21:12:22.562] [DEBUG] debug-file - Module 'video' target 'default' using build option: {
  "debuggable": true,
  "copyFrom": "default",
  "name": "debug"
} in this build.
[2025-10-21T21:12:22.562] [DEBUG] debug-file - Module 'news' target 'default' using build option: {
  "debuggable": true,
  "copyFrom": "default",
  "name": "debug"
} in this build.
[2025-10-21T21:12:22.562] [DEBUG] debug-file - Module 'quickstart' target 'default' using build option: {
  "debuggable": true,
  "copyFrom": "default",
  "name": "debug"
} in this build.
[2025-10-21T21:12:22.562] [DEBUG] debug-file - Module 'follows' target 'default' using build option: {
  "debuggable": true,
  "copyFrom": "default",
  "name": "debug"
} in this build.
[2025-10-21T21:12:22.562] [DEBUG] debug-file - Module 'mine' target 'default' using build option: {
  "debuggable": true,
  "copyFrom": "default",
  "name": "debug"
} in this build.
[2025-10-21T21:12:22.562] [DEBUG] debug-file - Module 'login' target 'default' using build option: {
  "debuggable": true,
  "copyFrom": "default",
  "name": "debug"
} in this build.
[2025-10-21T21:12:22.562] [DEBUG] debug-file - Module 'uicomponents' target 'default' using build option: {
  "debuggable": true,
  "copyFrom": "default",
  "name": "debug"
} in this build.
[2025-10-21T21:12:22.562] [DEBUG] debug-file - Module 'utils' target 'default' using build option: {
  "debuggable": true,
  "copyFrom": "default",
  "name": "debug"
} in this build.
[2025-10-21T21:12:22.563] [DEBUG] debug-file - Module 'video' target 'default' using build option: {
  "debuggable": true,
  "copyFrom": "default",
  "name": "debug"
} in this build.
[2025-10-21T21:12:22.563] [DEBUG] debug-file - Module 'news' target 'default' using build option: {
  "debuggable": true,
  "copyFrom": "default",
  "name": "debug"
} in this build.
[2025-10-21T21:12:22.563] [DEBUG] debug-file - Module 'quickstart' target 'default' using build option: {
  "debuggable": true,
  "copyFrom": "default",
  "name": "debug"
} in this build.
[2025-10-21T21:12:22.563] [DEBUG] debug-file - Module 'follows' target 'default' using build option: {
  "debuggable": true,
  "copyFrom": "default",
  "name": "debug"
} in this build.
[2025-10-21T21:12:22.563] [DEBUG] debug-file - Module 'mine' target 'default' using build option: {
  "debuggable": true,
  "copyFrom": "default",
  "name": "debug"
} in this build.
[2025-10-21T21:12:22.563] [DEBUG] debug-file - Module 'login' target 'default' using build option: {
  "debuggable": true,
  "copyFrom": "default",
  "name": "debug"
} in this build.
[2025-10-21T21:12:22.563] [DEBUG] debug-file - Module 'uicomponents' target 'default' using build option: {
  "debuggable": true,
  "copyFrom": "default",
  "name": "debug"
} in this build.
[2025-10-21T21:12:22.563] [DEBUG] debug-file - Module 'utils' target 'default' using build option: {
  "debuggable": true,
  "copyFrom": "default",
  "name": "debug"
} in this build.
[2025-10-21T21:12:22.563] [INFO] debug-file - UP-TO-DATE :default:default@GenerateLoaderJson...  
[2025-10-21T21:12:22.564] [DEBUG] debug-file - jsonObjWithoutParam {"login":"file:../login"} at undefined
[2025-10-21T21:12:22.565] [DEBUG] debug-file - jsonObjWithoutParam {"name":"mine","version":"1.0.0","description":"Please describe the basic information.","main":"Index.ets","author":"","license":"Apache-2.0","dependencies":{"login":"file:../login"}} at undefined
[2025-10-21T21:12:22.565] [DEBUG] debug-file - Executing task :mine:default@CreateHarBuildProfile
[2025-10-21T21:12:22.565] [DEBUG] debug-file - Task 'mine:default@CreateHarBuildProfile' cost while wrapping incremental declarations: 1 ms 
[2025-10-21T21:12:22.566] [DEBUG] debug-file - Incremental task mine:default@CreateHarBuildProfile pre-execution cost: 1 ms .
[2025-10-21T21:12:22.566] [DEBUG] debug-file - mine : default@CreateHarBuildProfile cost memory 0.08133697509765625
[2025-10-21T21:12:22.566] [INFO] debug-file - UP-TO-DATE :mine:default@CreateHarBuildProfile...  
[2025-10-21T21:12:22.567] [DEBUG] debug-file - jsonObjWithoutParam {} at undefined
[2025-10-21T21:12:22.567] [DEBUG] debug-file - jsonObjWithoutParam {"name":"utils","version":"1.0.0","description":"Please describe the basic information.","main":"Index.ets","author":"","license":"Apache-2.0","dependencies":{}} at undefined
[2025-10-21T21:12:22.567] [DEBUG] debug-file - Executing task :utils:default@BuildNativeWithNinja
[2025-10-21T21:12:22.568] [DEBUG] debug-file - jsonObjWithoutParam {} at undefined
[2025-10-21T21:12:22.568] [DEBUG] debug-file - jsonObjWithoutParam {"name":"utils","version":"1.0.0","description":"Please describe the basic information.","main":"Index.ets","author":"","license":"Apache-2.0","dependencies":{}} at undefined
[2025-10-21T21:12:22.568] [DEBUG] debug-file - utils : default@BuildNativeWithNinja cost memory 0.05615997314453125
[2025-10-21T21:12:22.568] [DEBUG] debug-file - runTaskFromQueue task cost before running: 852 ms 
[2025-10-21T21:12:22.568] [INFO] debug-file - Finished :utils:default@BuildNativeWithNinja... after 1 ms 
[2025-10-21T21:12:22.570] [DEBUG] debug-file - jsonObjWithoutParam {"utils":"file:../../commons/utils","BackendConfig":"file:../../commons/utils"} at undefined
[2025-10-21T21:12:22.570] [DEBUG] debug-file - jsonObjWithoutParam {"name":"login","version":"1.0.0","description":"Please describe the basic information.","main":"Index.ets","author":"","license":"Apache-2.0","dependencies":{"utils":"file:../../commons/utils","BackendConfig":"file:../../commons/utils"}} at undefined
[2025-10-21T21:12:22.570] [DEBUG] debug-file - Executing task :login:default@ConfigureCmake
[2025-10-21T21:12:22.570] [DEBUG] debug-file - jsonObjWithoutParam {"utils":"file:../../commons/utils","BackendConfig":"file:../../commons/utils"} at undefined
[2025-10-21T21:12:22.570] [DEBUG] debug-file - jsonObjWithoutParam {"name":"login","version":"1.0.0","description":"Please describe the basic information.","main":"Index.ets","author":"","license":"Apache-2.0","dependencies":{"utils":"file:../../commons/utils","BackendConfig":"file:../../commons/utils"}} at undefined
[2025-10-21T21:12:22.570] [DEBUG] debug-file - login : default@ConfigureCmake cost memory 0.03920745849609375
[2025-10-21T21:12:22.570] [DEBUG] debug-file - runTaskFromQueue task cost before running: 854 ms 
[2025-10-21T21:12:22.570] [INFO] debug-file - Finished :login:default@ConfigureCmake... after 1 ms 
[2025-10-21T21:12:22.572] [DEBUG] debug-file - jsonObjWithoutParam {"login":"file:../login"} at undefined
[2025-10-21T21:12:22.572] [DEBUG] debug-file - jsonObjWithoutParam {"name":"mine","version":"1.0.0","description":"Please describe the basic information.","main":"Index.ets","author":"","license":"Apache-2.0","dependencies":{"login":"file:../login"}} at undefined
[2025-10-21T21:12:22.572] [DEBUG] debug-file - Executing task :mine:default@MergeProfile
[2025-10-21T21:12:22.574] [DEBUG] debug-file - Incremental task mine:default@MergeProfile pre-execution cost: 1 ms .
[2025-10-21T21:12:22.574] [DEBUG] debug-file - mine : default@MergeProfile cost memory 0.16607666015625
[2025-10-21T21:12:22.575] [INFO] debug-file - UP-TO-DATE :mine:default@MergeProfile...  
[2025-10-21T21:12:22.576] [DEBUG] debug-file - jsonObjWithoutParam {"utils":"file:../../commons/utils","uicomponents":"file:../../commons/uicomponents"} at undefined
[2025-10-21T21:12:22.576] [DEBUG] debug-file - jsonObjWithoutParam {"name":"news","version":"1.0.0","description":"Please describe the basic information.","main":"Index.ets","author":"","license":"Apache-2.0","dependencies":{"utils":"file:../../commons/utils","uicomponents":"file:../../commons/uicomponents"}} at undefined
[2025-10-21T21:12:22.576] [DEBUG] debug-file - Executing task :news:default@ConfigureCmake
[2025-10-21T21:12:22.576] [DEBUG] debug-file - jsonObjWithoutParam {"utils":"file:../../commons/utils","uicomponents":"file:../../commons/uicomponents"} at undefined
[2025-10-21T21:12:22.576] [DEBUG] debug-file - jsonObjWithoutParam {"name":"news","version":"1.0.0","description":"Please describe the basic information.","main":"Index.ets","author":"","license":"Apache-2.0","dependencies":{"utils":"file:../../commons/utils","uicomponents":"file:../../commons/uicomponents"}} at undefined
[2025-10-21T21:12:22.576] [DEBUG] debug-file - news : default@ConfigureCmake cost memory 0.03926849365234375
[2025-10-21T21:12:22.576] [DEBUG] debug-file - runTaskFromQueue task cost before running: 860 ms 
[2025-10-21T21:12:22.576] [INFO] debug-file - Finished :news:default@ConfigureCmake... after 1 ms 
[2025-10-21T21:12:22.577] [DEBUG] debug-file - jsonObjWithoutParam {"utils":"file:../../commons/utils","uicomponents":"file:../../commons/uicomponents"} at undefined
[2025-10-21T21:12:22.577] [DEBUG] debug-file - jsonObjWithoutParam {"name":"video","version":"1.0.0","description":"Please describe the basic information.","main":"Index.ets","author":"","license":"Apache-2.0","dependencies":{"utils":"file:../../commons/utils","uicomponents":"file:../../commons/uicomponents"}} at undefined
[2025-10-21T21:12:22.577] [DEBUG] debug-file - Executing task :video:default@ConfigureCmake
[2025-10-21T21:12:22.577] [DEBUG] debug-file - jsonObjWithoutParam {"utils":"file:../../commons/utils","uicomponents":"file:../../commons/uicomponents"} at undefined
[2025-10-21T21:12:22.577] [DEBUG] debug-file - jsonObjWithoutParam {"name":"video","version":"1.0.0","description":"Please describe the basic information.","main":"Index.ets","author":"","license":"Apache-2.0","dependencies":{"utils":"file:../../commons/utils","uicomponents":"file:../../commons/uicomponents"}} at undefined
[2025-10-21T21:12:22.578] [DEBUG] debug-file - video : default@ConfigureCmake cost memory 0.0392913818359375
[2025-10-21T21:12:22.578] [DEBUG] debug-file - runTaskFromQueue task cost before running: 862 ms 
[2025-10-21T21:12:22.578] [INFO] debug-file - Finished :video:default@ConfigureCmake... after 1 ms 
[2025-10-21T21:12:22.579] [DEBUG] debug-file - jsonObjWithoutParam {"utils":"file:../../commons/utils","uicomponents":"file:../../commons/uicomponents"} at undefined
[2025-10-21T21:12:22.579] [DEBUG] debug-file - jsonObjWithoutParam {"name":"quickstart","version":"1.0.0","description":"Please describe the basic information.","main":"Index.ets","author":"","license":"Apache-2.0","dependencies":{"utils":"file:../../commons/utils","uicomponents":"file:../../commons/uicomponents"}} at undefined
[2025-10-21T21:12:22.579] [DEBUG] debug-file - Executing task :quickstart:default@ConfigureCmake
[2025-10-21T21:12:22.579] [DEBUG] debug-file - jsonObjWithoutParam {"utils":"file:../../commons/utils","uicomponents":"file:../../commons/uicomponents"} at undefined
[2025-10-21T21:12:22.579] [DEBUG] debug-file - jsonObjWithoutParam {"name":"quickstart","version":"1.0.0","description":"Please describe the basic information.","main":"Index.ets","author":"","license":"Apache-2.0","dependencies":{"utils":"file:../../commons/utils","uicomponents":"file:../../commons/uicomponents"}} at undefined
[2025-10-21T21:12:22.579] [DEBUG] debug-file - quickstart : default@ConfigureCmake cost memory 0.040496826171875
[2025-10-21T21:12:22.579] [DEBUG] debug-file - runTaskFromQueue task cost before running: 864 ms 
[2025-10-21T21:12:22.579] [INFO] debug-file - Finished :quickstart:default@ConfigureCmake... after 1 ms 
[2025-10-21T21:12:22.581] [DEBUG] debug-file - jsonObjWithoutParam {} at undefined
[2025-10-21T21:12:22.581] [DEBUG] debug-file - jsonObjWithoutParam {"name":"uicomponents","version":"1.0.0","description":"Please describe the basic information.","main":"Index.ets","author":"","license":"Apache-2.0","dependencies":{}} at undefined
[2025-10-21T21:12:22.581] [DEBUG] debug-file - Executing task :uicomponents:default@BuildNativeWithNinja
[2025-10-21T21:12:22.581] [DEBUG] debug-file - jsonObjWithoutParam {} at undefined
[2025-10-21T21:12:22.581] [DEBUG] debug-file - jsonObjWithoutParam {"name":"uicomponents","version":"1.0.0","description":"Please describe the basic information.","main":"Index.ets","author":"","license":"Apache-2.0","dependencies":{}} at undefined
[2025-10-21T21:12:22.581] [DEBUG] debug-file - uicomponents : default@BuildNativeWithNinja cost memory 0.05709075927734375
[2025-10-21T21:12:22.581] [DEBUG] debug-file - runTaskFromQueue task cost before running: 866 ms 
[2025-10-21T21:12:22.582] [INFO] debug-file - Finished :uicomponents:default@BuildNativeWithNinja... after 1 ms 
[2025-10-21T21:12:22.583] [DEBUG] debug-file - jsonObjWithoutParam {"uicomponents":"file:../../commons/uicomponents","utils":"file:../../commons/utils"} at undefined
[2025-10-21T21:12:22.583] [DEBUG] debug-file - jsonObjWithoutParam {"name":"follows","version":"1.0.0","description":"Please describe the basic information.","main":"Index.ets","author":"","license":"Apache-2.0","dependencies":{"uicomponents":"file:../../commons/uicomponents","utils":"file:../../commons/utils"}} at undefined
[2025-10-21T21:12:22.583] [DEBUG] debug-file - Executing task :follows:default@ConfigureCmake
[2025-10-21T21:12:22.583] [DEBUG] debug-file - jsonObjWithoutParam {"uicomponents":"file:../../commons/uicomponents","utils":"file:../../commons/utils"} at undefined
[2025-10-21T21:12:22.583] [DEBUG] debug-file - jsonObjWithoutParam {"name":"follows","version":"1.0.0","description":"Please describe the basic information.","main":"Index.ets","author":"","license":"Apache-2.0","dependencies":{"uicomponents":"file:../../commons/uicomponents","utils":"file:../../commons/utils"}} at undefined
[2025-10-21T21:12:22.583] [DEBUG] debug-file - follows : default@ConfigureCmake cost memory 0.04034423828125
[2025-10-21T21:12:22.583] [DEBUG] debug-file - runTaskFromQueue task cost before running: 867 ms 
[2025-10-21T21:12:22.583] [INFO] debug-file - Finished :follows:default@ConfigureCmake... after 1 ms 
[2025-10-21T21:12:22.585] [DEBUG] debug-file - jsonObjWithoutParam {"video":"file:../../features/video","news":"file:../../features/news","quickstart":"file:../../features/quickstart","follow":"file:../../features/follows","mine":"file:../../features/mine","login":"file:../../features/login","uicomponents":"file:../../commons/uicomponents","utils":"file:../../commons/utils"} at undefined
[2025-10-21T21:12:22.585] [DEBUG] debug-file - jsonObjWithoutParam {"name":"default","version":"1.0.0","description":"Please describe the basic information.","main":"","author":"","license":"","dependencies":{"video":"file:../../features/video","news":"file:../../features/news","quickstart":"file:../../features/quickstart","follow":"file:../../features/follows","mine":"file:../../features/mine","login":"file:../../features/login","uicomponents":"file:../../commons/uicomponents","utils":"file:../../commons/utils"}} at undefined
[2025-10-21T21:12:22.586] [DEBUG] debug-file - Executing task :default:default@CreateBuildProfile
[2025-10-21T21:12:22.586] [DEBUG] debug-file - Task 'default:default@CreateBuildProfile' cost while wrapping incremental declarations: 1 ms 
[2025-10-21T21:12:22.587] [DEBUG] debug-file - Incremental task default:default@CreateBuildProfile pre-execution cost: 1 ms .
[2025-10-21T21:12:22.587] [DEBUG] debug-file - default : default@CreateBuildProfile cost memory 0.0992889404296875
[2025-10-21T21:12:22.587] [INFO] debug-file - UP-TO-DATE :default:default@CreateBuildProfile...  
[2025-10-21T21:12:22.588] [DEBUG] debug-file - jsonObjWithoutParam {} at undefined
[2025-10-21T21:12:22.588] [DEBUG] debug-file - jsonObjWithoutParam {"name":"utils","version":"1.0.0","description":"Please describe the basic information.","main":"Index.ets","author":"","license":"Apache-2.0","dependencies":{}} at undefined
[2025-10-21T21:12:22.589] [DEBUG] debug-file - Executing task :utils:default@ProcessLibs
[2025-10-21T21:12:22.591] [DEBUG] debug-file - Incremental task utils:default@ProcessLibs pre-execution cost: 1 ms .
[2025-10-21T21:12:22.591] [DEBUG] debug-file - utils : default@ProcessLibs cost memory 0.1320037841796875
[2025-10-21T21:12:22.591] [INFO] debug-file - UP-TO-DATE :utils:default@ProcessLibs...  
[2025-10-21T21:12:22.592] [DEBUG] debug-file - jsonObjWithoutParam {"utils":"file:../../commons/utils","BackendConfig":"file:../../commons/utils"} at undefined
[2025-10-21T21:12:22.592] [DEBUG] debug-file - jsonObjWithoutParam {"name":"login","version":"1.0.0","description":"Please describe the basic information.","main":"Index.ets","author":"","license":"Apache-2.0","dependencies":{"utils":"file:../../commons/utils","BackendConfig":"file:../../commons/utils"}} at undefined
[2025-10-21T21:12:22.593] [DEBUG] debug-file - Executing task :login:default@BuildNativeWithCmake
[2025-10-21T21:12:22.593] [DEBUG] debug-file - jsonObjWithoutParam {"utils":"file:../../commons/utils","BackendConfig":"file:../../commons/utils"} at undefined
[2025-10-21T21:12:22.593] [DEBUG] debug-file - jsonObjWithoutParam {"name":"login","version":"1.0.0","description":"Please describe the basic information.","main":"Index.ets","author":"","license":"Apache-2.0","dependencies":{"utils":"file:../../commons/utils","BackendConfig":"file:../../commons/utils"}} at undefined
[2025-10-21T21:12:22.593] [DEBUG] debug-file - login : default@BuildNativeWithCmake cost memory 0.04026031494140625
[2025-10-21T21:12:22.593] [DEBUG] debug-file - runTaskFromQueue task cost before running: 877 ms 
[2025-10-21T21:12:22.593] [INFO] debug-file - Finished :login:default@BuildNativeWithCmake... after 1 ms 
[2025-10-21T21:12:22.594] [DEBUG] debug-file - jsonObjWithoutParam {"video":"file:../../features/video","news":"file:../../features/news","quickstart":"file:../../features/quickstart","follow":"file:../../features/follows","mine":"file:../../features/mine","login":"file:../../features/login","uicomponents":"file:../../commons/uicomponents","utils":"file:../../commons/utils"} at undefined
[2025-10-21T21:12:22.594] [DEBUG] debug-file - jsonObjWithoutParam {"name":"default","version":"1.0.0","description":"Please describe the basic information.","main":"","author":"","license":"","dependencies":{"video":"file:../../features/video","news":"file:../../features/news","quickstart":"file:../../features/quickstart","follow":"file:../../features/follows","mine":"file:../../features/mine","login":"file:../../features/login","uicomponents":"file:../../commons/uicomponents","utils":"file:../../commons/utils"}} at undefined
[2025-10-21T21:12:22.594] [DEBUG] debug-file - Executing task :default:default@MergeProfile
[2025-10-21T21:12:22.598] [DEBUG] debug-file - Incremental task default:default@MergeProfile pre-execution cost: 2 ms .
[2025-10-21T21:12:22.598] [DEBUG] debug-file - default : default@MergeProfile cost memory 0.3978424072265625
[2025-10-21T21:12:22.598] [INFO] debug-file - UP-TO-DATE :default:default@MergeProfile...  
[2025-10-21T21:12:22.599] [DEBUG] debug-file - jsonObjWithoutParam {"utils":"file:../../commons/utils","uicomponents":"file:../../commons/uicomponents"} at undefined
[2025-10-21T21:12:22.599] [DEBUG] debug-file - jsonObjWithoutParam {"name":"news","version":"1.0.0","description":"Please describe the basic information.","main":"Index.ets","author":"","license":"Apache-2.0","dependencies":{"utils":"file:../../commons/utils","uicomponents":"file:../../commons/uicomponents"}} at undefined
[2025-10-21T21:12:22.600] [DEBUG] debug-file - Executing task :news:default@BuildNativeWithCmake
[2025-10-21T21:12:22.600] [DEBUG] debug-file - jsonObjWithoutParam {"utils":"file:../../commons/utils","uicomponents":"file:../../commons/uicomponents"} at undefined
[2025-10-21T21:12:22.600] [DEBUG] debug-file - jsonObjWithoutParam {"name":"news","version":"1.0.0","description":"Please describe the basic information.","main":"Index.ets","author":"","license":"Apache-2.0","dependencies":{"utils":"file:../../commons/utils","uicomponents":"file:../../commons/uicomponents"}} at undefined
[2025-10-21T21:12:22.600] [DEBUG] debug-file - news : default@BuildNativeWithCmake cost memory 0.0403289794921875
[2025-10-21T21:12:22.600] [DEBUG] debug-file - runTaskFromQueue task cost before running: 884 ms 
[2025-10-21T21:12:22.600] [INFO] debug-file - Finished :news:default@BuildNativeWithCmake... after 1 ms 
[2025-10-21T21:12:22.601] [DEBUG] debug-file - jsonObjWithoutParam {"utils":"file:../../commons/utils","uicomponents":"file:../../commons/uicomponents"} at undefined
[2025-10-21T21:12:22.602] [DEBUG] debug-file - jsonObjWithoutParam {"name":"video","version":"1.0.0","description":"Please describe the basic information.","main":"Index.ets","author":"","license":"Apache-2.0","dependencies":{"utils":"file:../../commons/utils","uicomponents":"file:../../commons/uicomponents"}} at undefined
[2025-10-21T21:12:22.602] [DEBUG] debug-file - Executing task :video:default@BuildNativeWithCmake
[2025-10-21T21:12:22.602] [DEBUG] debug-file - jsonObjWithoutParam {"utils":"file:../../commons/utils","uicomponents":"file:../../commons/uicomponents"} at undefined
[2025-10-21T21:12:22.602] [DEBUG] debug-file - jsonObjWithoutParam {"name":"video","version":"1.0.0","description":"Please describe the basic information.","main":"Index.ets","author":"","license":"Apache-2.0","dependencies":{"utils":"file:../../commons/utils","uicomponents":"file:../../commons/uicomponents"}} at undefined
[2025-10-21T21:12:22.602] [DEBUG] debug-file - video : default@BuildNativeWithCmake cost memory 0.04034423828125
[2025-10-21T21:12:22.602] [DEBUG] debug-file - runTaskFromQueue task cost before running: 886 ms 
[2025-10-21T21:12:22.602] [INFO] debug-file - Finished :video:default@BuildNativeWithCmake... after 1 ms 
[2025-10-21T21:12:22.603] [DEBUG] debug-file - jsonObjWithoutParam {"utils":"file:../../commons/utils","uicomponents":"file:../../commons/uicomponents"} at undefined
[2025-10-21T21:12:22.603] [DEBUG] debug-file - jsonObjWithoutParam {"name":"quickstart","version":"1.0.0","description":"Please describe the basic information.","main":"Index.ets","author":"","license":"Apache-2.0","dependencies":{"utils":"file:../../commons/utils","uicomponents":"file:../../commons/uicomponents"}} at undefined
[2025-10-21T21:12:22.604] [DEBUG] debug-file - Executing task :quickstart:default@BuildNativeWithCmake
[2025-10-21T21:12:22.605] [DEBUG] debug-file - jsonObjWithoutParam {"utils":"file:../../commons/utils","uicomponents":"file:../../commons/uicomponents"} at undefined
[2025-10-21T21:12:22.605] [DEBUG] debug-file - jsonObjWithoutParam {"name":"quickstart","version":"1.0.0","description":"Please describe the basic information.","main":"Index.ets","author":"","license":"Apache-2.0","dependencies":{"utils":"file:../../commons/utils","uicomponents":"file:../../commons/uicomponents"}} at undefined
[2025-10-21T21:12:22.605] [DEBUG] debug-file - quickstart : default@BuildNativeWithCmake cost memory -6.74822998046875
[2025-10-21T21:12:22.605] [DEBUG] debug-file - runTaskFromQueue task cost before running: 889 ms 
[2025-10-21T21:12:22.605] [INFO] debug-file - Finished :quickstart:default@BuildNativeWithCmake... after 1 ms 
[2025-10-21T21:12:22.606] [DEBUG] debug-file - jsonObjWithoutParam {} at undefined
[2025-10-21T21:12:22.606] [DEBUG] debug-file - jsonObjWithoutParam {"name":"uicomponents","version":"1.0.0","description":"Please describe the basic information.","main":"Index.ets","author":"","license":"Apache-2.0","dependencies":{}} at undefined
[2025-10-21T21:12:22.606] [DEBUG] debug-file - Executing task :uicomponents:default@ProcessLibs
[2025-10-21T21:12:22.608] [DEBUG] debug-file - Incremental task uicomponents:default@ProcessLibs pre-execution cost: 1 ms .
[2025-10-21T21:12:22.608] [DEBUG] debug-file - uicomponents : default@ProcessLibs cost memory 0.1343841552734375
[2025-10-21T21:12:22.608] [INFO] debug-file - UP-TO-DATE :uicomponents:default@ProcessLibs...  
[2025-10-21T21:12:22.609] [DEBUG] debug-file - jsonObjWithoutParam {"uicomponents":"file:../../commons/uicomponents","utils":"file:../../commons/utils"} at undefined
[2025-10-21T21:12:22.609] [DEBUG] debug-file - jsonObjWithoutParam {"name":"follows","version":"1.0.0","description":"Please describe the basic information.","main":"Index.ets","author":"","license":"Apache-2.0","dependencies":{"uicomponents":"file:../../commons/uicomponents","utils":"file:../../commons/utils"}} at undefined
[2025-10-21T21:12:22.610] [DEBUG] debug-file - Executing task :follows:default@BuildNativeWithCmake
[2025-10-21T21:12:22.610] [DEBUG] debug-file - jsonObjWithoutParam {"uicomponents":"file:../../commons/uicomponents","utils":"file:../../commons/utils"} at undefined
[2025-10-21T21:12:22.610] [DEBUG] debug-file - jsonObjWithoutParam {"name":"follows","version":"1.0.0","description":"Please describe the basic information.","main":"Index.ets","author":"","license":"Apache-2.0","dependencies":{"uicomponents":"file:../../commons/uicomponents","utils":"file:../../commons/utils"}} at undefined
[2025-10-21T21:12:22.610] [DEBUG] debug-file - follows : default@BuildNativeWithCmake cost memory 0.040374755859375
[2025-10-21T21:12:22.610] [DEBUG] debug-file - runTaskFromQueue task cost before running: 894 ms 
[2025-10-21T21:12:22.610] [INFO] debug-file - Finished :follows:default@BuildNativeWithCmake... after 1 ms 
[2025-10-21T21:12:22.611] [DEBUG] debug-file - jsonObjWithoutParam {} at undefined
[2025-10-21T21:12:22.611] [DEBUG] debug-file - jsonObjWithoutParam {"name":"utils","version":"1.0.0","description":"Please describe the basic information.","main":"Index.ets","author":"","license":"Apache-2.0","dependencies":{}} at undefined
[2025-10-21T21:12:22.612] [DEBUG] debug-file - Executing task :utils:default@DoNativeStrip
[2025-10-21T21:12:22.612] [DEBUG] debug-file - Task 'utils:default@DoNativeStrip' cost while wrapping incremental declarations: 1 ms 
[2025-10-21T21:12:22.613] [DEBUG] debug-file - Incremental task utils:default@DoNativeStrip pre-execution cost: 1 ms .
[2025-10-21T21:12:22.613] [DEBUG] debug-file - utils : default@DoNativeStrip cost memory 0.07498931884765625
[2025-10-21T21:12:22.613] [INFO] debug-file - UP-TO-DATE :utils:default@DoNativeStrip...  
[2025-10-21T21:12:22.614] [DEBUG] debug-file - jsonObjWithoutParam {"login":"file:../login"} at undefined
[2025-10-21T21:12:22.614] [DEBUG] debug-file - jsonObjWithoutParam {"name":"mine","version":"1.0.0","description":"Please describe the basic information.","main":"Index.ets","author":"","license":"Apache-2.0","dependencies":{"login":"file:../login"}} at undefined
[2025-10-21T21:12:22.614] [DEBUG] debug-file - Executing task :mine:default@ConfigureCmake
[2025-10-21T21:12:22.614] [DEBUG] debug-file - jsonObjWithoutParam {"login":"file:../login"} at undefined
[2025-10-21T21:12:22.614] [DEBUG] debug-file - jsonObjWithoutParam {"name":"mine","version":"1.0.0","description":"Please describe the basic information.","main":"Index.ets","author":"","license":"Apache-2.0","dependencies":{"login":"file:../login"}} at undefined
[2025-10-21T21:12:22.614] [DEBUG] debug-file - mine : default@ConfigureCmake cost memory 0.03857421875
[2025-10-21T21:12:22.614] [DEBUG] debug-file - runTaskFromQueue task cost before running: 898 ms 
[2025-10-21T21:12:22.615] [INFO] debug-file - Finished :mine:default@ConfigureCmake... after 1 ms 
[2025-10-21T21:12:22.616] [DEBUG] debug-file - jsonObjWithoutParam {"video":"file:../../features/video","news":"file:../../features/news","quickstart":"file:../../features/quickstart","follow":"file:../../features/follows","mine":"file:../../features/mine","login":"file:../../features/login","uicomponents":"file:../../commons/uicomponents","utils":"file:../../commons/utils"} at undefined
[2025-10-21T21:12:22.616] [DEBUG] debug-file - jsonObjWithoutParam {"name":"default","version":"1.0.0","description":"Please describe the basic information.","main":"","author":"","license":"","dependencies":{"video":"file:../../features/video","news":"file:../../features/news","quickstart":"file:../../features/quickstart","follow":"file:../../features/follows","mine":"file:../../features/mine","login":"file:../../features/login","uicomponents":"file:../../commons/uicomponents","utils":"file:../../commons/utils"}} at undefined
[2025-10-21T21:12:22.616] [DEBUG] debug-file - Executing task :default:default@MakePackInfo
[2025-10-21T21:12:22.618] [DEBUG] debug-file - Incremental task default:default@MakePackInfo pre-execution cost: 2 ms .
[2025-10-21T21:12:22.618] [DEBUG] debug-file - default : default@MakePackInfo cost memory 0.15372467041015625
[2025-10-21T21:12:22.618] [INFO] debug-file - UP-TO-DATE :default:default@MakePackInfo...  
[2025-10-21T21:12:22.620] [DEBUG] debug-file - jsonObjWithoutParam {"video":"file:../../features/video","news":"file:../../features/news","quickstart":"file:../../features/quickstart","follow":"file:../../features/follows","mine":"file:../../features/mine","login":"file:../../features/login","uicomponents":"file:../../commons/uicomponents","utils":"file:../../commons/utils"} at undefined
[2025-10-21T21:12:22.620] [DEBUG] debug-file - jsonObjWithoutParam {"name":"default","version":"1.0.0","description":"Please describe the basic information.","main":"","author":"","license":"","dependencies":{"video":"file:../../features/video","news":"file:../../features/news","quickstart":"file:../../features/quickstart","follow":"file:../../features/follows","mine":"file:../../features/mine","login":"file:../../features/login","uicomponents":"file:../../commons/uicomponents","utils":"file:../../commons/utils"}} at undefined
[2025-10-21T21:12:22.620] [DEBUG] debug-file - Executing task :default:default@ProcessProfile
[2025-10-21T21:12:22.621] [DEBUG] debug-file - Incremental task default:default@ProcessProfile pre-execution cost: 1 ms .
[2025-10-21T21:12:22.621] [DEBUG] debug-file - default : default@ProcessProfile cost memory 0.11466217041015625
[2025-10-21T21:12:22.621] [INFO] debug-file - UP-TO-DATE :default:default@ProcessProfile...  
[2025-10-21T21:12:22.623] [DEBUG] debug-file - jsonObjWithoutParam {} at undefined
[2025-10-21T21:12:22.623] [DEBUG] debug-file - jsonObjWithoutParam {"name":"uicomponents","version":"1.0.0","description":"Please describe the basic information.","main":"Index.ets","author":"","license":"Apache-2.0","dependencies":{}} at undefined
[2025-10-21T21:12:22.624] [DEBUG] debug-file - Executing task :uicomponents:default@DoNativeStrip
[2025-10-21T21:12:22.624] [DEBUG] debug-file - Task 'uicomponents:default@DoNativeStrip' cost while wrapping incremental declarations: 1 ms 
[2025-10-21T21:12:22.624] [DEBUG] debug-file - Incremental task uicomponents:default@DoNativeStrip pre-execution cost: 1 ms .
[2025-10-21T21:12:22.625] [DEBUG] debug-file - uicomponents : default@DoNativeStrip cost memory 0.076263427734375
[2025-10-21T21:12:22.625] [INFO] debug-file - UP-TO-DATE :uicomponents:default@DoNativeStrip...  
[2025-10-21T21:12:22.626] [DEBUG] debug-file - jsonObjWithoutParam {"utils":"file:../../commons/utils","BackendConfig":"file:../../commons/utils"} at undefined
[2025-10-21T21:12:22.626] [DEBUG] debug-file - jsonObjWithoutParam {"name":"login","version":"1.0.0","description":"Please describe the basic information.","main":"Index.ets","author":"","license":"Apache-2.0","dependencies":{"utils":"file:../../commons/utils","BackendConfig":"file:../../commons/utils"}} at undefined
[2025-10-21T21:12:22.627] [DEBUG] debug-file - Executing task :login:default@BuildNativeWithNinja
[2025-10-21T21:12:22.627] [DEBUG] debug-file - jsonObjWithoutParam {"utils":"file:../../commons/utils","BackendConfig":"file:../../commons/utils"} at undefined
[2025-10-21T21:12:22.627] [DEBUG] debug-file - jsonObjWithoutParam {"name":"login","version":"1.0.0","description":"Please describe the basic information.","main":"Index.ets","author":"","license":"Apache-2.0","dependencies":{"utils":"file:../../commons/utils","BackendConfig":"file:../../commons/utils"}} at undefined
[2025-10-21T21:12:22.627] [DEBUG] debug-file - login : default@BuildNativeWithNinja cost memory 0.05890655517578125
[2025-10-21T21:12:22.627] [DEBUG] debug-file - runTaskFromQueue task cost before running: 912 ms 
[2025-10-21T21:12:22.628] [INFO] debug-file - Finished :login:default@BuildNativeWithNinja... after 1 ms 
[2025-10-21T21:12:22.629] [DEBUG] debug-file - jsonObjWithoutParam {"login":"file:../login"} at undefined
[2025-10-21T21:12:22.629] [DEBUG] debug-file - jsonObjWithoutParam {"name":"mine","version":"1.0.0","description":"Please describe the basic information.","main":"Index.ets","author":"","license":"Apache-2.0","dependencies":{"login":"file:../login"}} at undefined
[2025-10-21T21:12:22.630] [DEBUG] debug-file - Executing task :mine:default@BuildNativeWithCmake
[2025-10-21T21:12:22.630] [DEBUG] debug-file - jsonObjWithoutParam {"login":"file:../login"} at undefined
[2025-10-21T21:12:22.630] [DEBUG] debug-file - jsonObjWithoutParam {"name":"mine","version":"1.0.0","description":"Please describe the basic information.","main":"Index.ets","author":"","license":"Apache-2.0","dependencies":{"login":"file:../login"}} at undefined
[2025-10-21T21:12:22.630] [DEBUG] debug-file - mine : default@BuildNativeWithCmake cost memory 0.03963470458984375
[2025-10-21T21:12:22.630] [DEBUG] debug-file - runTaskFromQueue task cost before running: 914 ms 
[2025-10-21T21:12:22.630] [INFO] debug-file - Finished :mine:default@BuildNativeWithCmake... after 1 ms 
[2025-10-21T21:12:22.632] [DEBUG] debug-file - jsonObjWithoutParam {"video":"file:../../features/video","news":"file:../../features/news","quickstart":"file:../../features/quickstart","follow":"file:../../features/follows","mine":"file:../../features/mine","login":"file:../../features/login","uicomponents":"file:../../commons/uicomponents","utils":"file:../../commons/utils"} at undefined
[2025-10-21T21:12:22.632] [DEBUG] debug-file - jsonObjWithoutParam {"name":"default","version":"1.0.0","description":"Please describe the basic information.","main":"","author":"","license":"","dependencies":{"video":"file:../../features/video","news":"file:../../features/news","quickstart":"file:../../features/quickstart","follow":"file:../../features/follows","mine":"file:../../features/mine","login":"file:../../features/login","uicomponents":"file:../../commons/uicomponents","utils":"file:../../commons/utils"}} at undefined
[2025-10-21T21:12:22.633] [DEBUG] debug-file - restool module names: default,news,video,quickstart,utils,uicomponents,mine,login,follows; moduleName=default, taskName=default@ProcessResource
[2025-10-21T21:12:22.637] [DEBUG] debug-file - Executing task :default:default@ProcessResource
[2025-10-21T21:12:22.638] [DEBUG] debug-file - Incremental task default:default@ProcessResource pre-execution cost: 1 ms .
[2025-10-21T21:12:22.638] [DEBUG] debug-file - default : default@ProcessResource cost memory 0.1712799072265625
[2025-10-21T21:12:22.640] [INFO] debug-file - UP-TO-DATE :default:default@ProcessResource...  
[2025-10-21T21:12:22.641] [DEBUG] debug-file - jsonObjWithoutParam {"utils":"file:../../commons/utils","uicomponents":"file:../../commons/uicomponents"} at undefined
[2025-10-21T21:12:22.642] [DEBUG] debug-file - jsonObjWithoutParam {"name":"news","version":"1.0.0","description":"Please describe the basic information.","main":"Index.ets","author":"","license":"Apache-2.0","dependencies":{"utils":"file:../../commons/utils","uicomponents":"file:../../commons/uicomponents"}} at undefined
[2025-10-21T21:12:22.642] [DEBUG] debug-file - Executing task :news:default@BuildNativeWithNinja
[2025-10-21T21:12:22.642] [DEBUG] debug-file - jsonObjWithoutParam {"utils":"file:../../commons/utils","uicomponents":"file:../../commons/uicomponents"} at undefined
[2025-10-21T21:12:22.642] [DEBUG] debug-file - jsonObjWithoutParam {"name":"news","version":"1.0.0","description":"Please describe the basic information.","main":"Index.ets","author":"","license":"Apache-2.0","dependencies":{"utils":"file:../../commons/utils","uicomponents":"file:../../commons/uicomponents"}} at undefined
[2025-10-21T21:12:22.642] [DEBUG] debug-file - news : default@BuildNativeWithNinja cost memory 0.05886077880859375
[2025-10-21T21:12:22.643] [DEBUG] debug-file - runTaskFromQueue task cost before running: 927 ms 
[2025-10-21T21:12:22.643] [INFO] debug-file - Finished :news:default@BuildNativeWithNinja... after 1 ms 
[2025-10-21T21:12:22.644] [DEBUG] debug-file - jsonObjWithoutParam {"utils":"file:../../commons/utils","uicomponents":"file:../../commons/uicomponents"} at undefined
[2025-10-21T21:12:22.644] [DEBUG] debug-file - jsonObjWithoutParam {"name":"video","version":"1.0.0","description":"Please describe the basic information.","main":"Index.ets","author":"","license":"Apache-2.0","dependencies":{"utils":"file:../../commons/utils","uicomponents":"file:../../commons/uicomponents"}} at undefined
[2025-10-21T21:12:22.645] [DEBUG] debug-file - Executing task :video:default@BuildNativeWithNinja
[2025-10-21T21:12:22.645] [DEBUG] debug-file - jsonObjWithoutParam {"utils":"file:../../commons/utils","uicomponents":"file:../../commons/uicomponents"} at undefined
[2025-10-21T21:12:22.645] [DEBUG] debug-file - jsonObjWithoutParam {"name":"video","version":"1.0.0","description":"Please describe the basic information.","main":"Index.ets","author":"","license":"Apache-2.0","dependencies":{"utils":"file:../../commons/utils","uicomponents":"file:../../commons/uicomponents"}} at undefined
[2025-10-21T21:12:22.646] [DEBUG] debug-file - video : default@BuildNativeWithNinja cost memory 0.05915069580078125
[2025-10-21T21:12:22.646] [DEBUG] debug-file - runTaskFromQueue task cost before running: 930 ms 
[2025-10-21T21:12:22.646] [INFO] debug-file - Finished :video:default@BuildNativeWithNinja... after 1 ms 
[2025-10-21T21:12:22.648] [DEBUG] debug-file - jsonObjWithoutParam {"utils":"file:../../commons/utils","uicomponents":"file:../../commons/uicomponents"} at undefined
[2025-10-21T21:12:22.648] [DEBUG] debug-file - jsonObjWithoutParam {"name":"quickstart","version":"1.0.0","description":"Please describe the basic information.","main":"Index.ets","author":"","license":"Apache-2.0","dependencies":{"utils":"file:../../commons/utils","uicomponents":"file:../../commons/uicomponents"}} at undefined
[2025-10-21T21:12:22.648] [DEBUG] debug-file - Executing task :quickstart:default@BuildNativeWithNinja
[2025-10-21T21:12:22.649] [DEBUG] debug-file - jsonObjWithoutParam {"utils":"file:../../commons/utils","uicomponents":"file:../../commons/uicomponents"} at undefined
[2025-10-21T21:12:22.649] [DEBUG] debug-file - jsonObjWithoutParam {"name":"quickstart","version":"1.0.0","description":"Please describe the basic information.","main":"Index.ets","author":"","license":"Apache-2.0","dependencies":{"utils":"file:../../commons/utils","uicomponents":"file:../../commons/uicomponents"}} at undefined
[2025-10-21T21:12:22.649] [DEBUG] debug-file - quickstart : default@BuildNativeWithNinja cost memory 0.05921173095703125
[2025-10-21T21:12:22.649] [DEBUG] debug-file - runTaskFromQueue task cost before running: 933 ms 
[2025-10-21T21:12:22.649] [INFO] debug-file - Finished :quickstart:default@BuildNativeWithNinja... after 1 ms 
[2025-10-21T21:12:22.651] [DEBUG] debug-file - jsonObjWithoutParam {"uicomponents":"file:../../commons/uicomponents","utils":"file:../../commons/utils"} at undefined
[2025-10-21T21:12:22.651] [DEBUG] debug-file - jsonObjWithoutParam {"name":"follows","version":"1.0.0","description":"Please describe the basic information.","main":"Index.ets","author":"","license":"Apache-2.0","dependencies":{"uicomponents":"file:../../commons/uicomponents","utils":"file:../../commons/utils"}} at undefined
[2025-10-21T21:12:22.652] [DEBUG] debug-file - Executing task :follows:default@BuildNativeWithNinja
[2025-10-21T21:12:22.652] [DEBUG] debug-file - jsonObjWithoutParam {"uicomponents":"file:../../commons/uicomponents","utils":"file:../../commons/utils"} at undefined
[2025-10-21T21:12:22.652] [DEBUG] debug-file - jsonObjWithoutParam {"name":"follows","version":"1.0.0","description":"Please describe the basic information.","main":"Index.ets","author":"","license":"Apache-2.0","dependencies":{"uicomponents":"file:../../commons/uicomponents","utils":"file:../../commons/utils"}} at undefined
[2025-10-21T21:12:22.652] [DEBUG] debug-file - follows : default@BuildNativeWithNinja cost memory 0.0590362548828125
[2025-10-21T21:12:22.652] [DEBUG] debug-file - runTaskFromQueue task cost before running: 937 ms 
[2025-10-21T21:12:22.653] [INFO] debug-file - Finished :follows:default@BuildNativeWithNinja... after 1 ms 
[2025-10-21T21:12:22.654] [DEBUG] debug-file - jsonObjWithoutParam {"utils":"file:../../commons/utils","BackendConfig":"file:../../commons/utils"} at undefined
[2025-10-21T21:12:22.654] [DEBUG] debug-file - jsonObjWithoutParam {"name":"login","version":"1.0.0","description":"Please describe the basic information.","main":"Index.ets","author":"","license":"Apache-2.0","dependencies":{"utils":"file:../../commons/utils","BackendConfig":"file:../../commons/utils"}} at undefined
[2025-10-21T21:12:22.654] [DEBUG] debug-file - Executing task :login:default@ProcessLibs
[2025-10-21T21:12:22.656] [DEBUG] debug-file - Incremental task login:default@ProcessLibs pre-execution cost: 1 ms .
[2025-10-21T21:12:22.656] [DEBUG] debug-file - login : default@ProcessLibs cost memory 0.1328887939453125
[2025-10-21T21:12:22.656] [INFO] debug-file - UP-TO-DATE :login:default@ProcessLibs...  
[2025-10-21T21:12:22.658] [DEBUG] debug-file - jsonObjWithoutParam {"video":"file:../../features/video","news":"file:../../features/news","quickstart":"file:../../features/quickstart","follow":"file:../../features/follows","mine":"file:../../features/mine","login":"file:../../features/login","uicomponents":"file:../../commons/uicomponents","utils":"file:../../commons/utils"} at undefined
[2025-10-21T21:12:22.658] [DEBUG] debug-file - jsonObjWithoutParam {"name":"default","version":"1.0.0","description":"Please describe the basic information.","main":"","author":"","license":"","dependencies":{"video":"file:../../features/video","news":"file:../../features/news","quickstart":"file:../../features/quickstart","follow":"file:../../features/follows","mine":"file:../../features/mine","login":"file:../../features/login","uicomponents":"file:../../commons/uicomponents","utils":"file:../../commons/utils"}} at undefined
[2025-10-21T21:12:22.658] [DEBUG] debug-file - Executing task :default:default@ConfigureCmake
[2025-10-21T21:12:22.658] [DEBUG] debug-file - jsonObjWithoutParam {"video":"file:../../features/video","news":"file:../../features/news","quickstart":"file:../../features/quickstart","follow":"file:../../features/follows","mine":"file:../../features/mine","login":"file:../../features/login","uicomponents":"file:../../commons/uicomponents","utils":"file:../../commons/utils"} at undefined
[2025-10-21T21:12:22.658] [DEBUG] debug-file - jsonObjWithoutParam {"name":"default","version":"1.0.0","description":"Please describe the basic information.","main":"","author":"","license":"","dependencies":{"video":"file:../../features/video","news":"file:../../features/news","quickstart":"file:../../features/quickstart","follow":"file:../../features/follows","mine":"file:../../features/mine","login":"file:../../features/login","uicomponents":"file:../../commons/uicomponents","utils":"file:../../commons/utils"}} at undefined
[2025-10-21T21:12:22.658] [DEBUG] debug-file - default : default@ConfigureCmake cost memory 0.04974365234375
[2025-10-21T21:12:22.658] [DEBUG] debug-file - runTaskFromQueue task cost before running: 943 ms 
[2025-10-21T21:12:22.658] [INFO] debug-file - Finished :default:default@ConfigureCmake... after 1 ms 
[2025-10-21T21:12:22.660] [DEBUG] debug-file - jsonObjWithoutParam {"video":"file:../../features/video","news":"file:../../features/news","quickstart":"file:../../features/quickstart","follow":"file:../../features/follows","mine":"file:../../features/mine","login":"file:../../features/login","uicomponents":"file:../../commons/uicomponents","utils":"file:../../commons/utils"} at undefined
[2025-10-21T21:12:22.660] [DEBUG] debug-file - jsonObjWithoutParam {"name":"default","version":"1.0.0","description":"Please describe the basic information.","main":"","author":"","license":"","dependencies":{"video":"file:../../features/video","news":"file:../../features/news","quickstart":"file:../../features/quickstart","follow":"file:../../features/follows","mine":"file:../../features/mine","login":"file:../../features/login","uicomponents":"file:../../commons/uicomponents","utils":"file:../../commons/utils"}} at undefined
[2025-10-21T21:12:22.661] [DEBUG] debug-file - restool module names: default,news,video,quickstart,utils,uicomponents,mine,login,follows; moduleName=default, taskName=default@CompileResource
[2025-10-21T21:12:22.664] [DEBUG] debug-file - Executing task :default:default@CompileResource
[2025-10-21T21:12:22.680] [DEBUG] debug-file - Incremental task default:default@CompileResource pre-execution cost: 16 ms .
[2025-10-21T21:12:22.680] [DEBUG] debug-file - default : default@CompileResource cost memory -4.6222381591796875
[2025-10-21T21:12:22.681] [INFO] debug-file - UP-TO-DATE :default:default@CompileResource...  
[2025-10-21T21:12:22.683] [DEBUG] debug-file - jsonObjWithoutParam {"utils":"file:../../commons/utils","uicomponents":"file:../../commons/uicomponents"} at undefined
[2025-10-21T21:12:22.683] [DEBUG] debug-file - jsonObjWithoutParam {"name":"news","version":"1.0.0","description":"Please describe the basic information.","main":"Index.ets","author":"","license":"Apache-2.0","dependencies":{"utils":"file:../../commons/utils","uicomponents":"file:../../commons/uicomponents"}} at undefined
[2025-10-21T21:12:22.684] [DEBUG] debug-file - Executing task :news:default@ProcessLibs
[2025-10-21T21:12:22.685] [DEBUG] debug-file - Incremental task news:default@ProcessLibs pre-execution cost: 1 ms .
[2025-10-21T21:12:22.685] [DEBUG] debug-file - news : default@ProcessLibs cost memory 0.13256072998046875
[2025-10-21T21:12:22.686] [INFO] debug-file - UP-TO-DATE :news:default@ProcessLibs...  
[2025-10-21T21:12:22.687] [DEBUG] debug-file - jsonObjWithoutParam {"utils":"file:../../commons/utils","uicomponents":"file:../../commons/uicomponents"} at undefined
[2025-10-21T21:12:22.687] [DEBUG] debug-file - jsonObjWithoutParam {"name":"video","version":"1.0.0","description":"Please describe the basic information.","main":"Index.ets","author":"","license":"Apache-2.0","dependencies":{"utils":"file:../../commons/utils","uicomponents":"file:../../commons/uicomponents"}} at undefined
[2025-10-21T21:12:22.688] [DEBUG] debug-file - Executing task :video:default@ProcessLibs
[2025-10-21T21:12:22.689] [DEBUG] debug-file - Incremental task video:default@ProcessLibs pre-execution cost: 1 ms .
[2025-10-21T21:12:22.689] [DEBUG] debug-file - video : default@ProcessLibs cost memory 0.13289642333984375
[2025-10-21T21:12:22.690] [INFO] debug-file - UP-TO-DATE :video:default@ProcessLibs...  
[2025-10-21T21:12:22.691] [DEBUG] debug-file - jsonObjWithoutParam {"utils":"file:../../commons/utils","uicomponents":"file:../../commons/uicomponents"} at undefined
[2025-10-21T21:12:22.691] [DEBUG] debug-file - jsonObjWithoutParam {"name":"quickstart","version":"1.0.0","description":"Please describe the basic information.","main":"Index.ets","author":"","license":"Apache-2.0","dependencies":{"utils":"file:../../commons/utils","uicomponents":"file:../../commons/uicomponents"}} at undefined
[2025-10-21T21:12:22.691] [DEBUG] debug-file - Executing task :quickstart:default@ProcessLibs
[2025-10-21T21:12:22.693] [DEBUG] debug-file - Incremental task quickstart:default@ProcessLibs pre-execution cost: 1 ms .
[2025-10-21T21:12:22.693] [DEBUG] debug-file - quickstart : default@ProcessLibs cost memory 0.1354217529296875
[2025-10-21T21:12:22.694] [INFO] debug-file - UP-TO-DATE :quickstart:default@ProcessLibs...  
[2025-10-21T21:12:22.695] [DEBUG] debug-file - jsonObjWithoutParam {"uicomponents":"file:../../commons/uicomponents","utils":"file:../../commons/utils"} at undefined
[2025-10-21T21:12:22.695] [DEBUG] debug-file - jsonObjWithoutParam {"name":"follows","version":"1.0.0","description":"Please describe the basic information.","main":"Index.ets","author":"","license":"Apache-2.0","dependencies":{"uicomponents":"file:../../commons/uicomponents","utils":"file:../../commons/utils"}} at undefined
[2025-10-21T21:12:22.696] [DEBUG] debug-file - Executing task :follows:default@ProcessLibs
[2025-10-21T21:12:22.697] [DEBUG] debug-file - Incremental task follows:default@ProcessLibs pre-execution cost: 1 ms .
[2025-10-21T21:12:22.697] [DEBUG] debug-file - follows : default@ProcessLibs cost memory 0.133392333984375
[2025-10-21T21:12:22.697] [INFO] debug-file - UP-TO-DATE :follows:default@ProcessLibs...  
[2025-10-21T21:12:22.699] [DEBUG] debug-file - jsonObjWithoutParam {"utils":"file:../../commons/utils","BackendConfig":"file:../../commons/utils"} at undefined
[2025-10-21T21:12:22.699] [DEBUG] debug-file - jsonObjWithoutParam {"name":"login","version":"1.0.0","description":"Please describe the basic information.","main":"Index.ets","author":"","license":"Apache-2.0","dependencies":{"utils":"file:../../commons/utils","BackendConfig":"file:../../commons/utils"}} at undefined
[2025-10-21T21:12:22.700] [DEBUG] debug-file - Executing task :login:default@DoNativeStrip
[2025-10-21T21:12:22.701] [DEBUG] debug-file - Task 'login:default@DoNativeStrip' cost while wrapping incremental declarations: 1 ms 
[2025-10-21T21:12:22.701] [DEBUG] debug-file - Incremental task login:default@DoNativeStrip pre-execution cost: 1 ms .
[2025-10-21T21:12:22.701] [DEBUG] debug-file - login : default@DoNativeStrip cost memory 0.076019287109375
[2025-10-21T21:12:22.701] [INFO] debug-file - UP-TO-DATE :login:default@DoNativeStrip...  
[2025-10-21T21:12:22.703] [DEBUG] debug-file - jsonObjWithoutParam {"video":"file:../../features/video","news":"file:../../features/news","quickstart":"file:../../features/quickstart","follow":"file:../../features/follows","mine":"file:../../features/mine","login":"file:../../features/login","uicomponents":"file:../../commons/uicomponents","utils":"file:../../commons/utils"} at undefined
[2025-10-21T21:12:22.703] [DEBUG] debug-file - jsonObjWithoutParam {"name":"default","version":"1.0.0","description":"Please describe the basic information.","main":"","author":"","license":"","dependencies":{"video":"file:../../features/video","news":"file:../../features/news","quickstart":"file:../../features/quickstart","follow":"file:../../features/follows","mine":"file:../../features/mine","login":"file:../../features/login","uicomponents":"file:../../commons/uicomponents","utils":"file:../../commons/utils"}} at undefined
[2025-10-21T21:12:22.703] [DEBUG] debug-file - Executing task :default:default@BuildNativeWithCmake
[2025-10-21T21:12:22.703] [DEBUG] debug-file - jsonObjWithoutParam {"video":"file:../../features/video","news":"file:../../features/news","quickstart":"file:../../features/quickstart","follow":"file:../../features/follows","mine":"file:../../features/mine","login":"file:../../features/login","uicomponents":"file:../../commons/uicomponents","utils":"file:../../commons/utils"} at undefined
[2025-10-21T21:12:22.703] [DEBUG] debug-file - jsonObjWithoutParam {"name":"default","version":"1.0.0","description":"Please describe the basic information.","main":"","author":"","license":"","dependencies":{"video":"file:../../features/video","news":"file:../../features/news","quickstart":"file:../../features/quickstart","follow":"file:../../features/follows","mine":"file:../../features/mine","login":"file:../../features/login","uicomponents":"file:../../commons/uicomponents","utils":"file:../../commons/utils"}} at undefined
[2025-10-21T21:12:22.703] [DEBUG] debug-file - default : default@BuildNativeWithCmake cost memory 0.049774169921875
[2025-10-21T21:12:22.703] [DEBUG] debug-file - runTaskFromQueue task cost before running: 987 ms 
[2025-10-21T21:12:22.703] [INFO] debug-file - Finished :default:default@BuildNativeWithCmake... after 1 ms 
[2025-10-21T21:12:22.705] [DEBUG] debug-file - jsonObjWithoutParam {"video":"file:../../features/video","news":"file:../../features/news","quickstart":"file:../../features/quickstart","follow":"file:../../features/follows","mine":"file:../../features/mine","login":"file:../../features/login","uicomponents":"file:../../commons/uicomponents","utils":"file:../../commons/utils"} at undefined
[2025-10-21T21:12:22.705] [DEBUG] debug-file - jsonObjWithoutParam {"name":"default","version":"1.0.0","description":"Please describe the basic information.","main":"","author":"","license":"","dependencies":{"video":"file:../../features/video","news":"file:../../features/news","quickstart":"file:../../features/quickstart","follow":"file:../../features/follows","mine":"file:../../features/mine","login":"file:../../features/login","uicomponents":"file:../../commons/uicomponents","utils":"file:../../commons/utils"}} at undefined
[2025-10-21T21:12:22.708] [DEBUG] debug-file - Executing task :default:default@CompileArkTS
[2025-10-21T21:12:22.708] [DEBUG] debug-file - obfuscationOptions: undefined
[2025-10-21T21:12:22.720] [DEBUG] debug-file - default:default@CompileArkTS is not up-to-date, since the input file 'G:\HarmonyOsProjects\news_app-3a12a9aaec8f982bbbef9569988265dcb99f73e0\features\mine\src\main\ets' has been changed.
[2025-10-21T21:12:22.721] [DEBUG] debug-file - Incremental task default:default@CompileArkTS pre-execution cost: 7 ms .
[2025-10-21T21:12:22.731] [DEBUG] debug-file - build config:
[2025-10-21T21:12:22.731] [DEBUG] debug-file - {
  moduleType: 'entry',
  perf: 0,
  targetName: '.default',
  packageManagerType: 'ohpm',
  localPropertiesPath: 'G:\\HarmonyOsProjects\\news_app-3a12a9aaec8f982bbbef9569988265dcb99f73e0\\local.properties',
  isPreview: false,
  isOhosTest: false,
  isLocalTest: false,
  buildMode: 'Debug',
  watchMode: 'false',
  aceProfilePath: 'G:\\HarmonyOsProjects\\news_app-3a12a9aaec8f982bbbef9569988265dcb99f73e0\\products\\default\\build\\default\\intermediates\\res\\default\\resources\\base\\profile',
  etsLoaderPath: 'G:\\DevEco Studio\\sdk\\default\\openharmony\\ets\\build-tools\\ets-loader',
  modulePath: 'G:\\HarmonyOsProjects\\news_app-3a12a9aaec8f982bbbef9569988265dcb99f73e0\\products\\default',
  testFrameworkPar: {
    testMode: undefined,
    coveragePathFilter: undefined,
    coverageMode: undefined
  },
  needCoverageInsert: false,
  debugLine: false,
  projectTopDir: 'G:\\HarmonyOsProjects\\news_app-3a12a9aaec8f982bbbef9569988265dcb99f73e0',
  compileSdkVersion: 18,
  compatibleSdkVersion: 17,
  compatibleSdkVersionStage: undefined,
  bundleName: 'c***t',
  etsLoaderVersion: '5.1.0.110',
  etsLoaderReleaseType: 'Release',
  aotCompileMode: 'type',
  apPath: 'G:\\HarmonyOsProjects\\news_app-3a12a9aaec8f982bbbef9569988265dcb99f73e0\\products\\default\\modules.ap',
  entryModuleName: 'default',
  entryModuleVersion: '1.0.0',
  entryPackageName: 'default',
  allModuleNameHash: '4f72ccedca24de805b84221319f6d728',
  externalApiPaths: [ 'G:\\DevEco Studio\\sdk\\default\\hms\\ets' ],
  compilerTypes: undefined,
  isCrossplatform: false,
  hvigorPluginFile: undefined,
  compilePluginPath: undefined,
  buildGeneratedProfilePath: 'G:\\HarmonyOsProjects\\news_app-3a12a9aaec8f982bbbef9569988265dcb99f73e0\\products\\default\\build\\default\\generated\\profile\\default',
  bundleType: 'app',
  arkTSVersion: undefined,
  apiVersion: 18,
  needCompleteSourcesMap: false,
  isFaMode: false,
  strictMode: undefined,
  buildDir: 'G:\\HarmonyOsProjects\\news_app-3a12a9aaec8f982bbbef9569988265dcb99f73e0\\products\\default\\build',
  deviceTypes: [ 'phone', 'tablet', '2in1' ],
  useNormalizedOHMUrl: false,
  pkgContextInfo: undefined,
  ohPackagePathMap: {},
  dependencyAliasMap: {},
  permission: { requestPermissions: [ [Object] ], definePermissions: undefined },
  integratedHsp: false,
  projectArkOption: undefined,
  sourceMapDir: undefined,
  branchElimination: false,
  transformLib: undefined,
  caseSensitiveCheck: false,
  tsImportSendable: false,
  resolveConflictMode: true,
  depName2RootPath: {},
  depName2DepInfo: {},
  rootPathSet: [
    'G:\\HarmonyOsProjects\\news_app-3a12a9aaec8f982bbbef9569988265dcb99f73e0'
  ],
  useNativeResolver: true,
  shouldEmitJs: true,
  useTscResolve: false,
  singleFileEmit: false,
  userProjectConfig: {
    autoLazyImport: false,
    allowEmptyBundleName: false,
    reExportCheckMode: 'noCheck'
  },
  autoLazyImport: false,
  allowEmptyBundleName: false,
  reExportCheckMode: 'noCheck',
  arkCompileCachePath: 'G:\\HarmonyOsProjects\\news_app-3a12a9aaec8f982bbbef9569988265dcb99f73e0\\products\\default\\build\\default\\cache\\default\\default@CompileArkTS\\esmodule',
  aceModuleJsonPath: 'G:\\HarmonyOsProjects\\news_app-3a12a9aaec8f982bbbef9569988265dcb99f73e0\\products\\default\\build\\default\\intermediates\\res\\default\\ark_module.json',
  appResource: 'G:\\HarmonyOsProjects\\news_app-3a12a9aaec8f982bbbef9569988265dcb99f73e0\\products\\default\\build\\default\\intermediates\\res\\default\\ResourceTable.txt',
  rawFileResource: 'G:\\HarmonyOsProjects\\news_app-3a12a9aaec8f982bbbef9569988265dcb99f73e0\\products\\default\\build\\default\\intermediates\\res\\default\\resources\\rawfile',
  resourceTableHash: '973ba68d93ea4e73edb12958ad88852c',
  runtimeOS: 'HarmonyOS',
  sdkInfo: 'false:18:5.1.0.110:Release',
  aceModuleRoot: 'G:\\HarmonyOsProjects\\news_app-3a12a9aaec8f982bbbef9569988265dcb99f73e0\\products\\default\\src\\main\\ets',
  compileMode: 'esmodule',
  aceSuperVisualPath: 'G:\\HarmonyOsProjects\\news_app-3a12a9aaec8f982bbbef9569988265dcb99f73e0\\products\\default\\src\\main\\supervisual',
  aceBuildJson: 'G:\\HarmonyOsProjects\\news_app-3a12a9aaec8f982bbbef9569988265dcb99f73e0\\products\\default\\build\\default\\intermediates\\loader\\default\\loader.json',
  cachePath: 'G:\\HarmonyOsProjects\\news_app-3a12a9aaec8f982bbbef9569988265dcb99f73e0\\products\\default\\build\\default\\cache\\default\\default@CompileArkTS\\esmodule\\debug',
  aceModuleBuild: 'G:\\HarmonyOsProjects\\news_app-3a12a9aaec8f982bbbef9569988265dcb99f73e0\\products\\default\\build\\default\\intermediates\\loader_out\\default\\ets',
  supportChunks: true,
  declaredFilesPath: undefined,
  pkgNameToPkgBriefInfo: {
    video: {
      pkgRoot: 'G:\\HarmonyOsProjects\\news_app-3a12a9aaec8f982bbbef9569988265dcb99f73e0\\features\\video',
      pkgName: 'video',
      sourceRoots: [Array],
      originalSourceRoots: undefined
    },
    news: {
      pkgRoot: 'G:\\HarmonyOsProjects\\news_app-3a12a9aaec8f982bbbef9569988265dcb99f73e0\\features\\news',
      pkgName: 'news',
      sourceRoots: [Array],
      originalSourceRoots: undefined
    },
    quickstart: {
      pkgRoot: 'G:\\HarmonyOsProjects\\news_app-3a12a9aaec8f982bbbef9569988265dcb99f73e0\\features\\quickstart',
      pkgName: 'quickstart',
      sourceRoots: [Array],
      originalSourceRoots: undefined
    },
    follows: {
      pkgRoot: 'G:\\HarmonyOsProjects\\news_app-3a12a9aaec8f982bbbef9569988265dcb99f73e0\\features\\follows',
      pkgName: 'follows',
      sourceRoots: [Array],
      originalSourceRoots: undefined
    },
    mine: {
      pkgRoot: 'G:\\HarmonyOsProjects\\news_app-3a12a9aaec8f982bbbef9569988265dcb99f73e0\\features\\mine',
      pkgName: 'mine',
      sourceRoots: [Array],
      originalSourceRoots: undefined
    },
    login: {
      pkgRoot: 'G:\\HarmonyOsProjects\\news_app-3a12a9aaec8f982bbbef9569988265dcb99f73e0\\features\\login',
      pkgName: 'login',
      sourceRoots: [Array],
      originalSourceRoots: undefined
    },
    uicomponents: {
      pkgRoot: 'G:\\HarmonyOsProjects\\news_app-3a12a9aaec8f982bbbef9569988265dcb99f73e0\\commons\\uicomponents',
      pkgName: 'uicomponents',
      sourceRoots: [Array],
      originalSourceRoots: undefined
    },
    utils: {
      pkgRoot: 'G:\\HarmonyOsProjects\\news_app-3a12a9aaec8f982bbbef9569988265dcb99f73e0\\commons\\utils',
      pkgName: 'utils',
      sourceRoots: [Array],
      originalSourceRoots: undefined
    },
    default: {
      pkgRoot: 'G:\\HarmonyOsProjects\\news_app-3a12a9aaec8f982bbbef9569988265dcb99f73e0\\products\\default',
      originalSourceRoots: undefined,
      sourceRoots: [Array],
      pkgName: 'default'
    }
  },
  projectModel: {
    'G:\\HarmonyOsProjects\\news_app-3a12a9aaec8f982bbbef9569988265dcb99f73e0\\products\\default\\src\\main': {
      moduleName: 'default',
      modulePkgPath: 'G:\\HarmonyOsProjects\\news_app-3a12a9aaec8f982bbbef9569988265dcb99f73e0\\products\\default',
      belongProjectPath: 'G:\\HarmonyOsProjects\\news_app-3a12a9aaec8f982bbbef9569988265dcb99f73e0'
    },
    'G:\\HarmonyOsProjects\\news_app-3a12a9aaec8f982bbbef9569988265dcb99f73e0\\products\\default\\build\\default\\intermediates\\src\\ohosTest\\ets': {
      moduleName: 'default',
      modulePkgPath: 'G:\\HarmonyOsProjects\\news_app-3a12a9aaec8f982bbbef9569988265dcb99f73e0\\products\\default',
      belongProjectPath: 'G:\\HarmonyOsProjects\\news_app-3a12a9aaec8f982bbbef9569988265dcb99f73e0'
    },
    'G:\\HarmonyOsProjects\\news_app-3a12a9aaec8f982bbbef9569988265dcb99f73e0\\products\\default\\src\\ohosTest': {
      moduleName: 'default',
      modulePkgPath: 'G:\\HarmonyOsProjects\\news_app-3a12a9aaec8f982bbbef9569988265dcb99f73e0\\products\\default',
      belongProjectPath: 'G:\\HarmonyOsProjects\\news_app-3a12a9aaec8f982bbbef9569988265dcb99f73e0'
    },
    'G:\\HarmonyOsProjects\\news_app-3a12a9aaec8f982bbbef9569988265dcb99f73e0\\products\\default': {
      moduleName: 'default',
      modulePkgPath: 'G:\\HarmonyOsProjects\\news_app-3a12a9aaec8f982bbbef9569988265dcb99f73e0\\products\\default',
      belongProjectPath: 'G:\\HarmonyOsProjects\\news_app-3a12a9aaec8f982bbbef9569988265dcb99f73e0'
    },
    'G:\\HarmonyOsProjects\\news_app-3a12a9aaec8f982bbbef9569988265dcb99f73e0\\features\\news\\src\\main': {
      moduleName: 'news',
      modulePkgPath: 'G:\\HarmonyOsProjects\\news_app-3a12a9aaec8f982bbbef9569988265dcb99f73e0\\features\\news',
      belongProjectPath: 'G:\\HarmonyOsProjects\\news_app-3a12a9aaec8f982bbbef9569988265dcb99f73e0'
    },
    'G:\\HarmonyOsProjects\\news_app-3a12a9aaec8f982bbbef9569988265dcb99f73e0\\features\\news\\build\\default\\intermediates\\src\\ohosTest\\ets': {
      moduleName: 'news',
      modulePkgPath: 'G:\\HarmonyOsProjects\\news_app-3a12a9aaec8f982bbbef9569988265dcb99f73e0\\features\\news',
      belongProjectPath: 'G:\\HarmonyOsProjects\\news_app-3a12a9aaec8f982bbbef9569988265dcb99f73e0'
    },
    'G:\\HarmonyOsProjects\\news_app-3a12a9aaec8f982bbbef9569988265dcb99f73e0\\features\\news\\src\\ohosTest': {
      moduleName: 'news',
      modulePkgPath: 'G:\\HarmonyOsProjects\\news_app-3a12a9aaec8f982bbbef9569988265dcb99f73e0\\features\\news',
      belongProjectPath: 'G:\\HarmonyOsProjects\\news_app-3a12a9aaec8f982bbbef9569988265dcb99f73e0'
    },
    'G:\\HarmonyOsProjects\\news_app-3a12a9aaec8f982bbbef9569988265dcb99f73e0\\features\\news': {
      moduleName: 'news',
      modulePkgPath: 'G:\\HarmonyOsProjects\\news_app-3a12a9aaec8f982bbbef9569988265dcb99f73e0\\features\\news',
      belongProjectPath: 'G:\\HarmonyOsProjects\\news_app-3a12a9aaec8f982bbbef9569988265dcb99f73e0'
    },
    'G:\\HarmonyOsProjects\\news_app-3a12a9aaec8f982bbbef9569988265dcb99f73e0\\features\\video\\src\\main': {
      moduleName: 'video',
      modulePkgPath: 'G:\\HarmonyOsProjects\\news_app-3a12a9aaec8f982bbbef9569988265dcb99f73e0\\features\\video',
      belongProjectPath: 'G:\\HarmonyOsProjects\\news_app-3a12a9aaec8f982bbbef9569988265dcb99f73e0'
    },
    'G:\\HarmonyOsProjects\\news_app-3a12a9aaec8f982bbbef9569988265dcb99f73e0\\features\\video\\build\\default\\intermediates\\src\\ohosTest\\ets': {
      moduleName: 'video',
      modulePkgPath: 'G:\\HarmonyOsProjects\\news_app-3a12a9aaec8f982bbbef9569988265dcb99f73e0\\features\\video',
      belongProjectPath: 'G:\\HarmonyOsProjects\\news_app-3a12a9aaec8f982bbbef9569988265dcb99f73e0'
    },
    'G:\\HarmonyOsProjects\\news_app-3a12a9aaec8f982bbbef9569988265dcb99f73e0\\features\\video\\src\\ohosTest': {
      moduleName: 'video',
      modulePkgPath: 'G:\\HarmonyOsProjects\\news_app-3a12a9aaec8f982bbbef9569988265dcb99f73e0\\features\\video',
      belongProjectPath: 'G:\\HarmonyOsProjects\\news_app-3a12a9aaec8f982bbbef9569988265dcb99f73e0'
    },
    'G:\\HarmonyOsProjects\\news_app-3a12a9aaec8f982bbbef9569988265dcb99f73e0\\features\\video': {
      moduleName: 'video',
      modulePkgPath: 'G:\\HarmonyOsProjects\\news_app-3a12a9aaec8f982bbbef9569988265dcb99f73e0\\features\\video',
      belongProjectPath: 'G:\\HarmonyOsProjects\\news_app-3a12a9aaec8f982bbbef9569988265dcb99f73e0'
    },
    'G:\\HarmonyOsProjects\\news_app-3a12a9aaec8f982bbbef9569988265dcb99f73e0\\features\\quickstart\\src\\main': {
      moduleName: 'quickstart',
      modulePkgPath: 'G:\\HarmonyOsProjects\\news_app-3a12a9aaec8f982bbbef9569988265dcb99f73e0\\features\\quickstart',
      belongProjectPath: 'G:\\HarmonyOsProjects\\news_app-3a12a9aaec8f982bbbef9569988265dcb99f73e0'
    },
    'G:\\HarmonyOsProjects\\news_app-3a12a9aaec8f982bbbef9569988265dcb99f73e0\\features\\quickstart\\build\\default\\intermediates\\src\\ohosTest\\ets': {
      moduleName: 'quickstart',
      modulePkgPath: 'G:\\HarmonyOsProjects\\news_app-3a12a9aaec8f982bbbef9569988265dcb99f73e0\\features\\quickstart',
      belongProjectPath: 'G:\\HarmonyOsProjects\\news_app-3a12a9aaec8f982bbbef9569988265dcb99f73e0'
    },
    'G:\\HarmonyOsProjects\\news_app-3a12a9aaec8f982bbbef9569988265dcb99f73e0\\features\\quickstart\\src\\ohosTest': {
      moduleName: 'quickstart',
      modulePkgPath: 'G:\\HarmonyOsProjects\\news_app-3a12a9aaec8f982bbbef9569988265dcb99f73e0\\features\\quickstart',
      belongProjectPath: 'G:\\HarmonyOsProjects\\news_app-3a12a9aaec8f982bbbef9569988265dcb99f73e0'
    },
    'G:\\HarmonyOsProjects\\news_app-3a12a9aaec8f982bbbef9569988265dcb99f73e0\\features\\quickstart': {
      moduleName: 'quickstart',
      modulePkgPath: 'G:\\HarmonyOsProjects\\news_app-3a12a9aaec8f982bbbef9569988265dcb99f73e0\\features\\quickstart',
      belongProjectPath: 'G:\\HarmonyOsProjects\\news_app-3a12a9aaec8f982bbbef9569988265dcb99f73e0'
    },
    'G:\\HarmonyOsProjects\\news_app-3a12a9aaec8f982bbbef9569988265dcb99f73e0\\commons\\utils\\src\\main': {
      moduleName: 'utils',
      modulePkgPath: 'G:\\HarmonyOsProjects\\news_app-3a12a9aaec8f982bbbef9569988265dcb99f73e0\\commons\\utils',
      belongProjectPath: 'G:\\HarmonyOsProjects\\news_app-3a12a9aaec8f982bbbef9569988265dcb99f73e0'
    },
    'G:\\HarmonyOsProjects\\news_app-3a12a9aaec8f982bbbef9569988265dcb99f73e0\\commons\\utils\\build\\default\\intermediates\\src\\ohosTest\\ets': {
      moduleName: 'utils_test',
      modulePkgPath: 'G:\\HarmonyOsProjects\\news_app-3a12a9aaec8f982bbbef9569988265dcb99f73e0\\commons\\utils',
      belongProjectPath: 'G:\\HarmonyOsProjects\\news_app-3a12a9aaec8f982bbbef9569988265dcb99f73e0'
    },
    'G:\\HarmonyOsProjects\\news_app-3a12a9aaec8f982bbbef9569988265dcb99f73e0\\commons\\utils\\src\\ohosTest': {
      moduleName: 'utils_test',
      modulePkgPath: 'G:\\HarmonyOsProjects\\news_app-3a12a9aaec8f982bbbef9569988265dcb99f73e0\\commons\\utils',
      belongProjectPath: 'G:\\HarmonyOsProjects\\news_app-3a12a9aaec8f982bbbef9569988265dcb99f73e0'
    },
    'G:\\HarmonyOsProjects\\news_app-3a12a9aaec8f982bbbef9569988265dcb99f73e0\\commons\\utils': {
      moduleName: 'utils',
      modulePkgPath: 'G:\\HarmonyOsProjects\\news_app-3a12a9aaec8f982bbbef9569988265dcb99f73e0\\commons\\utils',
      belongProjectPath: 'G:\\HarmonyOsProjects\\news_app-3a12a9aaec8f982bbbef9569988265dcb99f73e0'
    },
    'G:\\HarmonyOsProjects\\news_app-3a12a9aaec8f982bbbef9569988265dcb99f73e0\\commons\\uicomponents\\src\\main': {
      moduleName: 'uicomponents',
      modulePkgPath: 'G:\\HarmonyOsProjects\\news_app-3a12a9aaec8f982bbbef9569988265dcb99f73e0\\commons\\uicomponents',
      belongProjectPath: 'G:\\HarmonyOsProjects\\news_app-3a12a9aaec8f982bbbef9569988265dcb99f73e0'
    },
    'G:\\HarmonyOsProjects\\news_app-3a12a9aaec8f982bbbef9569988265dcb99f73e0\\commons\\uicomponents\\build\\default\\intermediates\\src\\ohosTest\\ets': {
      moduleName: 'uicomponents_test',
      modulePkgPath: 'G:\\HarmonyOsProjects\\news_app-3a12a9aaec8f982bbbef9569988265dcb99f73e0\\commons\\uicomponents',
      belongProjectPath: 'G:\\HarmonyOsProjects\\news_app-3a12a9aaec8f982bbbef9569988265dcb99f73e0'
    },
    'G:\\HarmonyOsProjects\\news_app-3a12a9aaec8f982bbbef9569988265dcb99f73e0\\commons\\uicomponents\\src\\ohosTest': {
      moduleName: 'uicomponents_test',
      modulePkgPath: 'G:\\HarmonyOsProjects\\news_app-3a12a9aaec8f982bbbef9569988265dcb99f73e0\\commons\\uicomponents',
      belongProjectPath: 'G:\\HarmonyOsProjects\\news_app-3a12a9aaec8f982bbbef9569988265dcb99f73e0'
    },
    'G:\\HarmonyOsProjects\\news_app-3a12a9aaec8f982bbbef9569988265dcb99f73e0\\commons\\uicomponents': {
      moduleName: 'uicomponents',
      modulePkgPath: 'G:\\HarmonyOsProjects\\news_app-3a12a9aaec8f982bbbef9569988265dcb99f73e0\\commons\\uicomponents',
      belongProjectPath: 'G:\\HarmonyOsProjects\\news_app-3a12a9aaec8f982bbbef9569988265dcb99f73e0'
    },
    'G:\\HarmonyOsProjects\\news_app-3a12a9aaec8f982bbbef9569988265dcb99f73e0\\features\\mine\\src\\main': {
      moduleName: 'mine',
      modulePkgPath: 'G:\\HarmonyOsProjects\\news_app-3a12a9aaec8f982bbbef9569988265dcb99f73e0\\features\\mine',
      belongProjectPath: 'G:\\HarmonyOsProjects\\news_app-3a12a9aaec8f982bbbef9569988265dcb99f73e0'
    },
    'G:\\HarmonyOsProjects\\news_app-3a12a9aaec8f982bbbef9569988265dcb99f73e0\\features\\mine\\build\\default\\intermediates\\src\\ohosTest\\ets': {
      moduleName: 'mine_test',
      modulePkgPath: 'G:\\HarmonyOsProjects\\news_app-3a12a9aaec8f982bbbef9569988265dcb99f73e0\\features\\mine',
      belongProjectPath: 'G:\\HarmonyOsProjects\\news_app-3a12a9aaec8f982bbbef9569988265dcb99f73e0'
    },
    'G:\\HarmonyOsProjects\\news_app-3a12a9aaec8f982bbbef9569988265dcb99f73e0\\features\\mine\\src\\ohosTest': {
      moduleName: 'mine_test',
      modulePkgPath: 'G:\\HarmonyOsProjects\\news_app-3a12a9aaec8f982bbbef9569988265dcb99f73e0\\features\\mine',
      belongProjectPath: 'G:\\HarmonyOsProjects\\news_app-3a12a9aaec8f982bbbef9569988265dcb99f73e0'
    },
    'G:\\HarmonyOsProjects\\news_app-3a12a9aaec8f982bbbef9569988265dcb99f73e0\\features\\mine': {
      moduleName: 'mine',
      modulePkgPath: 'G:\\HarmonyOsProjects\\news_app-3a12a9aaec8f982bbbef9569988265dcb99f73e0\\features\\mine',
      belongProjectPath: 'G:\\HarmonyOsProjects\\news_app-3a12a9aaec8f982bbbef9569988265dcb99f73e0'
    },
    'G:\\HarmonyOsProjects\\news_app-3a12a9aaec8f982bbbef9569988265dcb99f73e0\\features\\login\\src\\main': {
      moduleName: 'login',
      modulePkgPath: 'G:\\HarmonyOsProjects\\news_app-3a12a9aaec8f982bbbef9569988265dcb99f73e0\\features\\login',
      belongProjectPath: 'G:\\HarmonyOsProjects\\news_app-3a12a9aaec8f982bbbef9569988265dcb99f73e0'
    },
    'G:\\HarmonyOsProjects\\news_app-3a12a9aaec8f982bbbef9569988265dcb99f73e0\\features\\login\\build\\default\\intermediates\\src\\ohosTest\\ets': {
      moduleName: 'login_test',
      modulePkgPath: 'G:\\HarmonyOsProjects\\news_app-3a12a9aaec8f982bbbef9569988265dcb99f73e0\\features\\login',
      belongProjectPath: 'G:\\HarmonyOsProjects\\news_app-3a12a9aaec8f982bbbef9569988265dcb99f73e0'
    },
    'G:\\HarmonyOsProjects\\news_app-3a12a9aaec8f982bbbef9569988265dcb99f73e0\\features\\login\\src\\ohosTest': {
      moduleName: 'login_test',
      modulePkgPath: 'G:\\HarmonyOsProjects\\news_app-3a12a9aaec8f982bbbef9569988265dcb99f73e0\\features\\login',
      belongProjectPath: 'G:\\HarmonyOsProjects\\news_app-3a12a9aaec8f982bbbef9569988265dcb99f73e0'
    },
    'G:\\HarmonyOsProjects\\news_app-3a12a9aaec8f982bbbef9569988265dcb99f73e0\\features\\login': {
      moduleName: 'login',
      modulePkgPath: 'G:\\HarmonyOsProjects\\news_app-3a12a9aaec8f982bbbef9569988265dcb99f73e0\\features\\login',
      belongProjectPath: 'G:\\HarmonyOsProjects\\news_app-3a12a9aaec8f982bbbef9569988265dcb99f73e0'
    },
    'G:\\HarmonyOsProjects\\news_app-3a12a9aaec8f982bbbef9569988265dcb99f73e0\\features\\follows\\src\\main': {
      moduleName: 'follows',
      modulePkgPath: 'G:\\HarmonyOsProjects\\news_app-3a12a9aaec8f982bbbef9569988265dcb99f73e0\\features\\follows',
      belongProjectPath: 'G:\\HarmonyOsProjects\\news_app-3a12a9aaec8f982bbbef9569988265dcb99f73e0'
    },
    'G:\\HarmonyOsProjects\\news_app-3a12a9aaec8f982bbbef9569988265dcb99f73e0\\features\\follows\\build\\default\\intermediates\\src\\ohosTest\\ets': {
      moduleName: 'follows_test',
      modulePkgPath: 'G:\\HarmonyOsProjects\\news_app-3a12a9aaec8f982bbbef9569988265dcb99f73e0\\features\\follows',
      belongProjectPath: 'G:\\HarmonyOsProjects\\news_app-3a12a9aaec8f982bbbef9569988265dcb99f73e0'
    },
    'G:\\HarmonyOsProjects\\news_app-3a12a9aaec8f982bbbef9569988265dcb99f73e0\\features\\follows\\src\\ohosTest': {
      moduleName: 'follows_test',
      modulePkgPath: 'G:\\HarmonyOsProjects\\news_app-3a12a9aaec8f982bbbef9569988265dcb99f73e0\\features\\follows',
      belongProjectPath: 'G:\\HarmonyOsProjects\\news_app-3a12a9aaec8f982bbbef9569988265dcb99f73e0'
    },
    'G:\\HarmonyOsProjects\\news_app-3a12a9aaec8f982bbbef9569988265dcb99f73e0\\features\\follows': {
      moduleName: 'follows',
      modulePkgPath: 'G:\\HarmonyOsProjects\\news_app-3a12a9aaec8f982bbbef9569988265dcb99f73e0\\features\\follows',
      belongProjectPath: 'G:\\HarmonyOsProjects\\news_app-3a12a9aaec8f982bbbef9569988265dcb99f73e0'
    },
    'G:\\HarmonyOsProjects\\news_app-3a12a9aaec8f982bbbef9569988265dcb99f73e0': {
      moduleName: 'news_app-3a12a9aaec8f982bbbef9569988265dcb99f73e0',
      modulePkgPath: 'G:\\HarmonyOsProjects\\news_app-3a12a9aaec8f982bbbef9569988265dcb99f73e0',
      belongProjectPath: 'G:\\HarmonyOsProjects\\news_app-3a12a9aaec8f982bbbef9569988265dcb99f73e0'
    }
  },
  pkgJsonFileHash: '59a2558a9dcbfa0b262caa1c319c7f52',
  allModulePaths: [
    'G:\\HarmonyOsProjects\\news_app-3a12a9aaec8f982bbbef9569988265dcb99f73e0\\products\\default',
    'G:\\HarmonyOsProjects\\news_app-3a12a9aaec8f982bbbef9569988265dcb99f73e0\\features\\news',
    'G:\\HarmonyOsProjects\\news_app-3a12a9aaec8f982bbbef9569988265dcb99f73e0\\features\\video',
    'G:\\HarmonyOsProjects\\news_app-3a12a9aaec8f982bbbef9569988265dcb99f73e0\\features\\quickstart',
    'G:\\HarmonyOsProjects\\news_app-3a12a9aaec8f982bbbef9569988265dcb99f73e0\\commons\\utils',
    'G:\\HarmonyOsProjects\\news_app-3a12a9aaec8f982bbbef9569988265dcb99f73e0\\commons\\uicomponents',
    'G:\\HarmonyOsProjects\\news_app-3a12a9aaec8f982bbbef9569988265dcb99f73e0\\features\\mine',
    'G:\\HarmonyOsProjects\\news_app-3a12a9aaec8f982bbbef9569988265dcb99f73e0\\features\\login',
    'G:\\HarmonyOsProjects\\news_app-3a12a9aaec8f982bbbef9569988265dcb99f73e0\\features\\follows'
  ],
  routerMap: {},
  obfuscationOptions: undefined,
  compileBlockPkg: [],
  mockParams: {
    decorator: '@MockSetup',
    packageName: '@ohos/hamock',
    etsSourceRootPath: 'src/main/ets',
    mockConfigPath: undefined,
    mockConfigKey2ModuleInfo: {}
  },
  copyCodeResourceEnable: true,
  copyCodeResourceExcludes: [],
  uiTransformOptimization: false,
  otherPaths: {
    'video/*': [
      '..\\..\\..\\..\\..\\features\\video\\src\\main\\*',
      '..\\..\\..\\..\\..\\features\\video\\build\\default\\generated\\profile\\default\\*'
    ],
    'news/*': [
      '..\\..\\..\\..\\..\\features\\news\\src\\main\\*',
      '..\\..\\..\\..\\..\\features\\news\\build\\default\\generated\\profile\\default\\*'
    ],
    'quickstart/*': [
      '..\\..\\..\\..\\..\\features\\quickstart\\src\\main\\*',
      '..\\..\\..\\..\\..\\features\\quickstart\\build\\default\\generated\\profile\\default\\*'
    ],
    'follows/*': [
      '..\\..\\..\\..\\..\\features\\follows\\src\\main\\*',
      '..\\..\\..\\..\\..\\features\\follows\\build\\default\\generated\\profile\\default\\*'
    ],
    'mine/*': [
      '..\\..\\..\\..\\..\\features\\mine\\src\\main\\*',
      '..\\..\\..\\..\\..\\features\\mine\\build\\default\\generated\\profile\\default\\*'
    ],
    'login/*': [
      '..\\..\\..\\..\\..\\features\\login\\src\\main\\*',
      '..\\..\\..\\..\\..\\features\\login\\build\\default\\generated\\profile\\default\\*'
    ],
    'uicomponents/*': [
      '..\\..\\..\\..\\..\\commons\\uicomponents\\src\\main\\*',
      '..\\..\\..\\..\\..\\commons\\uicomponents\\build\\default\\generated\\profile\\default\\*'
    ],
    'utils/*': [
      '..\\..\\..\\..\\..\\commons\\utils\\src\\main\\*',
      '..\\..\\..\\..\\..\\commons\\utils\\build\\default\\generated\\profile\\default\\*'
    ],
    'default/*': [
      '..\\*',
      '..\\..\\..\\build\\default\\generated\\profile\\default\\*'
    ]
  },
  collectImportersConfig: undefined
}
[2025-10-21T21:12:22.731] [DEBUG] debug-file - Compile arkts with external api path: G:\DevEco Studio\sdk\default\hms\ets
[2025-10-21T21:12:22.732] [DEBUG] debug-file - default@CompileArkTS work[8] is submitted.
[2025-10-21T21:12:22.733] [DEBUG] debug-file - default@CompileArkTS work[8] is pushed to ready queue.
[2025-10-21T21:12:22.733] [DEBUG] debug-file - A work dispatched to worker[15] failed because unable to get work from ready queue.
[2025-10-21T21:12:22.733] [DEBUG] debug-file - A work dispatched to worker[14] failed because unable to get work from ready queue.
[2025-10-21T21:12:22.733] [DEBUG] debug-file - A work dispatched to worker[13] failed because unable to get work from ready queue.
[2025-10-21T21:12:22.733] [DEBUG] debug-file - A work dispatched to worker[12] failed because unable to get work from ready queue.
[2025-10-21T21:12:22.733] [DEBUG] debug-file - A work dispatched to worker[11] failed because unable to get work from ready queue.
[2025-10-21T21:12:22.733] [DEBUG] debug-file - A work dispatched to worker[10] failed because unable to get work from ready queue.
[2025-10-21T21:12:22.733] [DEBUG] debug-file - A work dispatched to worker[9] failed because unable to get work from ready queue.
[2025-10-21T21:12:22.733] [DEBUG] debug-file - A work dispatched to worker[8] failed because unable to get work from ready queue.
[2025-10-21T21:12:22.733] [DEBUG] debug-file - A work dispatched to worker[7] failed because unable to get work from ready queue.
[2025-10-21T21:12:22.733] [DEBUG] debug-file - A work dispatched to worker[6] failed because unable to get work from ready queue.
[2025-10-21T21:12:22.733] [DEBUG] debug-file - A work dispatched to worker[5] failed because unable to get work from ready queue.
[2025-10-21T21:12:22.733] [DEBUG] debug-file - default@CompileArkTS work[8] has been dispatched to worker[4].
[2025-10-21T21:12:22.733] [DEBUG] debug-file - default@CompileArkTS work[8] is dispatched.
[2025-10-21T21:12:22.733] [DEBUG] debug-file - CopyResources startTime: 37301416279800
[2025-10-21T21:12:22.733] [DEBUG] debug-file - default@CompileArkTS work[9] is submitted.
[2025-10-21T21:12:22.734] [DEBUG] debug-file - default@CompileArkTS work[9] is pushed to ready queue.
[2025-10-21T21:12:22.734] [DEBUG] debug-file - A work dispatched to worker[15] failed because unable to get work from ready queue.
[2025-10-21T21:12:22.734] [DEBUG] debug-file - Create  resident worker with id: 14.
[2025-10-21T21:12:22.735] [DEBUG] debug-file - default@CompileArkTS work[9] has been dispatched to worker[14].
[2025-10-21T21:12:22.735] [DEBUG] debug-file - default@CompileArkTS work[9] is dispatched.
[2025-10-21T21:12:22.735] [DEBUG] debug-file - default : default@CompileArkTS cost memory 2.9896163940429688
[2025-10-21T21:12:22.737] [DEBUG] debug-file - jsonObjWithoutParam {"video":"file:../../features/video","news":"file:../../features/news","quickstart":"file:../../features/quickstart","follow":"file:../../features/follows","mine":"file:../../features/mine","login":"file:../../features/login","uicomponents":"file:../../commons/uicomponents","utils":"file:../../commons/utils"} at undefined
[2025-10-21T21:12:22.737] [DEBUG] debug-file - jsonObjWithoutParam {"name":"default","version":"1.0.0","description":"Please describe the basic information.","main":"","author":"","license":"","dependencies":{"video":"file:../../features/video","news":"file:../../features/news","quickstart":"file:../../features/quickstart","follow":"file:../../features/follows","mine":"file:../../features/mine","login":"file:../../features/login","uicomponents":"file:../../commons/uicomponents","utils":"file:../../commons/utils"}} at undefined
[2025-10-21T21:12:22.740] [DEBUG] debug-file - Executing task :default:default@BuildJS
[2025-10-21T21:12:22.742] [DEBUG] debug-file - default : default@BuildJS cost memory 0.214080810546875
[2025-10-21T21:12:22.743] [DEBUG] debug-file - runTaskFromQueue task cost before running: 1 s 27 ms 
[2025-10-21T21:12:22.743] [INFO] debug-file - Finished :default:default@BuildJS... after 3 ms 
[2025-10-21T21:12:22.745] [DEBUG] debug-file - jsonObjWithoutParam {"utils":"file:../../commons/utils","uicomponents":"file:../../commons/uicomponents"} at undefined
[2025-10-21T21:12:22.745] [DEBUG] debug-file - jsonObjWithoutParam {"name":"news","version":"1.0.0","description":"Please describe the basic information.","main":"Index.ets","author":"","license":"Apache-2.0","dependencies":{"utils":"file:../../commons/utils","uicomponents":"file:../../commons/uicomponents"}} at undefined
[2025-10-21T21:12:22.746] [DEBUG] debug-file - Executing task :news:default@DoNativeStrip
[2025-10-21T21:12:22.746] [DEBUG] debug-file - Task 'news:default@DoNativeStrip' cost while wrapping incremental declarations: 1 ms 
[2025-10-21T21:12:22.747] [DEBUG] debug-file - Incremental task news:default@DoNativeStrip pre-execution cost: 1 ms .
[2025-10-21T21:12:22.747] [DEBUG] debug-file - news : default@DoNativeStrip cost memory 0.07587432861328125
[2025-10-21T21:12:22.747] [INFO] debug-file - UP-TO-DATE :news:default@DoNativeStrip...  
[2025-10-21T21:12:22.749] [DEBUG] debug-file - jsonObjWithoutParam {"utils":"file:../../commons/utils","uicomponents":"file:../../commons/uicomponents"} at undefined
[2025-10-21T21:12:22.749] [DEBUG] debug-file - jsonObjWithoutParam {"name":"video","version":"1.0.0","description":"Please describe the basic information.","main":"Index.ets","author":"","license":"Apache-2.0","dependencies":{"utils":"file:../../commons/utils","uicomponents":"file:../../commons/uicomponents"}} at undefined
[2025-10-21T21:12:22.750] [DEBUG] debug-file - Executing task :video:default@DoNativeStrip
[2025-10-21T21:12:22.750] [DEBUG] debug-file - Task 'video:default@DoNativeStrip' cost while wrapping incremental declarations: 1 ms 
[2025-10-21T21:12:22.750] [DEBUG] debug-file - Incremental task video:default@DoNativeStrip pre-execution cost: 1 ms .
[2025-10-21T21:12:22.750] [DEBUG] debug-file - video : default@DoNativeStrip cost memory 0.07593536376953125
[2025-10-21T21:12:22.750] [INFO] debug-file - UP-TO-DATE :video:default@DoNativeStrip...  
[2025-10-21T21:12:22.752] [DEBUG] debug-file - jsonObjWithoutParam {"utils":"file:../../commons/utils","uicomponents":"file:../../commons/uicomponents"} at undefined
[2025-10-21T21:12:22.752] [DEBUG] debug-file - jsonObjWithoutParam {"name":"quickstart","version":"1.0.0","description":"Please describe the basic information.","main":"Index.ets","author":"","license":"Apache-2.0","dependencies":{"utils":"file:../../commons/utils","uicomponents":"file:../../commons/uicomponents"}} at undefined
[2025-10-21T21:12:22.753] [DEBUG] debug-file - Executing task :quickstart:default@DoNativeStrip
[2025-10-21T21:12:22.753] [DEBUG] debug-file - Task 'quickstart:default@DoNativeStrip' cost while wrapping incremental declarations: 1 ms 
[2025-10-21T21:12:22.753] [DEBUG] debug-file - Incremental task quickstart:default@DoNativeStrip pre-execution cost: 1 ms .
[2025-10-21T21:12:22.754] [DEBUG] debug-file - quickstart : default@DoNativeStrip cost memory 0.07750701904296875
[2025-10-21T21:12:22.754] [INFO] debug-file - UP-TO-DATE :quickstart:default@DoNativeStrip...  
[2025-10-21T21:12:22.755] [DEBUG] debug-file - jsonObjWithoutParam {"uicomponents":"file:../../commons/uicomponents","utils":"file:../../commons/utils"} at undefined
[2025-10-21T21:12:22.755] [DEBUG] debug-file - jsonObjWithoutParam {"name":"follows","version":"1.0.0","description":"Please describe the basic information.","main":"Index.ets","author":"","license":"Apache-2.0","dependencies":{"uicomponents":"file:../../commons/uicomponents","utils":"file:../../commons/utils"}} at undefined
[2025-10-21T21:12:22.756] [DEBUG] debug-file - Executing task :follows:default@DoNativeStrip
[2025-10-21T21:12:22.757] [DEBUG] debug-file - Task 'follows:default@DoNativeStrip' cost while wrapping incremental declarations: 1 ms 
[2025-10-21T21:12:22.757] [DEBUG] debug-file - Incremental task follows:default@DoNativeStrip pre-execution cost: 1 ms .
[2025-10-21T21:12:22.757] [DEBUG] debug-file - follows : default@DoNativeStrip cost memory 0.07709503173828125
[2025-10-21T21:12:22.757] [INFO] debug-file - UP-TO-DATE :follows:default@DoNativeStrip...  
[2025-10-21T21:12:22.758] [DEBUG] debug-file - jsonObjWithoutParam {"login":"file:../login"} at undefined
[2025-10-21T21:12:22.759] [DEBUG] debug-file - jsonObjWithoutParam {"name":"mine","version":"1.0.0","description":"Please describe the basic information.","main":"Index.ets","author":"","license":"Apache-2.0","dependencies":{"login":"file:../login"}} at undefined
[2025-10-21T21:12:22.759] [DEBUG] debug-file - Executing task :mine:default@BuildNativeWithNinja
[2025-10-21T21:12:22.759] [DEBUG] debug-file - jsonObjWithoutParam {"login":"file:../login"} at undefined
[2025-10-21T21:12:22.759] [DEBUG] debug-file - jsonObjWithoutParam {"name":"mine","version":"1.0.0","description":"Please describe the basic information.","main":"Index.ets","author":"","license":"Apache-2.0","dependencies":{"login":"file:../login"}} at undefined
[2025-10-21T21:12:22.759] [DEBUG] debug-file - mine : default@BuildNativeWithNinja cost memory 0.05826568603515625
[2025-10-21T21:12:22.759] [DEBUG] debug-file - runTaskFromQueue task cost before running: 1 s 44 ms 
[2025-10-21T21:12:22.760] [INFO] debug-file - Finished :mine:default@BuildNativeWithNinja... after 1 ms 
[2025-10-21T21:12:22.762] [DEBUG] debug-file - jsonObjWithoutParam {"login":"file:../login"} at undefined
[2025-10-21T21:12:22.762] [DEBUG] debug-file - jsonObjWithoutParam {"name":"mine","version":"1.0.0","description":"Please describe the basic information.","main":"Index.ets","author":"","license":"Apache-2.0","dependencies":{"login":"file:../login"}} at undefined
[2025-10-21T21:12:22.762] [DEBUG] debug-file - Executing task :mine:default@ProcessLibs
[2025-10-21T21:12:22.763] [DEBUG] debug-file - Incremental task mine:default@ProcessLibs pre-execution cost: 1 ms .
[2025-10-21T21:12:22.763] [DEBUG] debug-file - mine : default@ProcessLibs cost memory 0.1329498291015625
[2025-10-21T21:12:22.764] [INFO] debug-file - UP-TO-DATE :mine:default@ProcessLibs...  
[2025-10-21T21:12:22.765] [DEBUG] debug-file - jsonObjWithoutParam {"login":"file:../login"} at undefined
[2025-10-21T21:12:22.765] [DEBUG] debug-file - jsonObjWithoutParam {"name":"mine","version":"1.0.0","description":"Please describe the basic information.","main":"Index.ets","author":"","license":"Apache-2.0","dependencies":{"login":"file:../login"}} at undefined
[2025-10-21T21:12:22.766] [DEBUG] debug-file - Executing task :mine:default@DoNativeStrip
[2025-10-21T21:12:22.767] [DEBUG] debug-file - Task 'mine:default@DoNativeStrip' cost while wrapping incremental declarations: 1 ms 
[2025-10-21T21:12:22.767] [DEBUG] debug-file - Incremental task mine:default@DoNativeStrip pre-execution cost: 1 ms .
[2025-10-21T21:12:22.767] [DEBUG] debug-file - mine : default@DoNativeStrip cost memory 0.07552337646484375
[2025-10-21T21:12:22.768] [INFO] debug-file - UP-TO-DATE :mine:default@DoNativeStrip...  
[2025-10-21T21:12:22.770] [DEBUG] debug-file - jsonObjWithoutParam {"video":"file:../../features/video","news":"file:../../features/news","quickstart":"file:../../features/quickstart","follow":"file:../../features/follows","mine":"file:../../features/mine","login":"file:../../features/login","uicomponents":"file:../../commons/uicomponents","utils":"file:../../commons/utils"} at undefined
[2025-10-21T21:12:22.770] [DEBUG] debug-file - jsonObjWithoutParam {"name":"default","version":"1.0.0","description":"Please describe the basic information.","main":"","author":"","license":"","dependencies":{"video":"file:../../features/video","news":"file:../../features/news","quickstart":"file:../../features/quickstart","follow":"file:../../features/follows","mine":"file:../../features/mine","login":"file:../../features/login","uicomponents":"file:../../commons/uicomponents","utils":"file:../../commons/utils"}} at undefined
[2025-10-21T21:12:22.770] [DEBUG] debug-file - Executing task :default:default@BuildNativeWithNinja
[2025-10-21T21:12:22.770] [DEBUG] debug-file - jsonObjWithoutParam {"video":"file:../../features/video","news":"file:../../features/news","quickstart":"file:../../features/quickstart","follow":"file:../../features/follows","mine":"file:../../features/mine","login":"file:../../features/login","uicomponents":"file:../../commons/uicomponents","utils":"file:../../commons/utils"} at undefined
[2025-10-21T21:12:22.770] [DEBUG] debug-file - jsonObjWithoutParam {"name":"default","version":"1.0.0","description":"Please describe the basic information.","main":"","author":"","license":"","dependencies":{"video":"file:../../features/video","news":"file:../../features/news","quickstart":"file:../../features/quickstart","follow":"file:../../features/follows","mine":"file:../../features/mine","login":"file:../../features/login","uicomponents":"file:../../commons/uicomponents","utils":"file:../../commons/utils"}} at undefined
[2025-10-21T21:12:22.771] [DEBUG] debug-file - default : default@BuildNativeWithNinja cost memory 0.06851959228515625
[2025-10-21T21:12:22.771] [DEBUG] debug-file - runTaskFromQueue task cost before running: 1 s 55 ms 
[2025-10-21T21:12:22.771] [INFO] debug-file - Finished :default:default@BuildNativeWithNinja... after 1 ms 
[2025-10-21T21:12:22.773] [DEBUG] debug-file - jsonObjWithoutParam {"video":"file:../../features/video","news":"file:../../features/news","quickstart":"file:../../features/quickstart","follow":"file:../../features/follows","mine":"file:../../features/mine","login":"file:../../features/login","uicomponents":"file:../../commons/uicomponents","utils":"file:../../commons/utils"} at undefined
[2025-10-21T21:12:22.773] [DEBUG] debug-file - jsonObjWithoutParam {"name":"default","version":"1.0.0","description":"Please describe the basic information.","main":"","author":"","license":"","dependencies":{"video":"file:../../features/video","news":"file:../../features/news","quickstart":"file:../../features/quickstart","follow":"file:../../features/follows","mine":"file:../../features/mine","login":"file:../../features/login","uicomponents":"file:../../commons/uicomponents","utils":"file:../../commons/utils"}} at undefined
[2025-10-21T21:12:22.774] [DEBUG] debug-file - Executing task :default:default@ProcessLibs
[2025-10-21T21:12:22.783] [DEBUG] debug-file - Incremental task default:default@ProcessLibs pre-execution cost: 2 ms .
[2025-10-21T21:12:22.783] [DEBUG] debug-file - default : default@ProcessLibs cost memory 1.3835830688476562
[2025-10-21T21:12:22.783] [INFO] debug-file - UP-TO-DATE :default:default@ProcessLibs...  
[2025-10-21T21:12:22.785] [DEBUG] debug-file - jsonObjWithoutParam {"video":"file:../../features/video","news":"file:../../features/news","quickstart":"file:../../features/quickstart","follow":"file:../../features/follows","mine":"file:../../features/mine","login":"file:../../features/login","uicomponents":"file:../../commons/uicomponents","utils":"file:../../commons/utils"} at undefined
[2025-10-21T21:12:22.785] [DEBUG] debug-file - jsonObjWithoutParam {"name":"default","version":"1.0.0","description":"Please describe the basic information.","main":"","author":"","license":"","dependencies":{"video":"file:../../features/video","news":"file:../../features/news","quickstart":"file:../../features/quickstart","follow":"file:../../features/follows","mine":"file:../../features/mine","login":"file:../../features/login","uicomponents":"file:../../commons/uicomponents","utils":"file:../../commons/utils"}} at undefined
[2025-10-21T21:12:22.786] [DEBUG] debug-file - Executing task :default:default@DoNativeStrip
[2025-10-21T21:12:22.786] [DEBUG] debug-file - Task 'default:default@DoNativeStrip' cost while wrapping incremental declarations: 1 ms 
[2025-10-21T21:12:22.787] [DEBUG] debug-file - Incremental task default:default@DoNativeStrip pre-execution cost: 1 ms .
[2025-10-21T21:12:22.787] [DEBUG] debug-file - default : default@DoNativeStrip cost memory 0.07550048828125
[2025-10-21T21:12:22.787] [INFO] debug-file - UP-TO-DATE :default:default@DoNativeStrip...  
[2025-10-21T21:12:22.788] [DEBUG] debug-file - jsonObjWithoutParam {"video":"file:../../features/video","news":"file:../../features/news","quickstart":"file:../../features/quickstart","follow":"file:../../features/follows","mine":"file:../../features/mine","login":"file:../../features/login","uicomponents":"file:../../commons/uicomponents","utils":"file:../../commons/utils"} at undefined
[2025-10-21T21:12:22.788] [DEBUG] debug-file - jsonObjWithoutParam {"name":"default","version":"1.0.0","description":"Please describe the basic information.","main":"","author":"","license":"","dependencies":{"video":"file:../../features/video","news":"file:../../features/news","quickstart":"file:../../features/quickstart","follow":"file:../../features/follows","mine":"file:../../features/mine","login":"file:../../features/login","uicomponents":"file:../../commons/uicomponents","utils":"file:../../commons/utils"}} at undefined
[2025-10-21T21:12:22.789] [DEBUG] debug-file - Executing task :default:default@CacheNativeLibs
[2025-10-21T21:12:22.789] [DEBUG] debug-file - Task 'default:default@CacheNativeLibs' cost while wrapping incremental declarations: 1 ms 
[2025-10-21T21:12:22.790] [DEBUG] debug-file - Incremental task default:default@CacheNativeLibs pre-execution cost: 1 ms .
[2025-10-21T21:12:22.790] [DEBUG] debug-file - default : default@CacheNativeLibs cost memory 0.0896148681640625
[2025-10-21T21:12:22.790] [INFO] debug-file - UP-TO-DATE :default:default@CacheNativeLibs...  
[2025-10-21T21:12:23.607] [DEBUG] debug-file - worker[14] has one work done.
[2025-10-21T21:12:23.607] [DEBUG] debug-file - CopyResources is end, endTime: 37302290252400
[2025-10-21T21:12:23.607] [DEBUG] debug-file - default@CompileArkTS work[9] done.
[2025-10-21T21:12:23.607] [DEBUG] debug-file - A work dispatched to worker[14] failed because unable to get work from ready queue.
[2025-10-21T21:12:23.759] [DEBUG] debug-file - worker[4] has one work done.
[2025-10-21T21:12:23.763] [DEBUG] debug-file - default@CompileArkTS work[8] done.
[2025-10-21T21:12:23.763] [DEBUG] debug-file - A work dispatched to worker[4] failed because unable to get work from ready queue.
[2025-10-21T21:12:23.765] [INFO] debug-file - Finished :default:default@CompileArkTS... after 1 s 51 ms 
[2025-10-21T21:12:23.767] [DEBUG] debug-file - jsonObjWithoutParam {"video":"file:../../features/video","news":"file:../../features/news","quickstart":"file:../../features/quickstart","follow":"file:../../features/follows","mine":"file:../../features/mine","login":"file:../../features/login","uicomponents":"file:../../commons/uicomponents","utils":"file:../../commons/utils"} at undefined
[2025-10-21T21:12:23.767] [DEBUG] debug-file - jsonObjWithoutParam {"name":"default","version":"1.0.0","description":"Please describe the basic information.","main":"","author":"","license":"","dependencies":{"video":"file:../../features/video","news":"file:../../features/news","quickstart":"file:../../features/quickstart","follow":"file:../../features/follows","mine":"file:../../features/mine","login":"file:../../features/login","uicomponents":"file:../../commons/uicomponents","utils":"file:../../commons/utils"}} at undefined
[2025-10-21T21:12:23.768] [DEBUG] debug-file - Executing task :default:default@GeneratePkgModuleJson
[2025-10-21T21:12:23.768] [DEBUG] debug-file - Task 'default:default@GeneratePkgModuleJson' cost while wrapping incremental declarations: 1 ms 
[2025-10-21T21:12:23.768] [DEBUG] debug-file - Incremental task default:default@GeneratePkgModuleJson pre-execution cost: 1 ms .
[2025-10-21T21:12:23.768] [DEBUG] debug-file - default : default@GeneratePkgModuleJson cost memory 0.0718841552734375
[2025-10-21T21:12:23.769] [INFO] debug-file - UP-TO-DATE :default:default@GeneratePkgModuleJson...  
[2025-10-21T21:12:23.770] [DEBUG] debug-file - jsonObjWithoutParam {"video":"file:../../features/video","news":"file:../../features/news","quickstart":"file:../../features/quickstart","follow":"file:../../features/follows","mine":"file:../../features/mine","login":"file:../../features/login","uicomponents":"file:../../commons/uicomponents","utils":"file:../../commons/utils"} at undefined
[2025-10-21T21:12:23.770] [DEBUG] debug-file - jsonObjWithoutParam {"name":"default","version":"1.0.0","description":"Please describe the basic information.","main":"","author":"","license":"","dependencies":{"video":"file:../../features/video","news":"file:../../features/news","quickstart":"file:../../features/quickstart","follow":"file:../../features/follows","mine":"file:../../features/mine","login":"file:../../features/login","uicomponents":"file:../../commons/uicomponents","utils":"file:../../commons/utils"}} at undefined
[2025-10-21T21:12:23.774] [DEBUG] debug-file - Executing task :default:default@PackageHap
[2025-10-21T21:12:23.780] [DEBUG] debug-file - default:default@PackageHap is not up-to-date, since the input file 'G:\HarmonyOsProjects\news_app-3a12a9aaec8f982bbbef9569988265dcb99f73e0\products\default\build\default\intermediates\loader_out\default\ets' has been changed.
[2025-10-21T21:12:23.780] [DEBUG] debug-file - Incremental task default:default@PackageHap pre-execution cost: 5 ms .
[2025-10-21T21:12:23.780] [DEBUG] debug-file - jsonObjWithoutParam {"video":"file:../../features/video","news":"file:../../features/news","quickstart":"file:../../features/quickstart","follow":"file:../../features/follows","mine":"file:../../features/mine","login":"file:../../features/login","uicomponents":"file:../../commons/uicomponents","utils":"file:../../commons/utils"} at undefined
[2025-10-21T21:12:23.780] [DEBUG] debug-file - jsonObjWithoutParam {"name":"default","version":"1.0.0","description":"Please describe the basic information.","main":"","author":"","license":"","dependencies":{"video":"file:../../features/video","news":"file:../../features/news","quickstart":"file:../../features/quickstart","follow":"file:../../features/follows","mine":"file:../../features/mine","login":"file:../../features/login","uicomponents":"file:../../commons/uicomponents","utils":"file:../../commons/utils"}} at undefined
[2025-10-21T21:12:23.781] [DEBUG] debug-file - Use tool [G:\DevEco Studio\sdk\default\openharmony\toolchains\lib\app_packing_tool.jar]
 [
  'java',
  '-Dfile.encoding=GBK',
  '-jar',
  'G:\\DevEco Studio\\sdk\\default\\openharmony\\toolchains\\lib\\app_packing_tool.jar',
  '--mode',
  'hap',
  '--force',
  'true',
  '--lib-path',
  'G:\\HarmonyOsProjects\\news_app-3a12a9aaec8f982bbbef9569988265dcb99f73e0\\products\\default\\build\\default\\intermediates\\stripped_native_libs\\default',
  '--json-path',
  'G:\\HarmonyOsProjects\\news_app-3a12a9aaec8f982bbbef9569988265dcb99f73e0\\products\\default\\build\\default\\intermediates\\package\\default\\module.json',
  '--resources-path',
  'G:\\HarmonyOsProjects\\news_app-3a12a9aaec8f982bbbef9569988265dcb99f73e0\\products\\default\\build\\default\\intermediates\\res\\default\\resources',
  '--index-path',
  'G:\\HarmonyOsProjects\\news_app-3a12a9aaec8f982bbbef9569988265dcb99f73e0\\products\\default\\build\\default\\intermediates\\res\\default\\resources.index',
  '--pack-info-path',
  'G:\\HarmonyOsProjects\\news_app-3a12a9aaec8f982bbbef9569988265dcb99f73e0\\products\\default\\build\\default\\outputs\\default\\pack.info',
  '--out-path',
  'G:\\HarmonyOsProjects\\news_app-3a12a9aaec8f982bbbef9569988265dcb99f73e0\\products\\default\\build\\default\\outputs\\default\\default-default-unsigned.hap',
  '--ets-path',
  'G:\\HarmonyOsProjects\\news_app-3a12a9aaec8f982bbbef9569988265dcb99f73e0\\products\\default\\build\\default\\intermediates\\loader_out\\default\\ets'
]
[2025-10-21T21:12:23.855] [DEBUG] debug-file - java daemon socket received message:{"code":0,"message":"pack success"}
[2025-10-21T21:12:23.858] [DEBUG] debug-file - default : default@PackageHap cost memory 1.5269927978515625
[2025-10-21T21:12:23.858] [DEBUG] debug-file - runTaskFromQueue task cost before running: 2 s 142 ms 
[2025-10-21T21:12:23.859] [INFO] debug-file - Finished :default:default@PackageHap... after 84 ms 
[2025-10-21T21:12:23.860] [DEBUG] debug-file - jsonObjWithoutParam {"video":"file:../../features/video","news":"file:../../features/news","quickstart":"file:../../features/quickstart","follow":"file:../../features/follows","mine":"file:../../features/mine","login":"file:../../features/login","uicomponents":"file:../../commons/uicomponents","utils":"file:../../commons/utils"} at undefined
[2025-10-21T21:12:23.860] [DEBUG] debug-file - jsonObjWithoutParam {"name":"default","version":"1.0.0","description":"Please describe the basic information.","main":"","author":"","license":"","dependencies":{"video":"file:../../features/video","news":"file:../../features/news","quickstart":"file:../../features/quickstart","follow":"file:../../features/follows","mine":"file:../../features/mine","login":"file:../../features/login","uicomponents":"file:../../commons/uicomponents","utils":"file:../../commons/utils"}} at undefined
[2025-10-21T21:12:23.861] [DEBUG] debug-file - Executing task :default:default@SignHap
[2025-10-21T21:12:23.862] [WARN] debug-file - Will skip sign 'hos_hap'. No signingConfigs profile is configured in current project.
             If needed, configure the signingConfigs in G:\HarmonyOsProjects\news_app-3a12a9aaec8f982bbbef9569988265dcb99f73e0\build-profile.json5.
[2025-10-21T21:12:23.862] [DEBUG] debug-file - default:default@SignHap is not up-to-date, since the input file 'G:\HarmonyOsProjects\news_app-3a12a9aaec8f982bbbef9569988265dcb99f73e0\products\default\build\default\outputs\default\default-default-unsigned.hap' has been changed.
[2025-10-21T21:12:23.862] [DEBUG] debug-file - Incremental task default:default@SignHap pre-execution cost: 1 ms .
[2025-10-21T21:12:23.862] [DEBUG] debug-file - jsonObjWithoutParam {"video":"file:../../features/video","news":"file:../../features/news","quickstart":"file:../../features/quickstart","follow":"file:../../features/follows","mine":"file:../../features/mine","login":"file:../../features/login","uicomponents":"file:../../commons/uicomponents","utils":"file:../../commons/utils"} at undefined
[2025-10-21T21:12:23.862] [DEBUG] debug-file - jsonObjWithoutParam {"name":"default","version":"1.0.0","description":"Please describe the basic information.","main":"","author":"","license":"","dependencies":{"video":"file:../../features/video","news":"file:../../features/news","quickstart":"file:../../features/quickstart","follow":"file:../../features/follows","mine":"file:../../features/mine","login":"file:../../features/login","uicomponents":"file:../../commons/uicomponents","utils":"file:../../commons/utils"}} at undefined
[2025-10-21T21:12:23.862] [DEBUG] debug-file - default : default@SignHap cost memory 0.12848663330078125
[2025-10-21T21:12:23.862] [DEBUG] debug-file - runTaskFromQueue task cost before running: 2 s 146 ms 
[2025-10-21T21:12:23.862] [INFO] debug-file - Finished :default:default@SignHap... after 1 ms 
[2025-10-21T21:12:23.864] [DEBUG] debug-file - jsonObjWithoutParam {"video":"file:../../features/video","news":"file:../../features/news","quickstart":"file:../../features/quickstart","follow":"file:../../features/follows","mine":"file:../../features/mine","login":"file:../../features/login","uicomponents":"file:../../commons/uicomponents","utils":"file:../../commons/utils"} at undefined
[2025-10-21T21:12:23.864] [DEBUG] debug-file - jsonObjWithoutParam {"name":"default","version":"1.0.0","description":"Please describe the basic information.","main":"","author":"","license":"","dependencies":{"video":"file:../../features/video","news":"file:../../features/news","quickstart":"file:../../features/quickstart","follow":"file:../../features/follows","mine":"file:../../features/mine","login":"file:../../features/login","uicomponents":"file:../../commons/uicomponents","utils":"file:../../commons/utils"}} at undefined
[2025-10-21T21:12:23.864] [DEBUG] debug-file - Executing task :default:default@CollectDebugSymbol
[2025-10-21T21:12:23.867] [DEBUG] debug-file - jsonObjWithoutParam {"video":"file:../../features/video","news":"file:../../features/news","quickstart":"file:../../features/quickstart","follow":"file:../../features/follows","mine":"file:../../features/mine","login":"file:../../features/login","uicomponents":"file:../../commons/uicomponents","utils":"file:../../commons/utils"} at undefined
[2025-10-21T21:12:23.867] [DEBUG] debug-file - jsonObjWithoutParam {"name":"default","version":"1.0.0","description":"Please describe the basic information.","main":"","author":"","license":"","dependencies":{"video":"file:../../features/video","news":"file:../../features/news","quickstart":"file:../../features/quickstart","follow":"file:../../features/follows","mine":"file:../../features/mine","login":"file:../../features/login","uicomponents":"file:../../commons/uicomponents","utils":"file:../../commons/utils"}} at undefined
[2025-10-21T21:12:23.867] [DEBUG] debug-file - default : default@CollectDebugSymbol cost memory 0.24161529541015625
[2025-10-21T21:12:23.867] [DEBUG] debug-file - runTaskFromQueue task cost before running: 2 s 151 ms 
[2025-10-21T21:12:23.867] [INFO] debug-file - Finished :default:default@CollectDebugSymbol... after 3 ms 
[2025-10-21T21:12:23.868] [DEBUG] debug-file - Executing task :default:assembleHap
[2025-10-21T21:12:23.868] [DEBUG] debug-file - default : assembleHap cost memory 0.01145172119140625
[2025-10-21T21:12:23.868] [DEBUG] debug-file - runTaskFromQueue task cost before running: 2 s 152 ms 
[2025-10-21T21:12:23.868] [INFO] debug-file - Finished :default:assembleHap... after 1 ms 
[2025-10-21T21:12:23.878] [DEBUG] debug-file - BUILD SUCCESSFUL in 2 s 162 ms 
[2025-10-21T21:12:23.878] [DEBUG] debug-file - There is no need to refresh cache, since the incremental task default:default@PreBuild is up-to-date.
[2025-10-21T21:12:23.878] [DEBUG] debug-file - There is no need to refresh cache, since the incremental task video:default@PreBuild is up-to-date.
[2025-10-21T21:12:23.878] [DEBUG] debug-file - There is no need to refresh cache, since the incremental task utils:default@PreBuild is up-to-date.
[2025-10-21T21:12:23.878] [DEBUG] debug-file - There is no need to refresh cache, since the incremental task uicomponents:default@PreBuild is up-to-date.
[2025-10-21T21:12:23.878] [DEBUG] debug-file - There is no need to refresh cache, since the incremental task news:default@PreBuild is up-to-date.
[2025-10-21T21:12:23.878] [DEBUG] debug-file - There is no need to refresh cache, since the incremental task quickstart:default@PreBuild is up-to-date.
[2025-10-21T21:12:23.878] [DEBUG] debug-file - There is no need to refresh cache, since the incremental task follows:default@PreBuild is up-to-date.
[2025-10-21T21:12:23.878] [DEBUG] debug-file - There is no need to refresh cache, since the incremental task mine:default@PreBuild is up-to-date.
[2025-10-21T21:12:23.878] [DEBUG] debug-file - There is no need to refresh cache, since the incremental task login:default@PreBuild is up-to-date.
[2025-10-21T21:12:23.878] [DEBUG] debug-file - Update task default:default@CreateModuleInfo output file:G:\HarmonyOsProjects\news_app-3a12a9aaec8f982bbbef9569988265dcb99f73e0\products\default\build\default\generated\profile\default\ModuleInfo.ts cache.
[2025-10-21T21:12:23.878] [DEBUG] debug-file - Incremental task default:default@CreateModuleInfo post-execution cost:1 ms .
[2025-10-21T21:12:23.878] [DEBUG] debug-file - There is no need to refresh cache, since the incremental task default:default@GenerateMetadata is up-to-date.
[2025-10-21T21:12:23.878] [DEBUG] debug-file - Update task default:default@GeneratePkgContextInfo output file:G:\HarmonyOsProjects\news_app-3a12a9aaec8f982bbbef9569988265dcb99f73e0\products\default\build\default\intermediates\loader\default\pkgContextInfo.json cache.
[2025-10-21T21:12:23.878] [DEBUG] debug-file - Incremental task default:default@GeneratePkgContextInfo post-execution cost:1 ms .
[2025-10-21T21:12:23.879] [DEBUG] debug-file - Update task default:default@ProcessIntegratedHsp output file:G:\HarmonyOsProjects\news_app-3a12a9aaec8f982bbbef9569988265dcb99f73e0\build\cache\default\integrated_hsp\integratedHspCache.json cache.
[2025-10-21T21:12:23.879] [DEBUG] debug-file - Incremental task default:default@ProcessIntegratedHsp post-execution cost:1 ms .
[2025-10-21T21:12:23.879] [DEBUG] debug-file - There is no need to refresh cache, since the incremental task utils:default@CreateHarBuildProfile is up-to-date.
[2025-10-21T21:12:23.879] [DEBUG] debug-file - There is no need to refresh cache, since the incremental task utils:default@MergeProfile is up-to-date.
[2025-10-21T21:12:23.879] [DEBUG] debug-file - There is no need to refresh cache, since the incremental task uicomponents:default@CreateHarBuildProfile is up-to-date.
[2025-10-21T21:12:23.879] [DEBUG] debug-file - There is no need to refresh cache, since the incremental task uicomponents:default@MergeProfile is up-to-date.
[2025-10-21T21:12:23.879] [DEBUG] debug-file - Update task default:default@SyscapTransform input file:G:\DevEco Studio\sdk\default\openharmony\toolchains\syscap_tool.exe cache by regenerate.
[2025-10-21T21:12:23.879] [DEBUG] debug-file - Update task default:default@SyscapTransform input file:G:\DevEco Studio\sdk\default\openharmony\ets\api\device-define cache by regenerate.
[2025-10-21T21:12:23.880] [DEBUG] debug-file - Update task default:default@SyscapTransform output file:G:\HarmonyOsProjects\news_app-3a12a9aaec8f982bbbef9569988265dcb99f73e0\products\default\build\default\intermediates\syscap\default\rpcid.sc cache.
[2025-10-21T21:12:23.880] [DEBUG] debug-file - Incremental task default:default@SyscapTransform post-execution cost:1 ms .
[2025-10-21T21:12:23.880] [DEBUG] debug-file - There is no need to refresh cache, since the incremental task default:default@ProcessRouterMap is up-to-date.
[2025-10-21T21:12:23.880] [DEBUG] debug-file - Update task default:default@ProcessStartupConfig output file:G:\HarmonyOsProjects\news_app-3a12a9aaec8f982bbbef9569988265dcb99f73e0\products\default\build\default\intermediates\startup\default\startup_config.json cache.
[2025-10-21T21:12:23.880] [DEBUG] debug-file - Incremental task default:default@ProcessStartupConfig post-execution cost:1 ms .
[2025-10-21T21:12:23.880] [DEBUG] debug-file - There is no need to refresh cache, since the incremental task login:default@CreateHarBuildProfile is up-to-date.
[2025-10-21T21:12:23.880] [DEBUG] debug-file - There is no need to refresh cache, since the incremental task login:default@MergeProfile is up-to-date.
[2025-10-21T21:12:23.881] [DEBUG] debug-file - There is no need to refresh cache, since the incremental task news:default@CreateHarBuildProfile is up-to-date.
[2025-10-21T21:12:23.881] [DEBUG] debug-file - There is no need to refresh cache, since the incremental task video:default@CreateHarBuildProfile is up-to-date.
[2025-10-21T21:12:23.881] [DEBUG] debug-file - There is no need to refresh cache, since the incremental task quickstart:default@CreateHarBuildProfile is up-to-date.
[2025-10-21T21:12:23.881] [DEBUG] debug-file - There is no need to refresh cache, since the incremental task follows:default@CreateHarBuildProfile is up-to-date.
[2025-10-21T21:12:23.881] [DEBUG] debug-file - There is no need to refresh cache, since the incremental task news:default@MergeProfile is up-to-date.
[2025-10-21T21:12:23.881] [DEBUG] debug-file - There is no need to refresh cache, since the incremental task video:default@MergeProfile is up-to-date.
[2025-10-21T21:12:23.881] [DEBUG] debug-file - There is no need to refresh cache, since the incremental task quickstart:default@MergeProfile is up-to-date.
[2025-10-21T21:12:23.881] [DEBUG] debug-file - There is no need to refresh cache, since the incremental task follows:default@MergeProfile is up-to-date.
[2025-10-21T21:12:23.881] [DEBUG] debug-file - There is no need to refresh cache, since the incremental task default:default@GenerateLoaderJson is up-to-date.
[2025-10-21T21:12:23.881] [DEBUG] debug-file - There is no need to refresh cache, since the incremental task mine:default@CreateHarBuildProfile is up-to-date.
[2025-10-21T21:12:23.881] [DEBUG] debug-file - There is no need to refresh cache, since the incremental task mine:default@MergeProfile is up-to-date.
[2025-10-21T21:12:23.881] [DEBUG] debug-file - There is no need to refresh cache, since the incremental task default:default@CreateBuildProfile is up-to-date.
[2025-10-21T21:12:23.881] [DEBUG] debug-file - There is no need to refresh cache, since the incremental task utils:default@ProcessLibs is up-to-date.
[2025-10-21T21:12:23.881] [DEBUG] debug-file - There is no need to refresh cache, since the incremental task default:default@MergeProfile is up-to-date.
[2025-10-21T21:12:23.881] [DEBUG] debug-file - There is no need to refresh cache, since the incremental task uicomponents:default@ProcessLibs is up-to-date.
[2025-10-21T21:12:23.881] [DEBUG] debug-file - There is no need to refresh cache, since the incremental task utils:default@DoNativeStrip is up-to-date.
[2025-10-21T21:12:23.881] [DEBUG] debug-file - There is no need to refresh cache, since the incremental task default:default@MakePackInfo is up-to-date.
[2025-10-21T21:12:23.881] [DEBUG] debug-file - There is no need to refresh cache, since the incremental task default:default@ProcessProfile is up-to-date.
[2025-10-21T21:12:23.881] [DEBUG] debug-file - There is no need to refresh cache, since the incremental task uicomponents:default@DoNativeStrip is up-to-date.
[2025-10-21T21:12:23.881] [DEBUG] debug-file - There is no need to refresh cache, since the incremental task default:default@ProcessResource is up-to-date.
[2025-10-21T21:12:23.881] [DEBUG] debug-file - There is no need to refresh cache, since the incremental task login:default@ProcessLibs is up-to-date.
[2025-10-21T21:12:23.881] [DEBUG] debug-file - There is no need to refresh cache, since the incremental task default:default@CompileResource is up-to-date.
[2025-10-21T21:12:23.881] [DEBUG] debug-file - There is no need to refresh cache, since the incremental task news:default@ProcessLibs is up-to-date.
[2025-10-21T21:12:23.881] [DEBUG] debug-file - There is no need to refresh cache, since the incremental task video:default@ProcessLibs is up-to-date.
[2025-10-21T21:12:23.881] [DEBUG] debug-file - There is no need to refresh cache, since the incremental task quickstart:default@ProcessLibs is up-to-date.
[2025-10-21T21:12:23.881] [DEBUG] debug-file - There is no need to refresh cache, since the incremental task follows:default@ProcessLibs is up-to-date.
[2025-10-21T21:12:23.881] [DEBUG] debug-file - There is no need to refresh cache, since the incremental task login:default@DoNativeStrip is up-to-date.
[2025-10-21T21:12:23.884] [DEBUG] debug-file - Update task default:default@CompileArkTS input file:G:\HarmonyOsProjects\news_app-3a12a9aaec8f982bbbef9569988265dcb99f73e0\products\default\build\default\intermediates\loader\default cache by regenerate.
[2025-10-21T21:12:23.884] [DEBUG] debug-file - Update task default:default@CompileArkTS input file:G:\HarmonyOsProjects\news_app-3a12a9aaec8f982bbbef9569988265dcb99f73e0\features\video\Index.ets cache by regenerate.
[2025-10-21T21:12:23.884] [DEBUG] debug-file - Update task default:default@CompileArkTS input file:G:\HarmonyOsProjects\news_app-3a12a9aaec8f982bbbef9569988265dcb99f73e0\features\news\Index.ets cache by regenerate.
[2025-10-21T21:12:23.884] [DEBUG] debug-file - Update task default:default@CompileArkTS input file:G:\HarmonyOsProjects\news_app-3a12a9aaec8f982bbbef9569988265dcb99f73e0\features\quickstart\Index.ets cache by regenerate.
[2025-10-21T21:12:23.884] [DEBUG] debug-file - Update task default:default@CompileArkTS input file:G:\HarmonyOsProjects\news_app-3a12a9aaec8f982bbbef9569988265dcb99f73e0\features\follows\Index.ets cache by regenerate.
[2025-10-21T21:12:23.884] [DEBUG] debug-file - Update task default:default@CompileArkTS input file:G:\HarmonyOsProjects\news_app-3a12a9aaec8f982bbbef9569988265dcb99f73e0\features\mine\Index.ets cache by regenerate.
[2025-10-21T21:12:23.884] [DEBUG] debug-file - Update task default:default@CompileArkTS input file:G:\HarmonyOsProjects\news_app-3a12a9aaec8f982bbbef9569988265dcb99f73e0\features\login\Index.ets cache by regenerate.
[2025-10-21T21:12:23.884] [DEBUG] debug-file - Update task default:default@CompileArkTS input file:G:\HarmonyOsProjects\news_app-3a12a9aaec8f982bbbef9569988265dcb99f73e0\commons\uicomponents\Index.ets cache by regenerate.
[2025-10-21T21:12:23.884] [DEBUG] debug-file - Update task default:default@CompileArkTS input file:G:\HarmonyOsProjects\news_app-3a12a9aaec8f982bbbef9569988265dcb99f73e0\commons\utils\Index.ets cache by regenerate.
[2025-10-21T21:12:23.884] [DEBUG] debug-file - Update task default:default@CompileArkTS input file:G:\HarmonyOsProjects\news_app-3a12a9aaec8f982bbbef9569988265dcb99f73e0\features\video\src\main\ets cache by regenerate.
[2025-10-21T21:12:23.885] [DEBUG] debug-file - Update task default:default@CompileArkTS input file:G:\HarmonyOsProjects\news_app-3a12a9aaec8f982bbbef9569988265dcb99f73e0\features\news\src\main\ets cache by regenerate.
[2025-10-21T21:12:23.885] [DEBUG] debug-file - Update task default:default@CompileArkTS input file:G:\HarmonyOsProjects\news_app-3a12a9aaec8f982bbbef9569988265dcb99f73e0\features\quickstart\src\main\ets cache by regenerate.
[2025-10-21T21:12:23.886] [DEBUG] debug-file - Update task default:default@CompileArkTS input file:G:\HarmonyOsProjects\news_app-3a12a9aaec8f982bbbef9569988265dcb99f73e0\features\follows\src\main\ets cache by regenerate.
[2025-10-21T21:12:23.886] [DEBUG] debug-file - Update task default:default@CompileArkTS input file:G:\HarmonyOsProjects\news_app-3a12a9aaec8f982bbbef9569988265dcb99f73e0\features\mine\src\main\ets cache from map.
[2025-10-21T21:12:23.886] [DEBUG] debug-file - Update task default:default@CompileArkTS input file:G:\HarmonyOsProjects\news_app-3a12a9aaec8f982bbbef9569988265dcb99f73e0\features\login\src\main\ets cache by regenerate.
[2025-10-21T21:12:23.886] [DEBUG] debug-file - Update task default:default@CompileArkTS input file:G:\HarmonyOsProjects\news_app-3a12a9aaec8f982bbbef9569988265dcb99f73e0\commons\uicomponents\src\main\ets cache by regenerate.
[2025-10-21T21:12:23.887] [DEBUG] debug-file - Update task default:default@CompileArkTS input file:G:\HarmonyOsProjects\news_app-3a12a9aaec8f982bbbef9569988265dcb99f73e0\commons\utils\src\main\ets cache by regenerate.
[2025-10-21T21:12:23.887] [DEBUG] debug-file - Update task default:default@CompileArkTS input file:G:\HarmonyOsProjects\news_app-3a12a9aaec8f982bbbef9569988265dcb99f73e0\products\default\build\default\intermediates\res\default\resources\rawfile cache by regenerate.
[2025-10-21T21:12:23.888] [DEBUG] debug-file - Update task default:default@CompileArkTS input file:G:\HarmonyOsProjects\news_app-3a12a9aaec8f982bbbef9569988265dcb99f73e0\products\default\build\default\intermediates\res\default\ResourceTable.txt cache by regenerate.
[2025-10-21T21:12:23.888] [DEBUG] debug-file - Update task default:default@CompileArkTS input file:G:\HarmonyOsProjects\news_app-3a12a9aaec8f982bbbef9569988265dcb99f73e0\products\default\build\default\intermediates\res\default\ark_module.json cache by regenerate.
[2025-10-21T21:12:23.888] [DEBUG] debug-file - Update task default:default@CompileArkTS input file:G:\HarmonyOsProjects\news_app-3a12a9aaec8f982bbbef9569988265dcb99f73e0\products\default\build\default\intermediates\res\default\resources\base\profile cache by regenerate.
[2025-10-21T21:12:23.888] [DEBUG] debug-file - Update task default:default@CompileArkTS input file:G:\HarmonyOsProjects\news_app-3a12a9aaec8f982bbbef9569988265dcb99f73e0\products\default\src\main\ets cache by regenerate.
[2025-10-21T21:12:23.889] [DEBUG] debug-file - Update task default:default@CompileArkTS input file:G:\HarmonyOsProjects\news_app-3a12a9aaec8f982bbbef9569988265dcb99f73e0\products\default\build\default\generated\profile\default\BuildProfile.ets cache by regenerate.
[2025-10-21T21:12:23.889] [DEBUG] debug-file - Update task default:default@CompileArkTS input file:G:\HarmonyOsProjects\news_app-3a12a9aaec8f982bbbef9569988265dcb99f73e0\features\video\BuildProfile.ets cache by regenerate.
[2025-10-21T21:12:23.889] [DEBUG] debug-file - Update task default:default@CompileArkTS input file:G:\HarmonyOsProjects\news_app-3a12a9aaec8f982bbbef9569988265dcb99f73e0\features\news\BuildProfile.ets cache by regenerate.
[2025-10-21T21:12:23.889] [DEBUG] debug-file - Update task default:default@CompileArkTS input file:G:\HarmonyOsProjects\news_app-3a12a9aaec8f982bbbef9569988265dcb99f73e0\features\quickstart\BuildProfile.ets cache by regenerate.
[2025-10-21T21:12:23.889] [DEBUG] debug-file - Update task default:default@CompileArkTS input file:G:\HarmonyOsProjects\news_app-3a12a9aaec8f982bbbef9569988265dcb99f73e0\features\follows\BuildProfile.ets cache by regenerate.
[2025-10-21T21:12:23.889] [DEBUG] debug-file - Update task default:default@CompileArkTS input file:G:\HarmonyOsProjects\news_app-3a12a9aaec8f982bbbef9569988265dcb99f73e0\features\mine\BuildProfile.ets cache by regenerate.
[2025-10-21T21:12:23.889] [DEBUG] debug-file - Update task default:default@CompileArkTS input file:G:\HarmonyOsProjects\news_app-3a12a9aaec8f982bbbef9569988265dcb99f73e0\features\login\BuildProfile.ets cache by regenerate.
[2025-10-21T21:12:23.889] [DEBUG] debug-file - Update task default:default@CompileArkTS input file:G:\HarmonyOsProjects\news_app-3a12a9aaec8f982bbbef9569988265dcb99f73e0\commons\uicomponents\BuildProfile.ets cache by regenerate.
[2025-10-21T21:12:23.889] [DEBUG] debug-file - Update task default:default@CompileArkTS input file:G:\HarmonyOsProjects\news_app-3a12a9aaec8f982bbbef9569988265dcb99f73e0\commons\utils\BuildProfile.ets cache by regenerate.
[2025-10-21T21:12:23.889] [DEBUG] debug-file - Update task default:default@CompileArkTS output file:G:\HarmonyOsProjects\news_app-3a12a9aaec8f982bbbef9569988265dcb99f73e0\products\default\build\default\intermediates\loader_out\default\ets cache.
[2025-10-21T21:12:23.889] [DEBUG] debug-file - Incremental task default:default@CompileArkTS post-execution cost:9 ms .
[2025-10-21T21:12:23.890] [DEBUG] debug-file - Update task default:default@BuildJS input file:G:\HarmonyOsProjects\news_app-3a12a9aaec8f982bbbef9569988265dcb99f73e0\products\default\build\default\intermediates\loader\default cache by regenerate.
[2025-10-21T21:12:23.890] [DEBUG] debug-file - Update task default:default@BuildJS input file:G:\HarmonyOsProjects\news_app-3a12a9aaec8f982bbbef9569988265dcb99f73e0\features\video\Index.ets cache by regenerate.
[2025-10-21T21:12:23.891] [DEBUG] debug-file - Update task default:default@BuildJS input file:G:\HarmonyOsProjects\news_app-3a12a9aaec8f982bbbef9569988265dcb99f73e0\features\news\Index.ets cache by regenerate.
[2025-10-21T21:12:23.891] [DEBUG] debug-file - Update task default:default@BuildJS input file:G:\HarmonyOsProjects\news_app-3a12a9aaec8f982bbbef9569988265dcb99f73e0\features\quickstart\Index.ets cache by regenerate.
[2025-10-21T21:12:23.891] [DEBUG] debug-file - Update task default:default@BuildJS input file:G:\HarmonyOsProjects\news_app-3a12a9aaec8f982bbbef9569988265dcb99f73e0\features\follows\Index.ets cache by regenerate.
[2025-10-21T21:12:23.891] [DEBUG] debug-file - Update task default:default@BuildJS input file:G:\HarmonyOsProjects\news_app-3a12a9aaec8f982bbbef9569988265dcb99f73e0\features\mine\Index.ets cache by regenerate.
[2025-10-21T21:12:23.891] [DEBUG] debug-file - Update task default:default@BuildJS input file:G:\HarmonyOsProjects\news_app-3a12a9aaec8f982bbbef9569988265dcb99f73e0\features\login\Index.ets cache by regenerate.
[2025-10-21T21:12:23.891] [DEBUG] debug-file - Update task default:default@BuildJS input file:G:\HarmonyOsProjects\news_app-3a12a9aaec8f982bbbef9569988265dcb99f73e0\commons\uicomponents\Index.ets cache by regenerate.
[2025-10-21T21:12:23.891] [DEBUG] debug-file - Update task default:default@BuildJS input file:G:\HarmonyOsProjects\news_app-3a12a9aaec8f982bbbef9569988265dcb99f73e0\commons\utils\Index.ets cache by regenerate.
[2025-10-21T21:12:23.891] [DEBUG] debug-file - Update task default:default@BuildJS input file:G:\HarmonyOsProjects\news_app-3a12a9aaec8f982bbbef9569988265dcb99f73e0\products\default\build\default\intermediates\res\default\resources\rawfile cache by regenerate.
[2025-10-21T21:12:23.891] [DEBUG] debug-file - Update task default:default@BuildJS input file:G:\HarmonyOsProjects\news_app-3a12a9aaec8f982bbbef9569988265dcb99f73e0\products\default\build\default\intermediates\res\default\ResourceTable.txt cache by regenerate.
[2025-10-21T21:12:23.891] [DEBUG] debug-file - Update task default:default@BuildJS input file:G:\HarmonyOsProjects\news_app-3a12a9aaec8f982bbbef9569988265dcb99f73e0\products\default\build\default\intermediates\res\default\ark_module.json cache by regenerate.
[2025-10-21T21:12:23.891] [DEBUG] debug-file - Update task default:default@BuildJS input file:G:\HarmonyOsProjects\news_app-3a12a9aaec8f982bbbef9569988265dcb99f73e0\products\default\build\default\intermediates\res\default\resources\base\profile cache by regenerate.
[2025-10-21T21:12:23.892] [DEBUG] debug-file - Update task default:default@BuildJS output file:G:\HarmonyOsProjects\news_app-3a12a9aaec8f982bbbef9569988265dcb99f73e0\products\default\build\default\intermediates\loader_out\default\js cache.
[2025-10-21T21:12:23.892] [DEBUG] debug-file - Incremental task default:default@BuildJS post-execution cost:3 ms .
[2025-10-21T21:12:23.892] [DEBUG] debug-file - There is no need to refresh cache, since the incremental task news:default@DoNativeStrip is up-to-date.
[2025-10-21T21:12:23.892] [DEBUG] debug-file - There is no need to refresh cache, since the incremental task video:default@DoNativeStrip is up-to-date.
[2025-10-21T21:12:23.892] [DEBUG] debug-file - There is no need to refresh cache, since the incremental task quickstart:default@DoNativeStrip is up-to-date.
[2025-10-21T21:12:23.892] [DEBUG] debug-file - There is no need to refresh cache, since the incremental task follows:default@DoNativeStrip is up-to-date.
[2025-10-21T21:12:23.892] [DEBUG] debug-file - There is no need to refresh cache, since the incremental task mine:default@ProcessLibs is up-to-date.
[2025-10-21T21:12:23.892] [DEBUG] debug-file - There is no need to refresh cache, since the incremental task mine:default@DoNativeStrip is up-to-date.
[2025-10-21T21:12:23.892] [DEBUG] debug-file - There is no need to refresh cache, since the incremental task default:default@ProcessLibs is up-to-date.
[2025-10-21T21:12:23.892] [DEBUG] debug-file - There is no need to refresh cache, since the incremental task default:default@DoNativeStrip is up-to-date.
[2025-10-21T21:12:23.892] [DEBUG] debug-file - There is no need to refresh cache, since the incremental task default:default@CacheNativeLibs is up-to-date.
[2025-10-21T21:12:23.892] [DEBUG] debug-file - There is no need to refresh cache, since the incremental task default:default@GeneratePkgModuleJson is up-to-date.
[2025-10-21T21:12:23.892] [DEBUG] debug-file - Update task default:default@PackageHap input file:G:\HarmonyOsProjects\news_app-3a12a9aaec8f982bbbef9569988265dcb99f73e0\products\default\build\default\intermediates\stripped_native_libs\default cache by regenerate.
[2025-10-21T21:12:23.893] [DEBUG] debug-file - Update task default:default@PackageHap input file:G:\HarmonyOsProjects\news_app-3a12a9aaec8f982bbbef9569988265dcb99f73e0\products\default\build\default\intermediates\res\default\module.json cache by regenerate.
[2025-10-21T21:12:23.893] [DEBUG] debug-file - Update task default:default@PackageHap input file:G:\HarmonyOsProjects\news_app-3a12a9aaec8f982bbbef9569988265dcb99f73e0\products\default\build\default\intermediates\res\default\resources cache by regenerate.
[2025-10-21T21:12:23.896] [DEBUG] debug-file - Update task default:default@PackageHap input file:G:\HarmonyOsProjects\news_app-3a12a9aaec8f982bbbef9569988265dcb99f73e0\products\default\build\default\intermediates\res\default\resources.index cache by regenerate.
[2025-10-21T21:12:23.897] [DEBUG] debug-file - Update task default:default@PackageHap input file:G:\HarmonyOsProjects\news_app-3a12a9aaec8f982bbbef9569988265dcb99f73e0\products\default\build\default\outputs\default\pack.info cache by regenerate.
[2025-10-21T21:12:23.897] [DEBUG] debug-file - Update task default:default@PackageHap input file:G:\HarmonyOsProjects\news_app-3a12a9aaec8f982bbbef9569988265dcb99f73e0\products\default\build\default\intermediates\loader_out\default\ets cache from map.
[2025-10-21T21:12:23.897] [DEBUG] debug-file - Update task default:default@PackageHap input file:G:\HarmonyOsProjects\news_app-3a12a9aaec8f982bbbef9569988265dcb99f73e0\products\default\build\default\intermediates\loader_out\default\ets\sourceMaps.map cache by regenerate.
[2025-10-21T21:12:23.897] [DEBUG] debug-file - Update task default:default@PackageHap input file:G:\HarmonyOsProjects\news_app-3a12a9aaec8f982bbbef9569988265dcb99f73e0\products\default\build\default\generated\profile\default\BuildProfile.ets cache by regenerate.
[2025-10-21T21:12:23.897] [DEBUG] debug-file - Update task default:default@PackageHap output file:G:\HarmonyOsProjects\news_app-3a12a9aaec8f982bbbef9569988265dcb99f73e0\products\default\build\default\outputs\default\default-default-unsigned.hap cache.
[2025-10-21T21:12:23.898] [DEBUG] debug-file - Update task default:default@PackageHap output file:G:\HarmonyOsProjects\news_app-3a12a9aaec8f982bbbef9569988265dcb99f73e0\products\default\build\default\intermediates\source_map\default\sourceMaps.map cache.
[2025-10-21T21:12:23.898] [DEBUG] debug-file - Update task default:default@PackageHap output file:G:\HarmonyOsProjects\news_app-3a12a9aaec8f982bbbef9569988265dcb99f73e0\products\default\build\default\outputs\default\mapping\sourceMaps.map cache.
[2025-10-21T21:12:23.898] [DEBUG] debug-file - Incremental task default:default@PackageHap post-execution cost:6 ms .
[2025-10-21T21:12:23.898] [DEBUG] debug-file - Update task default:default@SignHap input file:G:\HarmonyOsProjects\news_app-3a12a9aaec8f982bbbef9569988265dcb99f73e0\products\default\build\default\outputs\default\default-default-unsigned.hap cache from map.
[2025-10-21T21:12:23.898] [DEBUG] debug-file - Update task default:default@SignHap output file:G:\HarmonyOsProjects\news_app-3a12a9aaec8f982bbbef9569988265dcb99f73e0\products\default\build\default\outputs\default\default-default-signed.hap cache.
[2025-10-21T21:12:23.898] [DEBUG] debug-file - Incremental task default:default@SignHap post-execution cost:1 ms .
[2025-10-21T21:12:23.899] [DEBUG] debug-file - Update task default:default@CollectDebugSymbol input file:G:\HarmonyOsProjects\news_app-3a12a9aaec8f982bbbef9569988265dcb99f73e0\products\default\build\default\intermediates\loader_out\default\ets\sourceMaps.map cache by regenerate.
[2025-10-21T21:12:23.899] [DEBUG] debug-file - Update task default:default@CollectDebugSymbol input file:G:\HarmonyOsProjects\news_app-3a12a9aaec8f982bbbef9569988265dcb99f73e0\products\default\build\default\intermediates\libs\default cache by regenerate.
[2025-10-21T21:12:23.899] [DEBUG] debug-file - Update task default:default@CollectDebugSymbol output file:G:\HarmonyOsProjects\news_app-3a12a9aaec8f982bbbef9569988265dcb99f73e0\products\default\build\default\outputs\default\symbol cache.
[2025-10-21T21:12:23.900] [DEBUG] debug-file - Incremental task default:default@CollectDebugSymbol post-execution cost:2 ms .
[2025-10-21T21:12:23.939] [DEBUG] debug-file - Cleanup worker 14.
[2025-10-21T21:12:23.939] [DEBUG] debug-file - Worker 14 has been cleaned up.
[2025-10-21T21:12:23.939] [DEBUG] debug-file - Current idle worker size: 1.
[2025-10-21T21:12:23.939] [DEBUG] debug-file - Current resident worker size: 2.
[2025-10-21T21:12:23.940] [DEBUG] debug-file - hvigor build process will be closed.
[2025-10-21T21:12:23.940] [DEBUG] debug-file - java daemon socket close code:1000 reason:close by user
[2025-10-21T21:12:23.946] [DEBUG] debug-file - session manager: send message to worker process.
[2025-10-21T21:12:23.946] [DEBUG] debug-file - session manager: send message to worker process.
[2025-10-21T21:12:23.946] [DEBUG] debug-file - watch worker: worker id should be larger than 0. Nothing will be sent to any worker thread.
[2025-10-21T21:12:23.946] [DEBUG] debug-file - watch worker: worker id should be larger than 0. Nothing will be sent to any worker thread.
[2025-10-21T21:12:23.951] [DEBUG] debug-file - worker[14] exits with exit code 1.
[2025-10-21T22:09:12.494] [DEBUG] debug-file - session manager: set active socket. socketId=1lew3ikofgKPrBOHAAAT
[2025-10-21T22:09:12.515] [DEBUG] debug-file - watch worker: worker id should be larger than 0. Nothing will be sent to any worker thread.
[2025-10-21T22:09:12.556] [DEBUG] debug-file - Hvigor init with startParameters:{
  hvigorfileTypeCheck: false,
  parallelExecution: true,
  incrementalExecution: true,
  printStackTrace: false,
  daemon: true,
  analyze: 0,
  logLevel: Level { level: 20000, levelStr: 'INFO', colour: 'green' }
}
[2025-10-21T22:09:12.635] [DEBUG] debug-file - Cache service initialization finished in 79 ms 
[2025-10-21T22:09:12.649] [DEBUG] debug-file - hvigorfile, resolving G:\HarmonyOsProjects\news_app-3a12a9aaec8f982bbbef9569988265dcb99f73e0\hvigorfile.ts
[2025-10-21T22:09:12.668] [DEBUG] debug-file - hvigorfile, require result:  { default: { plugins: [] } }
[2025-10-21T22:09:12.668] [DEBUG] debug-file - hvigorfile, binding system plugins null
[2025-10-21T22:09:12.726] [DEBUG] debug-file - Start initialize project's product build option map with build mode debug.
[2025-10-21T22:09:12.726] [DEBUG] debug-file - Picking option from product 'default' with build mode 'debug'.
[2025-10-21T22:09:12.726] [DEBUG] debug-file - Product 'default' build option: {}
[2025-10-21T22:09:12.726] [DEBUG] debug-file - End initialize project's product build option map with build mode 'debug'.
[2025-10-21T22:09:12.727] [DEBUG] debug-file - Product 'default' using build option: {
  "debuggable": true
} in this build.
[2025-10-21T22:09:12.747] [DEBUG] debug-file - not found resModel json file in : G:\HarmonyOsProjects\news_app-3a12a9aaec8f982bbbef9569988265dcb99f73e0\products\default\src\ohosTest\module.json5
[2025-10-21T22:09:12.764] [DEBUG] debug-file - not found resModel json file in : G:\HarmonyOsProjects\news_app-3a12a9aaec8f982bbbef9569988265dcb99f73e0\features\news\src\ohosTest\module.json5
[2025-10-21T22:09:12.782] [DEBUG] debug-file - not found resModel json file in : G:\HarmonyOsProjects\news_app-3a12a9aaec8f982bbbef9569988265dcb99f73e0\features\video\src\ohosTest\module.json5
[2025-10-21T22:09:12.800] [DEBUG] debug-file - not found resModel json file in : G:\HarmonyOsProjects\news_app-3a12a9aaec8f982bbbef9569988265dcb99f73e0\features\quickstart\src\ohosTest\module.json5
[2025-10-21T22:09:12.971] [DEBUG] debug-file - No signingConfig found, initRemoteHspCache failed.
[2025-10-21T22:09:13.005] [DEBUG] debug-file - Start recording SDK configuration permission data.
[2025-10-21T22:09:13.063] [DEBUG] debug-file - Sdk init in 71 ms 
[2025-10-21T22:09:13.076] [DEBUG] debug-file - Project task initialization takes 12 ms 
[2025-10-21T22:09:13.076] [DEBUG] debug-file - hvigorfile, binding custom plugins []
[2025-10-21T22:09:13.076] [DEBUG] debug-file - hvigorfile, no custom plugins were found in G:\HarmonyOsProjects\news_app-3a12a9aaec8f982bbbef9569988265dcb99f73e0\hvigorfile.ts
[2025-10-21T22:09:13.076] [DEBUG] debug-file - hvigorfile, resolve finished G:\HarmonyOsProjects\news_app-3a12a9aaec8f982bbbef9569988265dcb99f73e0\hvigorfile.ts
[2025-10-21T22:09:13.080] [DEBUG] debug-file - hvigorfile, resolving G:\HarmonyOsProjects\news_app-3a12a9aaec8f982bbbef9569988265dcb99f73e0\products\default\hvigorfile.ts
[2025-10-21T22:09:13.099] [DEBUG] debug-file - hvigorfile, require result:  { default: { plugins: [] } }
[2025-10-21T22:09:13.099] [DEBUG] debug-file - hvigorfile, binding system plugins null
[2025-10-21T22:09:13.104] [DEBUG] debug-file - Start initialize module-target build option map, moduleName=default, buildMode=debug
[2025-10-21T22:09:13.104] [DEBUG] debug-file - Target 'default' config: {}
[2025-10-21T22:09:13.104] [DEBUG] debug-file - Target 'ohosTest' config: {}
[2025-10-21T22:09:13.104] [DEBUG] debug-file - Module 'default' target 'default' build option: {
  "debuggable": true,
  "copyFrom": "default",
  "name": "debug"
}
[2025-10-21T22:09:13.104] [DEBUG] debug-file - Module 'default' target 'ohosTest' build option: {
  "debuggable": true,
  "name": "default"
}
[2025-10-21T22:09:13.104] [DEBUG] debug-file - End initialize module-target build option map, moduleName=default
[2025-10-21T22:09:13.104] [DEBUG] debug-file - Start initialize module-target build option map, moduleName=default, buildMode=release
[2025-10-21T22:09:13.104] [DEBUG] debug-file - Target 'default' config: {}
[2025-10-21T22:09:13.106] [DEBUG] debug-file - Target 'ohosTest' config: {}
[2025-10-21T22:09:13.106] [DEBUG] debug-file - Module 'default' target 'default' build option: {
  "debuggable": false,
  "copyFrom": "default",
  "name": "release",
  "arkOptions": {
    "obfuscation": {
      "ruleOptions": {
        "enable": true,
        "files": [
          "./obfuscation-rules.txt"
        ]
      }
    }
  }
}
[2025-10-21T22:09:13.107] [DEBUG] debug-file - Module 'default' target 'ohosTest' build option: {
  "debuggable": true,
  "name": "default"
}
[2025-10-21T22:09:13.107] [DEBUG] debug-file - End initialize module-target build option map, moduleName=default
[2025-10-21T22:09:13.107] [DEBUG] debug-file - Start initialize module-target build option map, moduleName=default, buildMode=debug
[2025-10-21T22:09:13.107] [DEBUG] debug-file - Target 'default' config: {}
[2025-10-21T22:09:13.107] [DEBUG] debug-file - Target 'ohosTest' config: {}
[2025-10-21T22:09:13.107] [DEBUG] debug-file - Module 'default' target 'default' build option: {
  "debuggable": true,
  "copyFrom": "default",
  "name": "debug"
}
[2025-10-21T22:09:13.107] [DEBUG] debug-file - Module 'default' target 'ohosTest' build option: {
  "debuggable": true,
  "name": "default"
}
[2025-10-21T22:09:13.107] [DEBUG] debug-file - End initialize module-target build option map, moduleName=default
[2025-10-21T22:09:13.107] [DEBUG] debug-file - Module 'default' target 'default' using build option: {
  "debuggable": true,
  "copyFrom": "default",
  "name": "debug"
} in this build.
[2025-10-21T22:09:13.110] [DEBUG] debug-file - Module default task initialization takes 1 ms 
[2025-10-21T22:09:13.110] [DEBUG] debug-file - hvigorfile, binding custom plugins []
[2025-10-21T22:09:13.110] [DEBUG] debug-file - hvigorfile, no custom plugins were found in G:\HarmonyOsProjects\news_app-3a12a9aaec8f982bbbef9569988265dcb99f73e0\products\default\hvigorfile.ts
[2025-10-21T22:09:13.110] [DEBUG] debug-file - hvigorfile, resolve finished G:\HarmonyOsProjects\news_app-3a12a9aaec8f982bbbef9569988265dcb99f73e0\products\default\hvigorfile.ts
[2025-10-21T22:09:13.114] [DEBUG] debug-file - hvigorfile, resolving G:\HarmonyOsProjects\news_app-3a12a9aaec8f982bbbef9569988265dcb99f73e0\features\news\hvigorfile.ts
[2025-10-21T22:09:13.133] [DEBUG] debug-file - hvigorfile, require result:  { default: { plugins: [] } }
[2025-10-21T22:09:13.133] [DEBUG] debug-file - hvigorfile, binding system plugins null
[2025-10-21T22:09:13.136] [DEBUG] debug-file - Start initialize module-target build option map, moduleName=news, buildMode=debug
[2025-10-21T22:09:13.136] [DEBUG] debug-file - Target 'default' config: {}
[2025-10-21T22:09:13.136] [DEBUG] debug-file - Target 'ohosTest' config: {}
[2025-10-21T22:09:13.136] [DEBUG] debug-file - Module 'news' target 'default' build option: {
  "debuggable": true,
  "copyFrom": "default",
  "name": "debug"
}
[2025-10-21T22:09:13.136] [DEBUG] debug-file - Module 'news' target 'ohosTest' build option: {
  "debuggable": true,
  "name": "default"
}
[2025-10-21T22:09:13.136] [DEBUG] debug-file - End initialize module-target build option map, moduleName=news
[2025-10-21T22:09:13.136] [DEBUG] debug-file - Start initialize module-target build option map, moduleName=news, buildMode=release
[2025-10-21T22:09:13.136] [DEBUG] debug-file - Target 'default' config: {}
[2025-10-21T22:09:13.137] [DEBUG] debug-file - Target 'ohosTest' config: {}
[2025-10-21T22:09:13.138] [DEBUG] debug-file - Module 'news' target 'default' build option: {
  "debuggable": false,
  "copyFrom": "default",
  "name": "release",
  "arkOptions": {
    "obfuscation": {
      "ruleOptions": {
        "enable": true,
        "files": [
          "./obfuscation-rules.txt"
        ]
      },
      "consumerFiles": [
        "./consumer-rules.txt"
      ]
    }
  }
}
[2025-10-21T22:09:13.138] [DEBUG] debug-file - Module 'news' target 'ohosTest' build option: {
  "debuggable": true,
  "name": "default"
}
[2025-10-21T22:09:13.138] [DEBUG] debug-file - End initialize module-target build option map, moduleName=news
[2025-10-21T22:09:13.138] [DEBUG] debug-file - Start initialize module-target build option map, moduleName=news, buildMode=debug
[2025-10-21T22:09:13.139] [DEBUG] debug-file - Target 'default' config: {}
[2025-10-21T22:09:13.139] [DEBUG] debug-file - Target 'ohosTest' config: {}
[2025-10-21T22:09:13.139] [DEBUG] debug-file - Module 'news' target 'default' build option: {
  "debuggable": true,
  "copyFrom": "default",
  "name": "debug"
}
[2025-10-21T22:09:13.140] [DEBUG] debug-file - Module 'news' target 'ohosTest' build option: {
  "debuggable": true,
  "name": "default"
}
[2025-10-21T22:09:13.140] [DEBUG] debug-file - End initialize module-target build option map, moduleName=news
[2025-10-21T22:09:13.140] [DEBUG] debug-file - Module 'news' target 'default' using build option: {
  "debuggable": true,
  "copyFrom": "default",
  "name": "debug"
} in this build.
[2025-10-21T22:09:13.142] [DEBUG] debug-file - Module news task initialization takes 1 ms 
[2025-10-21T22:09:13.142] [DEBUG] debug-file - hvigorfile, binding custom plugins []
[2025-10-21T22:09:13.142] [DEBUG] debug-file - hvigorfile, no custom plugins were found in G:\HarmonyOsProjects\news_app-3a12a9aaec8f982bbbef9569988265dcb99f73e0\features\news\hvigorfile.ts
[2025-10-21T22:09:13.142] [DEBUG] debug-file - hvigorfile, resolve finished G:\HarmonyOsProjects\news_app-3a12a9aaec8f982bbbef9569988265dcb99f73e0\features\news\hvigorfile.ts
[2025-10-21T22:09:13.148] [DEBUG] debug-file - hvigorfile, resolving G:\HarmonyOsProjects\news_app-3a12a9aaec8f982bbbef9569988265dcb99f73e0\features\video\hvigorfile.ts
[2025-10-21T22:09:13.153] [DEBUG] debug-file - hvigorfile, require result:  { default: { plugins: [] } }
[2025-10-21T22:09:13.153] [DEBUG] debug-file - hvigorfile, binding system plugins null
[2025-10-21T22:09:13.157] [DEBUG] debug-file - Start initialize module-target build option map, moduleName=video, buildMode=debug
[2025-10-21T22:09:13.157] [DEBUG] debug-file - Target 'default' config: {}
[2025-10-21T22:09:13.157] [DEBUG] debug-file - Target 'ohosTest' config: {}
[2025-10-21T22:09:13.157] [DEBUG] debug-file - Module 'video' target 'default' build option: {
  "debuggable": true,
  "copyFrom": "default",
  "name": "debug"
}
[2025-10-21T22:09:13.157] [DEBUG] debug-file - Module 'video' target 'ohosTest' build option: {
  "debuggable": true,
  "name": "default"
}
[2025-10-21T22:09:13.157] [DEBUG] debug-file - End initialize module-target build option map, moduleName=video
[2025-10-21T22:09:13.157] [DEBUG] debug-file - Start initialize module-target build option map, moduleName=video, buildMode=release
[2025-10-21T22:09:13.157] [DEBUG] debug-file - Target 'default' config: {}
[2025-10-21T22:09:13.157] [DEBUG] debug-file - Target 'ohosTest' config: {}
[2025-10-21T22:09:13.157] [DEBUG] debug-file - Module 'video' target 'default' build option: {
  "debuggable": false,
  "copyFrom": "default",
  "name": "release",
  "arkOptions": {
    "obfuscation": {
      "ruleOptions": {
        "enable": true,
        "files": [
          "./obfuscation-rules.txt"
        ]
      },
      "consumerFiles": [
        "./consumer-rules.txt"
      ]
    }
  }
}
[2025-10-21T22:09:13.157] [DEBUG] debug-file - Module 'video' target 'ohosTest' build option: {
  "debuggable": true,
  "name": "default"
}
[2025-10-21T22:09:13.157] [DEBUG] debug-file - End initialize module-target build option map, moduleName=video
[2025-10-21T22:09:13.157] [DEBUG] debug-file - Start initialize module-target build option map, moduleName=video, buildMode=debug
[2025-10-21T22:09:13.157] [DEBUG] debug-file - Target 'default' config: {}
[2025-10-21T22:09:13.158] [DEBUG] debug-file - Target 'ohosTest' config: {}
[2025-10-21T22:09:13.158] [DEBUG] debug-file - Module 'video' target 'default' build option: {
  "debuggable": true,
  "copyFrom": "default",
  "name": "debug"
}
[2025-10-21T22:09:13.158] [DEBUG] debug-file - Module 'video' target 'ohosTest' build option: {
  "debuggable": true,
  "name": "default"
}
[2025-10-21T22:09:13.158] [DEBUG] debug-file - End initialize module-target build option map, moduleName=video
[2025-10-21T22:09:13.158] [DEBUG] debug-file - Module 'video' target 'default' using build option: {
  "debuggable": true,
  "copyFrom": "default",
  "name": "debug"
} in this build.
[2025-10-21T22:09:13.159] [DEBUG] debug-file - Module video task initialization takes 1 ms 
[2025-10-21T22:09:13.159] [DEBUG] debug-file - hvigorfile, binding custom plugins []
[2025-10-21T22:09:13.159] [DEBUG] debug-file - hvigorfile, no custom plugins were found in G:\HarmonyOsProjects\news_app-3a12a9aaec8f982bbbef9569988265dcb99f73e0\features\video\hvigorfile.ts
[2025-10-21T22:09:13.159] [DEBUG] debug-file - hvigorfile, resolve finished G:\HarmonyOsProjects\news_app-3a12a9aaec8f982bbbef9569988265dcb99f73e0\features\video\hvigorfile.ts
[2025-10-21T22:09:13.166] [DEBUG] debug-file - hvigorfile, resolving G:\HarmonyOsProjects\news_app-3a12a9aaec8f982bbbef9569988265dcb99f73e0\features\quickstart\hvigorfile.ts
[2025-10-21T22:09:13.170] [DEBUG] debug-file - hvigorfile, require result:  { default: { plugins: [] } }
[2025-10-21T22:09:13.170] [DEBUG] debug-file - hvigorfile, binding system plugins null
[2025-10-21T22:09:13.173] [DEBUG] debug-file - Start initialize module-target build option map, moduleName=quickstart, buildMode=debug
[2025-10-21T22:09:13.173] [DEBUG] debug-file - Target 'default' config: {}
[2025-10-21T22:09:13.173] [DEBUG] debug-file - Target 'ohosTest' config: {}
[2025-10-21T22:09:13.173] [DEBUG] debug-file - Module 'quickstart' target 'default' build option: {
  "debuggable": true,
  "copyFrom": "default",
  "name": "debug"
}
[2025-10-21T22:09:13.173] [DEBUG] debug-file - Module 'quickstart' target 'ohosTest' build option: {
  "debuggable": true,
  "name": "default"
}
[2025-10-21T22:09:13.173] [DEBUG] debug-file - End initialize module-target build option map, moduleName=quickstart
[2025-10-21T22:09:13.173] [DEBUG] debug-file - Start initialize module-target build option map, moduleName=quickstart, buildMode=release
[2025-10-21T22:09:13.173] [DEBUG] debug-file - Target 'default' config: {}
[2025-10-21T22:09:13.173] [DEBUG] debug-file - Target 'ohosTest' config: {}
[2025-10-21T22:09:13.173] [DEBUG] debug-file - Module 'quickstart' target 'default' build option: {
  "debuggable": false,
  "copyFrom": "default",
  "name": "release",
  "arkOptions": {
    "obfuscation": {
      "ruleOptions": {
        "enable": true,
        "files": [
          "./obfuscation-rules.txt"
        ]
      },
      "consumerFiles": [
        "./consumer-rules.txt"
      ]
    }
  }
}
[2025-10-21T22:09:13.173] [DEBUG] debug-file - Module 'quickstart' target 'ohosTest' build option: {
  "debuggable": true,
  "name": "default"
}
[2025-10-21T22:09:13.173] [DEBUG] debug-file - End initialize module-target build option map, moduleName=quickstart
[2025-10-21T22:09:13.174] [DEBUG] debug-file - Start initialize module-target build option map, moduleName=quickstart, buildMode=debug
[2025-10-21T22:09:13.174] [DEBUG] debug-file - Target 'default' config: {}
[2025-10-21T22:09:13.174] [DEBUG] debug-file - Target 'ohosTest' config: {}
[2025-10-21T22:09:13.174] [DEBUG] debug-file - Module 'quickstart' target 'default' build option: {
  "debuggable": true,
  "copyFrom": "default",
  "name": "debug"
}
[2025-10-21T22:09:13.174] [DEBUG] debug-file - Module 'quickstart' target 'ohosTest' build option: {
  "debuggable": true,
  "name": "default"
}
[2025-10-21T22:09:13.174] [DEBUG] debug-file - End initialize module-target build option map, moduleName=quickstart
[2025-10-21T22:09:13.174] [DEBUG] debug-file - Module 'quickstart' target 'default' using build option: {
  "debuggable": true,
  "copyFrom": "default",
  "name": "debug"
} in this build.
[2025-10-21T22:09:13.176] [DEBUG] debug-file - Module quickstart task initialization takes 1 ms 
[2025-10-21T22:09:13.177] [DEBUG] debug-file - hvigorfile, binding custom plugins []
[2025-10-21T22:09:13.177] [DEBUG] debug-file - hvigorfile, no custom plugins were found in G:\HarmonyOsProjects\news_app-3a12a9aaec8f982bbbef9569988265dcb99f73e0\features\quickstart\hvigorfile.ts
[2025-10-21T22:09:13.177] [DEBUG] debug-file - hvigorfile, resolve finished G:\HarmonyOsProjects\news_app-3a12a9aaec8f982bbbef9569988265dcb99f73e0\features\quickstart\hvigorfile.ts
[2025-10-21T22:09:13.180] [DEBUG] debug-file - hvigorfile, resolving G:\HarmonyOsProjects\news_app-3a12a9aaec8f982bbbef9569988265dcb99f73e0\commons\utils\hvigorfile.ts
[2025-10-21T22:09:13.182] [DEBUG] debug-file - hvigorfile, require result:  { default: { plugins: [] } }
[2025-10-21T22:09:13.182] [DEBUG] debug-file - hvigorfile, binding system plugins null
[2025-10-21T22:09:13.185] [DEBUG] debug-file - Start initialize module-target build option map, moduleName=utils, buildMode=debug
[2025-10-21T22:09:13.185] [DEBUG] debug-file - Target 'default' config: {}
[2025-10-21T22:09:13.186] [DEBUG] debug-file - Target 'ohosTest' config: {}
[2025-10-21T22:09:13.186] [DEBUG] debug-file - Module 'utils' target 'default' build option: {
  "debuggable": true,
  "copyFrom": "default",
  "name": "debug"
}
[2025-10-21T22:09:13.186] [DEBUG] debug-file - Module 'utils' target 'ohosTest' build option: {
  "debuggable": true,
  "name": "default"
}
[2025-10-21T22:09:13.186] [DEBUG] debug-file - End initialize module-target build option map, moduleName=utils
[2025-10-21T22:09:13.186] [DEBUG] debug-file - Start initialize module-target build option map, moduleName=utils, buildMode=release
[2025-10-21T22:09:13.186] [DEBUG] debug-file - Target 'default' config: {}
[2025-10-21T22:09:13.186] [DEBUG] debug-file - Target 'ohosTest' config: {}
[2025-10-21T22:09:13.186] [DEBUG] debug-file - Module 'utils' target 'default' build option: {
  "debuggable": false,
  "copyFrom": "default",
  "name": "release",
  "arkOptions": {
    "obfuscation": {
      "ruleOptions": {
        "enable": false,
        "files": [
          "./obfuscation-rules.txt"
        ]
      },
      "consumerFiles": [
        "./consumer-rules.txt"
      ]
    }
  }
}
[2025-10-21T22:09:13.186] [DEBUG] debug-file - Module 'utils' target 'ohosTest' build option: {
  "debuggable": true,
  "name": "default"
}
[2025-10-21T22:09:13.186] [DEBUG] debug-file - End initialize module-target build option map, moduleName=utils
[2025-10-21T22:09:13.186] [DEBUG] debug-file - Start initialize module-target build option map, moduleName=utils, buildMode=debug
[2025-10-21T22:09:13.187] [DEBUG] debug-file - Target 'default' config: {}
[2025-10-21T22:09:13.187] [DEBUG] debug-file - Target 'ohosTest' config: {}
[2025-10-21T22:09:13.187] [DEBUG] debug-file - Module 'utils' target 'default' build option: {
  "debuggable": true,
  "copyFrom": "default",
  "name": "debug"
}
[2025-10-21T22:09:13.187] [DEBUG] debug-file - Module 'utils' target 'ohosTest' build option: {
  "debuggable": true,
  "name": "default"
}
[2025-10-21T22:09:13.187] [DEBUG] debug-file - End initialize module-target build option map, moduleName=utils
[2025-10-21T22:09:13.187] [DEBUG] debug-file - Module 'utils' target 'default' using build option: {
  "debuggable": true,
  "copyFrom": "default",
  "name": "debug"
} in this build.
[2025-10-21T22:09:13.189] [DEBUG] debug-file - Module utils task initialization takes 1 ms 
[2025-10-21T22:09:13.189] [DEBUG] debug-file - hvigorfile, binding custom plugins []
[2025-10-21T22:09:13.189] [DEBUG] debug-file - hvigorfile, no custom plugins were found in G:\HarmonyOsProjects\news_app-3a12a9aaec8f982bbbef9569988265dcb99f73e0\commons\utils\hvigorfile.ts
[2025-10-21T22:09:13.189] [DEBUG] debug-file - hvigorfile, resolve finished G:\HarmonyOsProjects\news_app-3a12a9aaec8f982bbbef9569988265dcb99f73e0\commons\utils\hvigorfile.ts
[2025-10-21T22:09:13.192] [DEBUG] debug-file - hvigorfile, resolving G:\HarmonyOsProjects\news_app-3a12a9aaec8f982bbbef9569988265dcb99f73e0\commons\uicomponents\hvigorfile.ts
[2025-10-21T22:09:13.195] [DEBUG] debug-file - hvigorfile, require result:  { default: { plugins: [] } }
[2025-10-21T22:09:13.195] [DEBUG] debug-file - hvigorfile, binding system plugins null
[2025-10-21T22:09:13.198] [DEBUG] debug-file - Start initialize module-target build option map, moduleName=uicomponents, buildMode=debug
[2025-10-21T22:09:13.198] [DEBUG] debug-file - Target 'default' config: {}
[2025-10-21T22:09:13.198] [DEBUG] debug-file - Target 'ohosTest' config: {}
[2025-10-21T22:09:13.198] [DEBUG] debug-file - Module 'uicomponents' target 'default' build option: {
  "debuggable": true,
  "copyFrom": "default",
  "name": "debug"
}
[2025-10-21T22:09:13.198] [DEBUG] debug-file - Module 'uicomponents' target 'ohosTest' build option: {
  "debuggable": true,
  "name": "default"
}
[2025-10-21T22:09:13.198] [DEBUG] debug-file - End initialize module-target build option map, moduleName=uicomponents
[2025-10-21T22:09:13.198] [DEBUG] debug-file - Start initialize module-target build option map, moduleName=uicomponents, buildMode=release
[2025-10-21T22:09:13.198] [DEBUG] debug-file - Target 'default' config: {}
[2025-10-21T22:09:13.198] [DEBUG] debug-file - Target 'ohosTest' config: {}
[2025-10-21T22:09:13.198] [DEBUG] debug-file - Module 'uicomponents' target 'default' build option: {
  "debuggable": false,
  "copyFrom": "default",
  "name": "release",
  "arkOptions": {
    "obfuscation": {
      "ruleOptions": {
        "enable": false,
        "files": [
          "./obfuscation-rules.txt"
        ]
      },
      "consumerFiles": [
        "./consumer-rules.txt"
      ]
    }
  }
}
[2025-10-21T22:09:13.198] [DEBUG] debug-file - Module 'uicomponents' target 'ohosTest' build option: {
  "debuggable": true,
  "name": "default"
}
[2025-10-21T22:09:13.198] [DEBUG] debug-file - End initialize module-target build option map, moduleName=uicomponents
[2025-10-21T22:09:13.199] [DEBUG] debug-file - Start initialize module-target build option map, moduleName=uicomponents, buildMode=debug
[2025-10-21T22:09:13.199] [DEBUG] debug-file - Target 'default' config: {}
[2025-10-21T22:09:13.199] [DEBUG] debug-file - Target 'ohosTest' config: {}
[2025-10-21T22:09:13.199] [DEBUG] debug-file - Module 'uicomponents' target 'default' build option: {
  "debuggable": true,
  "copyFrom": "default",
  "name": "debug"
}
[2025-10-21T22:09:13.199] [DEBUG] debug-file - Module 'uicomponents' target 'ohosTest' build option: {
  "debuggable": true,
  "name": "default"
}
[2025-10-21T22:09:13.199] [DEBUG] debug-file - End initialize module-target build option map, moduleName=uicomponents
[2025-10-21T22:09:13.199] [DEBUG] debug-file - Module 'uicomponents' target 'default' using build option: {
  "debuggable": true,
  "copyFrom": "default",
  "name": "debug"
} in this build.
[2025-10-21T22:09:13.200] [DEBUG] debug-file - Module uicomponents task initialization takes 1 ms 
[2025-10-21T22:09:13.200] [DEBUG] debug-file - hvigorfile, binding custom plugins []
[2025-10-21T22:09:13.200] [DEBUG] debug-file - hvigorfile, no custom plugins were found in G:\HarmonyOsProjects\news_app-3a12a9aaec8f982bbbef9569988265dcb99f73e0\commons\uicomponents\hvigorfile.ts
[2025-10-21T22:09:13.200] [DEBUG] debug-file - hvigorfile, resolve finished G:\HarmonyOsProjects\news_app-3a12a9aaec8f982bbbef9569988265dcb99f73e0\commons\uicomponents\hvigorfile.ts
[2025-10-21T22:09:13.204] [DEBUG] debug-file - hvigorfile, resolving G:\HarmonyOsProjects\news_app-3a12a9aaec8f982bbbef9569988265dcb99f73e0\features\mine\hvigorfile.ts
[2025-10-21T22:09:13.207] [DEBUG] debug-file - hvigorfile, require result:  { default: { plugins: [] } }
[2025-10-21T22:09:13.207] [DEBUG] debug-file - hvigorfile, binding system plugins null
[2025-10-21T22:09:13.210] [DEBUG] debug-file - Start initialize module-target build option map, moduleName=mine, buildMode=debug
[2025-10-21T22:09:13.211] [DEBUG] debug-file - Target 'default' config: {}
[2025-10-21T22:09:13.211] [DEBUG] debug-file - Target 'ohosTest' config: {}
[2025-10-21T22:09:13.211] [DEBUG] debug-file - Module 'mine' target 'default' build option: {
  "debuggable": true,
  "copyFrom": "default",
  "name": "debug"
}
[2025-10-21T22:09:13.211] [DEBUG] debug-file - Module 'mine' target 'ohosTest' build option: {
  "debuggable": true,
  "name": "default"
}
[2025-10-21T22:09:13.211] [DEBUG] debug-file - End initialize module-target build option map, moduleName=mine
[2025-10-21T22:09:13.211] [DEBUG] debug-file - Start initialize module-target build option map, moduleName=mine, buildMode=release
[2025-10-21T22:09:13.211] [DEBUG] debug-file - Target 'default' config: {}
[2025-10-21T22:09:13.211] [DEBUG] debug-file - Target 'ohosTest' config: {}
[2025-10-21T22:09:13.211] [DEBUG] debug-file - Module 'mine' target 'default' build option: {
  "debuggable": false,
  "copyFrom": "default",
  "name": "release",
  "arkOptions": {
    "obfuscation": {
      "ruleOptions": {
        "enable": false,
        "files": [
          "./obfuscation-rules.txt"
        ]
      },
      "consumerFiles": [
        "./consumer-rules.txt"
      ]
    }
  }
}
[2025-10-21T22:09:13.211] [DEBUG] debug-file - Module 'mine' target 'ohosTest' build option: {
  "debuggable": true,
  "name": "default"
}
[2025-10-21T22:09:13.211] [DEBUG] debug-file - End initialize module-target build option map, moduleName=mine
[2025-10-21T22:09:13.211] [DEBUG] debug-file - Start initialize module-target build option map, moduleName=mine, buildMode=debug
[2025-10-21T22:09:13.211] [DEBUG] debug-file - Target 'default' config: {}
[2025-10-21T22:09:13.211] [DEBUG] debug-file - Target 'ohosTest' config: {}
[2025-10-21T22:09:13.211] [DEBUG] debug-file - Module 'mine' target 'default' build option: {
  "debuggable": true,
  "copyFrom": "default",
  "name": "debug"
}
[2025-10-21T22:09:13.212] [DEBUG] debug-file - Module 'mine' target 'ohosTest' build option: {
  "debuggable": true,
  "name": "default"
}
[2025-10-21T22:09:13.212] [DEBUG] debug-file - End initialize module-target build option map, moduleName=mine
[2025-10-21T22:09:13.212] [DEBUG] debug-file - Module 'mine' target 'default' using build option: {
  "debuggable": true,
  "copyFrom": "default",
  "name": "debug"
} in this build.
[2025-10-21T22:09:13.213] [DEBUG] debug-file - Module mine task initialization takes 1 ms 
[2025-10-21T22:09:13.213] [DEBUG] debug-file - hvigorfile, binding custom plugins []
[2025-10-21T22:09:13.213] [DEBUG] debug-file - hvigorfile, no custom plugins were found in G:\HarmonyOsProjects\news_app-3a12a9aaec8f982bbbef9569988265dcb99f73e0\features\mine\hvigorfile.ts
[2025-10-21T22:09:13.213] [DEBUG] debug-file - hvigorfile, resolve finished G:\HarmonyOsProjects\news_app-3a12a9aaec8f982bbbef9569988265dcb99f73e0\features\mine\hvigorfile.ts
[2025-10-21T22:09:13.216] [DEBUG] debug-file - hvigorfile, resolving G:\HarmonyOsProjects\news_app-3a12a9aaec8f982bbbef9569988265dcb99f73e0\features\login\hvigorfile.ts
[2025-10-21T22:09:13.219] [DEBUG] debug-file - hvigorfile, require result:  { default: { plugins: [] } }
[2025-10-21T22:09:13.219] [DEBUG] debug-file - hvigorfile, binding system plugins null
[2025-10-21T22:09:13.224] [DEBUG] debug-file - Start initialize module-target build option map, moduleName=login, buildMode=debug
[2025-10-21T22:09:13.224] [DEBUG] debug-file - Target 'default' config: {}
[2025-10-21T22:09:13.224] [DEBUG] debug-file - Target 'ohosTest' config: {}
[2025-10-21T22:09:13.224] [DEBUG] debug-file - Module 'login' target 'default' build option: {
  "debuggable": true,
  "copyFrom": "default",
  "name": "debug"
}
[2025-10-21T22:09:13.224] [DEBUG] debug-file - Module 'login' target 'ohosTest' build option: {
  "debuggable": true,
  "name": "default"
}
[2025-10-21T22:09:13.224] [DEBUG] debug-file - End initialize module-target build option map, moduleName=login
[2025-10-21T22:09:13.224] [DEBUG] debug-file - Start initialize module-target build option map, moduleName=login, buildMode=release
[2025-10-21T22:09:13.224] [DEBUG] debug-file - Target 'default' config: {}
[2025-10-21T22:09:13.224] [DEBUG] debug-file - Target 'ohosTest' config: {}
[2025-10-21T22:09:13.224] [DEBUG] debug-file - Module 'login' target 'default' build option: {
  "debuggable": false,
  "copyFrom": "default",
  "name": "release",
  "arkOptions": {
    "obfuscation": {
      "ruleOptions": {
        "enable": false,
        "files": [
          "./obfuscation-rules.txt"
        ]
      },
      "consumerFiles": [
        "./consumer-rules.txt"
      ]
    }
  }
}
[2025-10-21T22:09:13.224] [DEBUG] debug-file - Module 'login' target 'ohosTest' build option: {
  "debuggable": true,
  "name": "default"
}
[2025-10-21T22:09:13.224] [DEBUG] debug-file - End initialize module-target build option map, moduleName=login
[2025-10-21T22:09:13.224] [DEBUG] debug-file - Start initialize module-target build option map, moduleName=login, buildMode=debug
[2025-10-21T22:09:13.224] [DEBUG] debug-file - Target 'default' config: {}
[2025-10-21T22:09:13.224] [DEBUG] debug-file - Target 'ohosTest' config: {}
[2025-10-21T22:09:13.225] [DEBUG] debug-file - Module 'login' target 'default' build option: {
  "debuggable": true,
  "copyFrom": "default",
  "name": "debug"
}
[2025-10-21T22:09:13.225] [DEBUG] debug-file - Module 'login' target 'ohosTest' build option: {
  "debuggable": true,
  "name": "default"
}
[2025-10-21T22:09:13.225] [DEBUG] debug-file - End initialize module-target build option map, moduleName=login
[2025-10-21T22:09:13.225] [DEBUG] debug-file - Module 'login' target 'default' using build option: {
  "debuggable": true,
  "copyFrom": "default",
  "name": "debug"
} in this build.
[2025-10-21T22:09:13.226] [DEBUG] debug-file - Module login task initialization takes 1 ms 
[2025-10-21T22:09:13.226] [DEBUG] debug-file - hvigorfile, binding custom plugins []
[2025-10-21T22:09:13.226] [DEBUG] debug-file - hvigorfile, no custom plugins were found in G:\HarmonyOsProjects\news_app-3a12a9aaec8f982bbbef9569988265dcb99f73e0\features\login\hvigorfile.ts
[2025-10-21T22:09:13.226] [DEBUG] debug-file - hvigorfile, resolve finished G:\HarmonyOsProjects\news_app-3a12a9aaec8f982bbbef9569988265dcb99f73e0\features\login\hvigorfile.ts
[2025-10-21T22:09:13.229] [DEBUG] debug-file - hvigorfile, resolving G:\HarmonyOsProjects\news_app-3a12a9aaec8f982bbbef9569988265dcb99f73e0\features\follows\hvigorfile.ts
[2025-10-21T22:09:13.232] [DEBUG] debug-file - hvigorfile, require result:  { default: { plugins: [] } }
[2025-10-21T22:09:13.232] [DEBUG] debug-file - hvigorfile, binding system plugins null
[2025-10-21T22:09:13.235] [DEBUG] debug-file - Start initialize module-target build option map, moduleName=follows, buildMode=debug
[2025-10-21T22:09:13.235] [DEBUG] debug-file - Target 'default' config: {}
[2025-10-21T22:09:13.235] [DEBUG] debug-file - Target 'ohosTest' config: {}
[2025-10-21T22:09:13.236] [DEBUG] debug-file - Module 'follows' target 'default' build option: {
  "debuggable": true,
  "copyFrom": "default",
  "name": "debug"
}
[2025-10-21T22:09:13.236] [DEBUG] debug-file - Module 'follows' target 'ohosTest' build option: {
  "debuggable": true,
  "name": "default"
}
[2025-10-21T22:09:13.236] [DEBUG] debug-file - End initialize module-target build option map, moduleName=follows
[2025-10-21T22:09:13.236] [DEBUG] debug-file - Start initialize module-target build option map, moduleName=follows, buildMode=release
[2025-10-21T22:09:13.236] [DEBUG] debug-file - Target 'default' config: {}
[2025-10-21T22:09:13.236] [DEBUG] debug-file - Target 'ohosTest' config: {}
[2025-10-21T22:09:13.236] [DEBUG] debug-file - Module 'follows' target 'default' build option: {
  "debuggable": false,
  "copyFrom": "default",
  "name": "release",
  "arkOptions": {
    "obfuscation": {
      "ruleOptions": {
        "enable": false,
        "files": [
          "./obfuscation-rules.txt"
        ]
      },
      "consumerFiles": [
        "./consumer-rules.txt"
      ]
    }
  }
}
[2025-10-21T22:09:13.236] [DEBUG] debug-file - Module 'follows' target 'ohosTest' build option: {
  "debuggable": true,
  "name": "default"
}
[2025-10-21T22:09:13.236] [DEBUG] debug-file - End initialize module-target build option map, moduleName=follows
[2025-10-21T22:09:13.236] [DEBUG] debug-file - Start initialize module-target build option map, moduleName=follows, buildMode=debug
[2025-10-21T22:09:13.236] [DEBUG] debug-file - Target 'default' config: {}
[2025-10-21T22:09:13.236] [DEBUG] debug-file - Target 'ohosTest' config: {}
[2025-10-21T22:09:13.236] [DEBUG] debug-file - Module 'follows' target 'default' build option: {
  "debuggable": true,
  "copyFrom": "default",
  "name": "debug"
}
[2025-10-21T22:09:13.236] [DEBUG] debug-file - Module 'follows' target 'ohosTest' build option: {
  "debuggable": true,
  "name": "default"
}
[2025-10-21T22:09:13.236] [DEBUG] debug-file - End initialize module-target build option map, moduleName=follows
[2025-10-21T22:09:13.236] [DEBUG] debug-file - Module 'follows' target 'default' using build option: {
  "debuggable": true,
  "copyFrom": "default",
  "name": "debug"
} in this build.
[2025-10-21T22:09:13.237] [DEBUG] debug-file - Module follows task initialization takes 1 ms 
[2025-10-21T22:09:13.237] [DEBUG] debug-file - hvigorfile, binding custom plugins []
[2025-10-21T22:09:13.238] [DEBUG] debug-file - hvigorfile, no custom plugins were found in G:\HarmonyOsProjects\news_app-3a12a9aaec8f982bbbef9569988265dcb99f73e0\features\follows\hvigorfile.ts
[2025-10-21T22:09:13.238] [DEBUG] debug-file - hvigorfile, resolve finished G:\HarmonyOsProjects\news_app-3a12a9aaec8f982bbbef9569988265dcb99f73e0\features\follows\hvigorfile.ts
[2025-10-21T22:09:13.255] [DEBUG] debug-file - hvigorfile, resolve hvigorfile dependencies in 17 ms 
[2025-10-21T22:09:13.255] [DEBUG] debug-file - project has submodules:default,news,video,quickstart,utils,uicomponents,mine,login,follows
[2025-10-21T22:09:13.255] [DEBUG] debug-file - module:news no need to execute packageHap
[2025-10-21T22:09:13.256] [DEBUG] debug-file - module:video no need to execute packageHap
[2025-10-21T22:09:13.256] [DEBUG] debug-file - module:quickstart no need to execute packageHap
[2025-10-21T22:09:13.256] [DEBUG] debug-file - module:utils no need to execute packageHap
[2025-10-21T22:09:13.256] [DEBUG] debug-file - module:uicomponents no need to execute packageHap
[2025-10-21T22:09:13.256] [DEBUG] debug-file - module:mine no need to execute packageHap
[2025-10-21T22:09:13.256] [DEBUG] debug-file - module:login no need to execute packageHap
[2025-10-21T22:09:13.256] [DEBUG] debug-file - module:follows no need to execute packageHap
[2025-10-21T22:09:13.270] [DEBUG] debug-file - start to load updatedOhPackageInfo to the disk
[2025-10-21T22:09:13.284] [DEBUG] debug-file - load to the disk finished
[2025-10-21T22:09:13.286] [DEBUG] debug-file - Start to initialize dependency information.
[2025-10-21T22:09:13.288] [DEBUG] debug-file - Module news_app-3a12a9aaec8f982bbbef9569988265dcb99f73e0 Collected Dependency: 
[2025-10-21T22:09:13.288] [DEBUG] debug-file - Module news_app-3a12a9aaec8f982bbbef9569988265dcb99f73e0's total dependency: 0
[2025-10-21T22:09:13.289] [DEBUG] debug-file - Start to initialize dependency information.
[2025-10-21T22:09:13.305] [DEBUG] debug-file - Module default Collected Dependency: G:\HarmonyOsProjects\news_app-3a12a9aaec8f982bbbef9569988265dcb99f73e0\features\video,G:\HarmonyOsProjects\news_app-3a12a9aaec8f982bbbef9569988265dcb99f73e0\features\news,G:\HarmonyOsProjects\news_app-3a12a9aaec8f982bbbef9569988265dcb99f73e0\features\quickstart,G:\HarmonyOsProjects\news_app-3a12a9aaec8f982bbbef9569988265dcb99f73e0\features\follows,G:\HarmonyOsProjects\news_app-3a12a9aaec8f982bbbef9569988265dcb99f73e0\features\mine,G:\HarmonyOsProjects\news_app-3a12a9aaec8f982bbbef9569988265dcb99f73e0\features\login,G:\HarmonyOsProjects\news_app-3a12a9aaec8f982bbbef9569988265dcb99f73e0\commons\uicomponents,G:\HarmonyOsProjects\news_app-3a12a9aaec8f982bbbef9569988265dcb99f73e0\commons\utils
[2025-10-21T22:09:13.305] [DEBUG] debug-file - Module default's total dependency: 8
[2025-10-21T22:09:13.308] [DEBUG] debug-file - Start to initialize dependency information.
[2025-10-21T22:09:13.309] [DEBUG] debug-file - Module news Collected Dependency: G:\HarmonyOsProjects\news_app-3a12a9aaec8f982bbbef9569988265dcb99f73e0\commons\utils,G:\HarmonyOsProjects\news_app-3a12a9aaec8f982bbbef9569988265dcb99f73e0\commons\uicomponents
[2025-10-21T22:09:13.309] [DEBUG] debug-file - Module news's total dependency: 2
[2025-10-21T22:09:13.311] [DEBUG] debug-file - Start to initialize dependency information.
[2025-10-21T22:09:13.312] [DEBUG] debug-file - Module video Collected Dependency: G:\HarmonyOsProjects\news_app-3a12a9aaec8f982bbbef9569988265dcb99f73e0\commons\utils,G:\HarmonyOsProjects\news_app-3a12a9aaec8f982bbbef9569988265dcb99f73e0\commons\uicomponents
[2025-10-21T22:09:13.312] [DEBUG] debug-file - Module video's total dependency: 2
[2025-10-21T22:09:13.314] [DEBUG] debug-file - Start to initialize dependency information.
[2025-10-21T22:09:13.315] [DEBUG] debug-file - Module quickstart Collected Dependency: G:\HarmonyOsProjects\news_app-3a12a9aaec8f982bbbef9569988265dcb99f73e0\commons\utils,G:\HarmonyOsProjects\news_app-3a12a9aaec8f982bbbef9569988265dcb99f73e0\commons\uicomponents
[2025-10-21T22:09:13.315] [DEBUG] debug-file - Module quickstart's total dependency: 2
[2025-10-21T22:09:13.316] [DEBUG] debug-file - Start to initialize dependency information.
[2025-10-21T22:09:13.316] [DEBUG] debug-file - Module utils Collected Dependency: 
[2025-10-21T22:09:13.317] [DEBUG] debug-file - Module utils's total dependency: 0
[2025-10-21T22:09:13.319] [DEBUG] debug-file - Start to initialize dependency information.
[2025-10-21T22:09:13.320] [DEBUG] debug-file - Module uicomponents Collected Dependency: 
[2025-10-21T22:09:13.320] [DEBUG] debug-file - Module uicomponents's total dependency: 0
[2025-10-21T22:09:13.322] [DEBUG] debug-file - Start to initialize dependency information.
[2025-10-21T22:09:13.323] [DEBUG] debug-file - Module mine Collected Dependency: G:\HarmonyOsProjects\news_app-3a12a9aaec8f982bbbef9569988265dcb99f73e0\features\login,G:\HarmonyOsProjects\news_app-3a12a9aaec8f982bbbef9569988265dcb99f73e0\commons\utils
[2025-10-21T22:09:13.323] [DEBUG] debug-file - Module mine's total dependency: 2
[2025-10-21T22:09:13.326] [DEBUG] debug-file - Start to initialize dependency information.
[2025-10-21T22:09:13.327] [DEBUG] debug-file - Module login Collected Dependency: G:\HarmonyOsProjects\news_app-3a12a9aaec8f982bbbef9569988265dcb99f73e0\commons\utils
[2025-10-21T22:09:13.327] [DEBUG] debug-file - Module login's total dependency: 1
[2025-10-21T22:09:13.330] [DEBUG] debug-file - Start to initialize dependency information.
[2025-10-21T22:09:13.332] [DEBUG] debug-file - Module follows Collected Dependency: G:\HarmonyOsProjects\news_app-3a12a9aaec8f982bbbef9569988265dcb99f73e0\commons\uicomponents,G:\HarmonyOsProjects\news_app-3a12a9aaec8f982bbbef9569988265dcb99f73e0\commons\utils
[2025-10-21T22:09:13.332] [DEBUG] debug-file - Module follows's total dependency: 2
[2025-10-21T22:09:13.334] [DEBUG] debug-file - Configuration phase cost:694 ms 
[2025-10-21T22:09:13.341] [DEBUG] debug-file - Configuration task cost before running: 815 ms 
[2025-10-21T22:09:13.345] [DEBUG] debug-file - jsonObjWithoutParam {"video":"file:../../features/video","news":"file:../../features/news","quickstart":"file:../../features/quickstart","follow":"file:../../features/follows","mine":"file:../../features/mine","login":"file:../../features/login","uicomponents":"file:../../commons/uicomponents","utils":"file:../../commons/utils"} at undefined
[2025-10-21T22:09:13.345] [DEBUG] debug-file - jsonObjWithoutParam {"name":"default","version":"1.0.0","description":"Please describe the basic information.","main":"","author":"","license":"","dependencies":{"video":"file:../../features/video","news":"file:../../features/news","quickstart":"file:../../features/quickstart","follow":"file:../../features/follows","mine":"file:../../features/mine","login":"file:../../features/login","uicomponents":"file:../../commons/uicomponents","utils":"file:../../commons/utils"}} at undefined
[2025-10-21T22:09:13.347] [DEBUG] debug-file - Executing task :default:default@PreBuild
[2025-10-21T22:09:13.355] [DEBUG] debug-file - Incremental task default:default@PreBuild pre-execution cost: 2 ms .
[2025-10-21T22:09:13.355] [DEBUG] debug-file - default : default@PreBuild cost memory 0.915679931640625
[2025-10-21T22:09:13.356] [INFO] debug-file - UP-TO-DATE :default:default@PreBuild...  
[2025-10-21T22:09:13.358] [DEBUG] debug-file - jsonObjWithoutParam {"utils":"file:../../commons/utils","uicomponents":"file:../../commons/uicomponents"} at undefined
[2025-10-21T22:09:13.358] [DEBUG] debug-file - jsonObjWithoutParam {"name":"video","version":"1.0.0","description":"Please describe the basic information.","main":"Index.ets","author":"","license":"Apache-2.0","dependencies":{"utils":"file:../../commons/utils","uicomponents":"file:../../commons/uicomponents"}} at undefined
[2025-10-21T22:09:13.359] [DEBUG] debug-file - Executing task :video:default@PreBuild
[2025-10-21T22:09:13.361] [DEBUG] debug-file - Incremental task video:default@PreBuild pre-execution cost: 2 ms .
[2025-10-21T22:09:13.361] [DEBUG] debug-file - video : default@PreBuild cost memory 0.222747802734375
[2025-10-21T22:09:13.362] [INFO] debug-file - UP-TO-DATE :video:default@PreBuild...  
[2025-10-21T22:09:13.365] [DEBUG] debug-file - jsonObjWithoutParam {} at undefined
[2025-10-21T22:09:13.365] [DEBUG] debug-file - jsonObjWithoutParam {"name":"utils","version":"1.0.0","description":"Please describe the basic information.","main":"Index.ets","author":"","license":"Apache-2.0","dependencies":{}} at undefined
[2025-10-21T22:09:13.366] [DEBUG] debug-file - Executing task :utils:default@PreBuild
[2025-10-21T22:09:13.369] [DEBUG] debug-file - Incremental task utils:default@PreBuild pre-execution cost: 3 ms .
[2025-10-21T22:09:13.369] [DEBUG] debug-file - utils : default@PreBuild cost memory 0.21570587158203125
[2025-10-21T22:09:13.370] [INFO] debug-file - UP-TO-DATE :utils:default@PreBuild...  
[2025-10-21T22:09:13.371] [DEBUG] debug-file - jsonObjWithoutParam {} at undefined
[2025-10-21T22:09:13.372] [DEBUG] debug-file - jsonObjWithoutParam {"name":"uicomponents","version":"1.0.0","description":"Please describe the basic information.","main":"Index.ets","author":"","license":"Apache-2.0","dependencies":{}} at undefined
[2025-10-21T22:09:13.372] [DEBUG] debug-file - Executing task :uicomponents:default@PreBuild
[2025-10-21T22:09:13.375] [DEBUG] debug-file - Incremental task uicomponents:default@PreBuild pre-execution cost: 2 ms .
[2025-10-21T22:09:13.375] [DEBUG] debug-file - uicomponents : default@PreBuild cost memory 0.21932220458984375
[2025-10-21T22:09:13.375] [INFO] debug-file - UP-TO-DATE :uicomponents:default@PreBuild...  
[2025-10-21T22:09:13.377] [DEBUG] debug-file - jsonObjWithoutParam {"utils":"file:../../commons/utils","uicomponents":"file:../../commons/uicomponents"} at undefined
[2025-10-21T22:09:13.377] [DEBUG] debug-file - jsonObjWithoutParam {"name":"news","version":"1.0.0","description":"Please describe the basic information.","main":"Index.ets","author":"","license":"Apache-2.0","dependencies":{"utils":"file:../../commons/utils","uicomponents":"file:../../commons/uicomponents"}} at undefined
[2025-10-21T22:09:13.377] [DEBUG] debug-file - Executing task :news:default@PreBuild
[2025-10-21T22:09:13.379] [DEBUG] debug-file - Incremental task news:default@PreBuild pre-execution cost: 2 ms .
[2025-10-21T22:09:13.379] [DEBUG] debug-file - news : default@PreBuild cost memory 0.22223663330078125
[2025-10-21T22:09:13.380] [INFO] debug-file - UP-TO-DATE :news:default@PreBuild...  
[2025-10-21T22:09:13.381] [DEBUG] debug-file - jsonObjWithoutParam {"utils":"file:../../commons/utils","uicomponents":"file:../../commons/uicomponents"} at undefined
[2025-10-21T22:09:13.381] [DEBUG] debug-file - jsonObjWithoutParam {"name":"quickstart","version":"1.0.0","description":"Please describe the basic information.","main":"Index.ets","author":"","license":"Apache-2.0","dependencies":{"utils":"file:../../commons/utils","uicomponents":"file:../../commons/uicomponents"}} at undefined
[2025-10-21T22:09:13.382] [DEBUG] debug-file - Executing task :quickstart:default@PreBuild
[2025-10-21T22:09:13.384] [DEBUG] debug-file - Incremental task quickstart:default@PreBuild pre-execution cost: 2 ms .
[2025-10-21T22:09:13.384] [DEBUG] debug-file - quickstart : default@PreBuild cost memory 0.22478485107421875
[2025-10-21T22:09:13.385] [INFO] debug-file - UP-TO-DATE :quickstart:default@PreBuild...  
[2025-10-21T22:09:13.386] [DEBUG] debug-file - jsonObjWithoutParam {"uicomponents":"file:../../commons/uicomponents","utils":"file:../../commons/utils"} at undefined
[2025-10-21T22:09:13.386] [DEBUG] debug-file - jsonObjWithoutParam {"name":"follows","version":"1.0.0","description":"Please describe the basic information.","main":"Index.ets","author":"","license":"Apache-2.0","dependencies":{"uicomponents":"file:../../commons/uicomponents","utils":"file:../../commons/utils"}} at undefined
[2025-10-21T22:09:13.387] [DEBUG] debug-file - Executing task :follows:default@PreBuild
[2025-10-21T22:09:13.389] [DEBUG] debug-file - Incremental task follows:default@PreBuild pre-execution cost: 2 ms .
[2025-10-21T22:09:13.389] [DEBUG] debug-file - follows : default@PreBuild cost memory 0.22422027587890625
[2025-10-21T22:09:13.390] [INFO] debug-file - UP-TO-DATE :follows:default@PreBuild...  
[2025-10-21T22:09:13.391] [DEBUG] debug-file - jsonObjWithoutParam {"login":"file:../login"} at undefined
[2025-10-21T22:09:13.391] [DEBUG] debug-file - jsonObjWithoutParam {"name":"mine","version":"1.0.0","description":"Please describe the basic information.","main":"Index.ets","author":"","license":"Apache-2.0","dependencies":{"login":"file:../login"}} at undefined
[2025-10-21T22:09:13.392] [DEBUG] debug-file - Executing task :mine:default@PreBuild
[2025-10-21T22:09:13.393] [DEBUG] debug-file - Incremental task mine:default@PreBuild pre-execution cost: 2 ms .
[2025-10-21T22:09:13.394] [DEBUG] debug-file - mine : default@PreBuild cost memory 0.21898651123046875
[2025-10-21T22:09:13.394] [INFO] debug-file - UP-TO-DATE :mine:default@PreBuild...  
[2025-10-21T22:09:13.395] [DEBUG] debug-file - jsonObjWithoutParam {"utils":"file:../../commons/utils","BackendConfig":"file:../../commons/utils"} at undefined
[2025-10-21T22:09:13.395] [DEBUG] debug-file - jsonObjWithoutParam {"name":"login","version":"1.0.0","description":"Please describe the basic information.","main":"Index.ets","author":"","license":"Apache-2.0","dependencies":{"utils":"file:../../commons/utils","BackendConfig":"file:../../commons/utils"}} at undefined
[2025-10-21T22:09:13.396] [DEBUG] debug-file - Executing task :login:default@PreBuild
[2025-10-21T22:09:13.398] [DEBUG] debug-file - Incremental task login:default@PreBuild pre-execution cost: 2 ms .
[2025-10-21T22:09:13.398] [DEBUG] debug-file - login : default@PreBuild cost memory 0.222564697265625
[2025-10-21T22:09:13.399] [INFO] debug-file - UP-TO-DATE :login:default@PreBuild...  
[2025-10-21T22:09:13.400] [DEBUG] debug-file - jsonObjWithoutParam {"video":"file:../../features/video","news":"file:../../features/news","quickstart":"file:../../features/quickstart","follow":"file:../../features/follows","mine":"file:../../features/mine","login":"file:../../features/login","uicomponents":"file:../../commons/uicomponents","utils":"file:../../commons/utils"} at undefined
[2025-10-21T22:09:13.400] [DEBUG] debug-file - jsonObjWithoutParam {"name":"default","version":"1.0.0","description":"Please describe the basic information.","main":"","author":"","license":"","dependencies":{"video":"file:../../features/video","news":"file:../../features/news","quickstart":"file:../../features/quickstart","follow":"file:../../features/follows","mine":"file:../../features/mine","login":"file:../../features/login","uicomponents":"file:../../commons/uicomponents","utils":"file:../../commons/utils"}} at undefined
[2025-10-21T22:09:13.401] [DEBUG] debug-file - Executing task :default:default@CreateModuleInfo
[2025-10-21T22:09:13.401] [DEBUG] debug-file - Task 'default:default@CreateModuleInfo' cost while wrapping incremental declarations: 1 ms 
[2025-10-21T22:09:13.401] [DEBUG] debug-file - default : default@CreateModuleInfo cost memory 0.0572509765625
[2025-10-21T22:09:13.401] [DEBUG] debug-file - runTaskFromQueue task cost before running: 876 ms 
[2025-10-21T22:09:13.402] [INFO] debug-file - Finished :default:default@CreateModuleInfo... after 1 ms 
[2025-10-21T22:09:13.403] [DEBUG] debug-file - jsonObjWithoutParam {"video":"file:../../features/video","news":"file:../../features/news","quickstart":"file:../../features/quickstart","follow":"file:../../features/follows","mine":"file:../../features/mine","login":"file:../../features/login","uicomponents":"file:../../commons/uicomponents","utils":"file:../../commons/utils"} at undefined
[2025-10-21T22:09:13.403] [DEBUG] debug-file - jsonObjWithoutParam {"name":"default","version":"1.0.0","description":"Please describe the basic information.","main":"","author":"","license":"","dependencies":{"video":"file:../../features/video","news":"file:../../features/news","quickstart":"file:../../features/quickstart","follow":"file:../../features/follows","mine":"file:../../features/mine","login":"file:../../features/login","uicomponents":"file:../../commons/uicomponents","utils":"file:../../commons/utils"}} at undefined
[2025-10-21T22:09:13.403] [DEBUG] debug-file - Executing task :default:default@GenerateMetadata
[2025-10-21T22:09:13.404] [DEBUG] debug-file - Task 'default:default@GenerateMetadata' cost while wrapping incremental declarations: 1 ms 
[2025-10-21T22:09:13.404] [DEBUG] debug-file - Incremental task default:default@GenerateMetadata pre-execution cost: 1 ms .
[2025-10-21T22:09:13.404] [DEBUG] debug-file - default : default@GenerateMetadata cost memory 0.09387969970703125
[2025-10-21T22:09:13.405] [INFO] debug-file - UP-TO-DATE :default:default@GenerateMetadata...  
[2025-10-21T22:09:13.406] [DEBUG] debug-file - jsonObjWithoutParam {"video":"file:../../features/video","news":"file:../../features/news","quickstart":"file:../../features/quickstart","follow":"file:../../features/follows","mine":"file:../../features/mine","login":"file:../../features/login","uicomponents":"file:../../commons/uicomponents","utils":"file:../../commons/utils"} at undefined
[2025-10-21T22:09:13.406] [DEBUG] debug-file - jsonObjWithoutParam {"name":"default","version":"1.0.0","description":"Please describe the basic information.","main":"","author":"","license":"","dependencies":{"video":"file:../../features/video","news":"file:../../features/news","quickstart":"file:../../features/quickstart","follow":"file:../../features/follows","mine":"file:../../features/mine","login":"file:../../features/login","uicomponents":"file:../../commons/uicomponents","utils":"file:../../commons/utils"}} at undefined
[2025-10-21T22:09:13.406] [DEBUG] debug-file - Executing task :default:default@PreCheckSyscap
[2025-10-21T22:09:13.406] [DEBUG] debug-file - jsonObjWithoutParam {"video":"file:../../features/video","news":"file:../../features/news","quickstart":"file:../../features/quickstart","follow":"file:../../features/follows","mine":"file:../../features/mine","login":"file:../../features/login","uicomponents":"file:../../commons/uicomponents","utils":"file:../../commons/utils"} at undefined
[2025-10-21T22:09:13.406] [DEBUG] debug-file - jsonObjWithoutParam {"name":"default","version":"1.0.0","description":"Please describe the basic information.","main":"","author":"","license":"","dependencies":{"video":"file:../../features/video","news":"file:../../features/news","quickstart":"file:../../features/quickstart","follow":"file:../../features/follows","mine":"file:../../features/mine","login":"file:../../features/login","uicomponents":"file:../../commons/uicomponents","utils":"file:../../commons/utils"}} at undefined
[2025-10-21T22:09:13.406] [DEBUG] debug-file - default : default@PreCheckSyscap cost memory 0.0498504638671875
[2025-10-21T22:09:13.406] [DEBUG] debug-file - runTaskFromQueue task cost before running: 881 ms 
[2025-10-21T22:09:13.407] [INFO] debug-file - Finished :default:default@PreCheckSyscap... after 1 ms 
[2025-10-21T22:09:13.408] [DEBUG] debug-file - jsonObjWithoutParam {"video":"file:../../features/video","news":"file:../../features/news","quickstart":"file:../../features/quickstart","follow":"file:../../features/follows","mine":"file:../../features/mine","login":"file:../../features/login","uicomponents":"file:../../commons/uicomponents","utils":"file:../../commons/utils"} at undefined
[2025-10-21T22:09:13.408] [DEBUG] debug-file - jsonObjWithoutParam {"name":"default","version":"1.0.0","description":"Please describe the basic information.","main":"","author":"","license":"","dependencies":{"video":"file:../../features/video","news":"file:../../features/news","quickstart":"file:../../features/quickstart","follow":"file:../../features/follows","mine":"file:../../features/mine","login":"file:../../features/login","uicomponents":"file:../../commons/uicomponents","utils":"file:../../commons/utils"}} at undefined
[2025-10-21T22:09:13.409] [DEBUG] debug-file - Executing task :default:default@GeneratePkgContextInfo
[2025-10-21T22:09:13.412] [DEBUG] debug-file - Task 'default:default@GeneratePkgContextInfo' cost while wrapping incremental declarations: 1 ms 
[2025-10-21T22:09:13.413] [DEBUG] debug-file - default : default@GeneratePkgContextInfo cost memory 0.7110595703125
[2025-10-21T22:09:13.413] [DEBUG] debug-file - runTaskFromQueue task cost before running: 888 ms 
[2025-10-21T22:09:13.413] [INFO] debug-file - Finished :default:default@GeneratePkgContextInfo... after 5 ms 
[2025-10-21T22:09:13.414] [DEBUG] debug-file - jsonObjWithoutParam {"video":"file:../../features/video","news":"file:../../features/news","quickstart":"file:../../features/quickstart","follow":"file:../../features/follows","mine":"file:../../features/mine","login":"file:../../features/login","uicomponents":"file:../../commons/uicomponents","utils":"file:../../commons/utils"} at undefined
[2025-10-21T22:09:13.414] [DEBUG] debug-file - jsonObjWithoutParam {"name":"default","version":"1.0.0","description":"Please describe the basic information.","main":"","author":"","license":"","dependencies":{"video":"file:../../features/video","news":"file:../../features/news","quickstart":"file:../../features/quickstart","follow":"file:../../features/follows","mine":"file:../../features/mine","login":"file:../../features/login","uicomponents":"file:../../commons/uicomponents","utils":"file:../../commons/utils"}} at undefined
[2025-10-21T22:09:13.417] [DEBUG] debug-file - Executing task :default:default@ProcessIntegratedHsp
[2025-10-21T22:09:13.418] [DEBUG] debug-file - default:default@ProcessIntegratedHsp is not up-to-date, since the output file 'G:\HarmonyOsProjects\news_app-3a12a9aaec8f982bbbef9569988265dcb99f73e0\build\cache\default\integrated_hsp\integratedHspCache.json' does not exist.
[2025-10-21T22:09:13.418] [DEBUG] debug-file - Incremental task default:default@ProcessIntegratedHsp pre-execution cost: 1 ms .
[2025-10-21T22:09:13.418] [DEBUG] debug-file - jsonObjWithoutParam {"video":"file:../../features/video","news":"file:../../features/news","quickstart":"file:../../features/quickstart","follow":"file:../../features/follows","mine":"file:../../features/mine","login":"file:../../features/login","uicomponents":"file:../../commons/uicomponents","utils":"file:../../commons/utils"} at undefined
[2025-10-21T22:09:13.418] [DEBUG] debug-file - jsonObjWithoutParam {"name":"default","version":"1.0.0","description":"Please describe the basic information.","main":"","author":"","license":"","dependencies":{"video":"file:../../features/video","news":"file:../../features/news","quickstart":"file:../../features/quickstart","follow":"file:../../features/follows","mine":"file:../../features/mine","login":"file:../../features/login","uicomponents":"file:../../commons/uicomponents","utils":"file:../../commons/utils"}} at undefined
[2025-10-21T22:09:13.418] [DEBUG] debug-file - default : default@ProcessIntegratedHsp cost memory 0.1256103515625
[2025-10-21T22:09:13.418] [DEBUG] debug-file - runTaskFromQueue task cost before running: 893 ms 
[2025-10-21T22:09:13.418] [INFO] debug-file - Finished :default:default@ProcessIntegratedHsp... after 2 ms 
[2025-10-21T22:09:13.420] [DEBUG] debug-file - jsonObjWithoutParam {} at undefined
[2025-10-21T22:09:13.420] [DEBUG] debug-file - jsonObjWithoutParam {"name":"utils","version":"1.0.0","description":"Please describe the basic information.","main":"Index.ets","author":"","license":"Apache-2.0","dependencies":{}} at undefined
[2025-10-21T22:09:13.421] [DEBUG] debug-file - Executing task :utils:default@CreateHarBuildProfile
[2025-10-21T22:09:13.421] [DEBUG] debug-file - Task 'utils:default@CreateHarBuildProfile' cost while wrapping incremental declarations: 1 ms 
[2025-10-21T22:09:13.421] [DEBUG] debug-file - Incremental task utils:default@CreateHarBuildProfile pre-execution cost: 1 ms .
[2025-10-21T22:09:13.421] [DEBUG] debug-file - utils : default@CreateHarBuildProfile cost memory 0.0820465087890625
[2025-10-21T22:09:13.422] [INFO] debug-file - UP-TO-DATE :utils:default@CreateHarBuildProfile...  
[2025-10-21T22:09:13.423] [DEBUG] debug-file - jsonObjWithoutParam {} at undefined
[2025-10-21T22:09:13.423] [DEBUG] debug-file - jsonObjWithoutParam {"name":"utils","version":"1.0.0","description":"Please describe the basic information.","main":"Index.ets","author":"","license":"Apache-2.0","dependencies":{}} at undefined
[2025-10-21T22:09:13.423] [DEBUG] debug-file - Executing task :utils:default@ConfigureCmake
[2025-10-21T22:09:13.423] [DEBUG] debug-file - jsonObjWithoutParam {} at undefined
[2025-10-21T22:09:13.423] [DEBUG] debug-file - jsonObjWithoutParam {"name":"utils","version":"1.0.0","description":"Please describe the basic information.","main":"Index.ets","author":"","license":"Apache-2.0","dependencies":{}} at undefined
[2025-10-21T22:09:13.423] [DEBUG] debug-file - utils : default@ConfigureCmake cost memory 0.03650665283203125
[2025-10-21T22:09:13.423] [DEBUG] debug-file - runTaskFromQueue task cost before running: 898 ms 
[2025-10-21T22:09:13.423] [INFO] debug-file - Finished :utils:default@ConfigureCmake... after 1 ms 
[2025-10-21T22:09:13.425] [DEBUG] debug-file - jsonObjWithoutParam {} at undefined
[2025-10-21T22:09:13.425] [DEBUG] debug-file - jsonObjWithoutParam {"name":"utils","version":"1.0.0","description":"Please describe the basic information.","main":"Index.ets","author":"","license":"Apache-2.0","dependencies":{}} at undefined
[2025-10-21T22:09:13.425] [DEBUG] debug-file - Executing task :utils:default@MergeProfile
[2025-10-21T22:09:13.426] [DEBUG] debug-file - Incremental task utils:default@MergeProfile pre-execution cost: 1 ms .
[2025-10-21T22:09:13.426] [DEBUG] debug-file - utils : default@MergeProfile cost memory 0.09683990478515625
[2025-10-21T22:09:13.426] [INFO] debug-file - UP-TO-DATE :utils:default@MergeProfile...  
[2025-10-21T22:09:13.427] [DEBUG] debug-file - jsonObjWithoutParam {} at undefined
[2025-10-21T22:09:13.427] [DEBUG] debug-file - jsonObjWithoutParam {"name":"uicomponents","version":"1.0.0","description":"Please describe the basic information.","main":"Index.ets","author":"","license":"Apache-2.0","dependencies":{}} at undefined
[2025-10-21T22:09:13.428] [DEBUG] debug-file - Executing task :uicomponents:default@CreateHarBuildProfile
[2025-10-21T22:09:13.428] [DEBUG] debug-file - Task 'uicomponents:default@CreateHarBuildProfile' cost while wrapping incremental declarations: 1 ms 
[2025-10-21T22:09:13.429] [DEBUG] debug-file - Incremental task uicomponents:default@CreateHarBuildProfile pre-execution cost: 1 ms .
[2025-10-21T22:09:13.429] [DEBUG] debug-file - uicomponents : default@CreateHarBuildProfile cost memory 0.08231353759765625
[2025-10-21T22:09:13.429] [INFO] debug-file - UP-TO-DATE :uicomponents:default@CreateHarBuildProfile...  
[2025-10-21T22:09:13.431] [DEBUG] debug-file - jsonObjWithoutParam {} at undefined
[2025-10-21T22:09:13.431] [DEBUG] debug-file - jsonObjWithoutParam {"name":"uicomponents","version":"1.0.0","description":"Please describe the basic information.","main":"Index.ets","author":"","license":"Apache-2.0","dependencies":{}} at undefined
[2025-10-21T22:09:13.431] [DEBUG] debug-file - Executing task :uicomponents:default@ConfigureCmake
[2025-10-21T22:09:13.431] [DEBUG] debug-file - jsonObjWithoutParam {} at undefined
[2025-10-21T22:09:13.431] [DEBUG] debug-file - jsonObjWithoutParam {"name":"uicomponents","version":"1.0.0","description":"Please describe the basic information.","main":"Index.ets","author":"","license":"Apache-2.0","dependencies":{}} at undefined
[2025-10-21T22:09:13.431] [DEBUG] debug-file - uicomponents : default@ConfigureCmake cost memory 0.03759765625
[2025-10-21T22:09:13.431] [DEBUG] debug-file - runTaskFromQueue task cost before running: 906 ms 
[2025-10-21T22:09:13.431] [INFO] debug-file - Finished :uicomponents:default@ConfigureCmake... after 1 ms 
[2025-10-21T22:09:13.433] [DEBUG] debug-file - jsonObjWithoutParam {} at undefined
[2025-10-21T22:09:13.433] [DEBUG] debug-file - jsonObjWithoutParam {"name":"uicomponents","version":"1.0.0","description":"Please describe the basic information.","main":"Index.ets","author":"","license":"Apache-2.0","dependencies":{}} at undefined
[2025-10-21T22:09:13.433] [DEBUG] debug-file - Executing task :uicomponents:default@MergeProfile
[2025-10-21T22:09:13.435] [DEBUG] debug-file - Incremental task uicomponents:default@MergeProfile pre-execution cost: 2 ms .
[2025-10-21T22:09:13.435] [DEBUG] debug-file - uicomponents : default@MergeProfile cost memory 0.09980010986328125
[2025-10-21T22:09:13.435] [INFO] debug-file - UP-TO-DATE :uicomponents:default@MergeProfile...  
[2025-10-21T22:09:13.437] [DEBUG] debug-file - jsonObjWithoutParam {"video":"file:../../features/video","news":"file:../../features/news","quickstart":"file:../../features/quickstart","follow":"file:../../features/follows","mine":"file:../../features/mine","login":"file:../../features/login","uicomponents":"file:../../commons/uicomponents","utils":"file:../../commons/utils"} at undefined
[2025-10-21T22:09:13.437] [DEBUG] debug-file - jsonObjWithoutParam {"name":"default","version":"1.0.0","description":"Please describe the basic information.","main":"","author":"","license":"","dependencies":{"video":"file:../../features/video","news":"file:../../features/news","quickstart":"file:../../features/quickstart","follow":"file:../../features/follows","mine":"file:../../features/mine","login":"file:../../features/login","uicomponents":"file:../../commons/uicomponents","utils":"file:../../commons/utils"}} at undefined
[2025-10-21T22:09:13.438] [DEBUG] debug-file - Executing task :default:default@SyscapTransform
[2025-10-21T22:09:13.438] [DEBUG] debug-file - File: 'G:\HarmonyOsProjects\news_app-3a12a9aaec8f982bbbef9569988265dcb99f73e0\products\default\src\main\syscap.json' from 'sysCapJsonPath' is not exists, just ignore.
[2025-10-21T22:09:13.439] [DEBUG] debug-file - Task 'default:default@SyscapTransform' cost while wrapping incremental declarations: 1 ms 
[2025-10-21T22:09:13.439] [DEBUG] debug-file - default:default@SyscapTransform is not up-to-date, since the output file 'G:\HarmonyOsProjects\news_app-3a12a9aaec8f982bbbef9569988265dcb99f73e0\products\default\build\default\intermediates\syscap\default\rpcid.sc' does not exist.
[2025-10-21T22:09:13.439] [DEBUG] debug-file - Incremental task default:default@SyscapTransform pre-execution cost: 1 ms .
[2025-10-21T22:09:13.439] [DEBUG] debug-file - jsonObjWithoutParam {"video":"file:../../features/video","news":"file:../../features/news","quickstart":"file:../../features/quickstart","follow":"file:../../features/follows","mine":"file:../../features/mine","login":"file:../../features/login","uicomponents":"file:../../commons/uicomponents","utils":"file:../../commons/utils"} at undefined
[2025-10-21T22:09:13.439] [DEBUG] debug-file - jsonObjWithoutParam {"name":"default","version":"1.0.0","description":"Please describe the basic information.","main":"","author":"","license":"","dependencies":{"video":"file:../../features/video","news":"file:../../features/news","quickstart":"file:../../features/quickstart","follow":"file:../../features/follows","mine":"file:../../features/mine","login":"file:../../features/login","uicomponents":"file:../../commons/uicomponents","utils":"file:../../commons/utils"}} at undefined
[2025-10-21T22:09:13.440] [DEBUG] debug-file - default : default@SyscapTransform cost memory 0.1660003662109375
[2025-10-21T22:09:13.440] [DEBUG] debug-file - runTaskFromQueue task cost before running: 914 ms 
[2025-10-21T22:09:13.440] [INFO] debug-file - Finished :default:default@SyscapTransform... after 2 ms 
[2025-10-21T22:09:13.441] [DEBUG] debug-file - jsonObjWithoutParam {"video":"file:../../features/video","news":"file:../../features/news","quickstart":"file:../../features/quickstart","follow":"file:../../features/follows","mine":"file:../../features/mine","login":"file:../../features/login","uicomponents":"file:../../commons/uicomponents","utils":"file:../../commons/utils"} at undefined
[2025-10-21T22:09:13.441] [DEBUG] debug-file - jsonObjWithoutParam {"name":"default","version":"1.0.0","description":"Please describe the basic information.","main":"","author":"","license":"","dependencies":{"video":"file:../../features/video","news":"file:../../features/news","quickstart":"file:../../features/quickstart","follow":"file:../../features/follows","mine":"file:../../features/mine","login":"file:../../features/login","uicomponents":"file:../../commons/uicomponents","utils":"file:../../commons/utils"}} at undefined
[2025-10-21T22:09:13.442] [DEBUG] debug-file - Executing task :default:default@ProcessRouterMap
[2025-10-21T22:09:13.444] [DEBUG] debug-file - Incremental task default:default@ProcessRouterMap pre-execution cost: 2 ms .
[2025-10-21T22:09:13.444] [DEBUG] debug-file - default : default@ProcessRouterMap cost memory 0.18840789794921875
[2025-10-21T22:09:13.444] [INFO] debug-file - UP-TO-DATE :default:default@ProcessRouterMap...  
[2025-10-21T22:09:13.446] [DEBUG] debug-file - jsonObjWithoutParam {"video":"file:../../features/video","news":"file:../../features/news","quickstart":"file:../../features/quickstart","follow":"file:../../features/follows","mine":"file:../../features/mine","login":"file:../../features/login","uicomponents":"file:../../commons/uicomponents","utils":"file:../../commons/utils"} at undefined
[2025-10-21T22:09:13.446] [DEBUG] debug-file - jsonObjWithoutParam {"name":"default","version":"1.0.0","description":"Please describe the basic information.","main":"","author":"","license":"","dependencies":{"video":"file:../../features/video","news":"file:../../features/news","quickstart":"file:../../features/quickstart","follow":"file:../../features/follows","mine":"file:../../features/mine","login":"file:../../features/login","uicomponents":"file:../../commons/uicomponents","utils":"file:../../commons/utils"}} at undefined
[2025-10-21T22:09:13.446] [DEBUG] debug-file - Executing task :default:default@ProcessStartupConfig
[2025-10-21T22:09:13.446] [DEBUG] debug-file - Task 'default:default@ProcessStartupConfig' cost while wrapping incremental declarations: 1 ms 
[2025-10-21T22:09:13.447] [DEBUG] debug-file - default:default@ProcessStartupConfig is not up-to-date, since the output file 'G:\HarmonyOsProjects\news_app-3a12a9aaec8f982bbbef9569988265dcb99f73e0\products\default\build\default\intermediates\startup\default\startup_config.json' does not exist.
[2025-10-21T22:09:13.447] [DEBUG] debug-file - Incremental task default:default@ProcessStartupConfig pre-execution cost: 1 ms .
[2025-10-21T22:09:13.447] [DEBUG] debug-file - jsonObjWithoutParam {"video":"file:../../features/video","news":"file:../../features/news","quickstart":"file:../../features/quickstart","follow":"file:../../features/follows","mine":"file:../../features/mine","login":"file:../../features/login","uicomponents":"file:../../commons/uicomponents","utils":"file:../../commons/utils"} at undefined
[2025-10-21T22:09:13.447] [DEBUG] debug-file - jsonObjWithoutParam {"name":"default","version":"1.0.0","description":"Please describe the basic information.","main":"","author":"","license":"","dependencies":{"video":"file:../../features/video","news":"file:../../features/news","quickstart":"file:../../features/quickstart","follow":"file:../../features/follows","mine":"file:../../features/mine","login":"file:../../features/login","uicomponents":"file:../../commons/uicomponents","utils":"file:../../commons/utils"}} at undefined
[2025-10-21T22:09:13.447] [DEBUG] debug-file - default : default@ProcessStartupConfig cost memory 0.20684051513671875
[2025-10-21T22:09:13.448] [DEBUG] debug-file - runTaskFromQueue task cost before running: 922 ms 
[2025-10-21T22:09:13.448] [INFO] debug-file - Finished :default:default@ProcessStartupConfig... after 2 ms 
[2025-10-21T22:09:13.449] [DEBUG] debug-file - jsonObjWithoutParam {"utils":"file:../../commons/utils","BackendConfig":"file:../../commons/utils"} at undefined
[2025-10-21T22:09:13.449] [DEBUG] debug-file - jsonObjWithoutParam {"name":"login","version":"1.0.0","description":"Please describe the basic information.","main":"Index.ets","author":"","license":"Apache-2.0","dependencies":{"utils":"file:../../commons/utils","BackendConfig":"file:../../commons/utils"}} at undefined
[2025-10-21T22:09:13.449] [DEBUG] debug-file - Executing task :login:default@CreateHarBuildProfile
[2025-10-21T22:09:13.450] [DEBUG] debug-file - Task 'login:default@CreateHarBuildProfile' cost while wrapping incremental declarations: 1 ms 
[2025-10-21T22:09:13.450] [DEBUG] debug-file - Incremental task login:default@CreateHarBuildProfile pre-execution cost: 1 ms .
[2025-10-21T22:09:13.450] [DEBUG] debug-file - login : default@CreateHarBuildProfile cost memory 0.08284759521484375
[2025-10-21T22:09:13.450] [INFO] debug-file - UP-TO-DATE :login:default@CreateHarBuildProfile...  
[2025-10-21T22:09:13.451] [DEBUG] debug-file - jsonObjWithoutParam {} at undefined
[2025-10-21T22:09:13.451] [DEBUG] debug-file - jsonObjWithoutParam {"name":"utils","version":"1.0.0","description":"Please describe the basic information.","main":"Index.ets","author":"","license":"Apache-2.0","dependencies":{}} at undefined
[2025-10-21T22:09:13.452] [DEBUG] debug-file - Executing task :utils:default@BuildNativeWithCmake
[2025-10-21T22:09:13.452] [DEBUG] debug-file - jsonObjWithoutParam {} at undefined
[2025-10-21T22:09:13.452] [DEBUG] debug-file - jsonObjWithoutParam {"name":"utils","version":"1.0.0","description":"Please describe the basic information.","main":"Index.ets","author":"","license":"Apache-2.0","dependencies":{}} at undefined
[2025-10-21T22:09:13.452] [DEBUG] debug-file - utils : default@BuildNativeWithCmake cost memory 0.0375213623046875
[2025-10-21T22:09:13.452] [DEBUG] debug-file - runTaskFromQueue task cost before running: 927 ms 
[2025-10-21T22:09:13.452] [INFO] debug-file - Finished :utils:default@BuildNativeWithCmake... after 1 ms 
[2025-10-21T22:09:13.454] [DEBUG] debug-file - jsonObjWithoutParam {"utils":"file:../../commons/utils","BackendConfig":"file:../../commons/utils"} at undefined
[2025-10-21T22:09:13.454] [DEBUG] debug-file - jsonObjWithoutParam {"name":"login","version":"1.0.0","description":"Please describe the basic information.","main":"Index.ets","author":"","license":"Apache-2.0","dependencies":{"utils":"file:../../commons/utils","BackendConfig":"file:../../commons/utils"}} at undefined
[2025-10-21T22:09:13.454] [DEBUG] debug-file - Executing task :login:default@MergeProfile
[2025-10-21T22:09:13.455] [DEBUG] debug-file - Incremental task login:default@MergeProfile pre-execution cost: 1 ms .
[2025-10-21T22:09:13.455] [DEBUG] debug-file - login : default@MergeProfile cost memory 0.13401031494140625
[2025-10-21T22:09:13.455] [INFO] debug-file - UP-TO-DATE :login:default@MergeProfile...  
[2025-10-21T22:09:13.456] [DEBUG] debug-file - jsonObjWithoutParam {"utils":"file:../../commons/utils","uicomponents":"file:../../commons/uicomponents"} at undefined
[2025-10-21T22:09:13.456] [DEBUG] debug-file - jsonObjWithoutParam {"name":"news","version":"1.0.0","description":"Please describe the basic information.","main":"Index.ets","author":"","license":"Apache-2.0","dependencies":{"utils":"file:../../commons/utils","uicomponents":"file:../../commons/uicomponents"}} at undefined
[2025-10-21T22:09:13.457] [DEBUG] debug-file - Executing task :news:default@CreateHarBuildProfile
[2025-10-21T22:09:13.457] [DEBUG] debug-file - Task 'news:default@CreateHarBuildProfile' cost while wrapping incremental declarations: 1 ms 
[2025-10-21T22:09:13.457] [DEBUG] debug-file - Incremental task news:default@CreateHarBuildProfile pre-execution cost: 1 ms .
[2025-10-21T22:09:13.457] [DEBUG] debug-file - news : default@CreateHarBuildProfile cost memory 0.08231353759765625
[2025-10-21T22:09:13.457] [INFO] debug-file - UP-TO-DATE :news:default@CreateHarBuildProfile...  
[2025-10-21T22:09:13.459] [DEBUG] debug-file - jsonObjWithoutParam {"utils":"file:../../commons/utils","uicomponents":"file:../../commons/uicomponents"} at undefined
[2025-10-21T22:09:13.459] [DEBUG] debug-file - jsonObjWithoutParam {"name":"video","version":"1.0.0","description":"Please describe the basic information.","main":"Index.ets","author":"","license":"Apache-2.0","dependencies":{"utils":"file:../../commons/utils","uicomponents":"file:../../commons/uicomponents"}} at undefined
[2025-10-21T22:09:13.460] [DEBUG] debug-file - Executing task :video:default@CreateHarBuildProfile
[2025-10-21T22:09:13.460] [DEBUG] debug-file - Task 'video:default@CreateHarBuildProfile' cost while wrapping incremental declarations: 1 ms 
[2025-10-21T22:09:13.460] [DEBUG] debug-file - Incremental task video:default@CreateHarBuildProfile pre-execution cost: 1 ms .
[2025-10-21T22:09:13.460] [DEBUG] debug-file - video : default@CreateHarBuildProfile cost memory 0.082672119140625
[2025-10-21T22:09:13.461] [INFO] debug-file - UP-TO-DATE :video:default@CreateHarBuildProfile...  
[2025-10-21T22:09:13.462] [DEBUG] debug-file - jsonObjWithoutParam {"utils":"file:../../commons/utils","uicomponents":"file:../../commons/uicomponents"} at undefined
[2025-10-21T22:09:13.462] [DEBUG] debug-file - jsonObjWithoutParam {"name":"quickstart","version":"1.0.0","description":"Please describe the basic information.","main":"Index.ets","author":"","license":"Apache-2.0","dependencies":{"utils":"file:../../commons/utils","uicomponents":"file:../../commons/uicomponents"}} at undefined
[2025-10-21T22:09:13.462] [DEBUG] debug-file - Executing task :quickstart:default@CreateHarBuildProfile
[2025-10-21T22:09:13.462] [DEBUG] debug-file - Task 'quickstart:default@CreateHarBuildProfile' cost while wrapping incremental declarations: 1 ms 
[2025-10-21T22:09:13.463] [DEBUG] debug-file - Incremental task quickstart:default@CreateHarBuildProfile pre-execution cost: 1 ms .
[2025-10-21T22:09:13.463] [DEBUG] debug-file - quickstart : default@CreateHarBuildProfile cost memory 0.08283233642578125
[2025-10-21T22:09:13.463] [INFO] debug-file - UP-TO-DATE :quickstart:default@CreateHarBuildProfile...  
[2025-10-21T22:09:13.464] [DEBUG] debug-file - jsonObjWithoutParam {"uicomponents":"file:../../commons/uicomponents","utils":"file:../../commons/utils"} at undefined
[2025-10-21T22:09:13.464] [DEBUG] debug-file - jsonObjWithoutParam {"name":"follows","version":"1.0.0","description":"Please describe the basic information.","main":"Index.ets","author":"","license":"Apache-2.0","dependencies":{"uicomponents":"file:../../commons/uicomponents","utils":"file:../../commons/utils"}} at undefined
[2025-10-21T22:09:13.465] [DEBUG] debug-file - Executing task :follows:default@CreateHarBuildProfile
[2025-10-21T22:09:13.465] [DEBUG] debug-file - Task 'follows:default@CreateHarBuildProfile' cost while wrapping incremental declarations: 1 ms 
[2025-10-21T22:09:13.465] [DEBUG] debug-file - Incremental task follows:default@CreateHarBuildProfile pre-execution cost: 1 ms .
[2025-10-21T22:09:13.465] [DEBUG] debug-file - follows : default@CreateHarBuildProfile cost memory 0.0829315185546875
[2025-10-21T22:09:13.466] [INFO] debug-file - UP-TO-DATE :follows:default@CreateHarBuildProfile...  
[2025-10-21T22:09:13.467] [DEBUG] debug-file - jsonObjWithoutParam {} at undefined
[2025-10-21T22:09:13.467] [DEBUG] debug-file - jsonObjWithoutParam {"name":"uicomponents","version":"1.0.0","description":"Please describe the basic information.","main":"Index.ets","author":"","license":"Apache-2.0","dependencies":{}} at undefined
[2025-10-21T22:09:13.467] [DEBUG] debug-file - Executing task :uicomponents:default@BuildNativeWithCmake
[2025-10-21T22:09:13.467] [DEBUG] debug-file - jsonObjWithoutParam {} at undefined
[2025-10-21T22:09:13.467] [DEBUG] debug-file - jsonObjWithoutParam {"name":"uicomponents","version":"1.0.0","description":"Please describe the basic information.","main":"Index.ets","author":"","license":"Apache-2.0","dependencies":{}} at undefined
[2025-10-21T22:09:13.467] [DEBUG] debug-file - uicomponents : default@BuildNativeWithCmake cost memory 0.03763580322265625
[2025-10-21T22:09:13.467] [DEBUG] debug-file - runTaskFromQueue task cost before running: 942 ms 
[2025-10-21T22:09:13.467] [INFO] debug-file - Finished :uicomponents:default@BuildNativeWithCmake... after 1 ms 
[2025-10-21T22:09:13.468] [DEBUG] debug-file - jsonObjWithoutParam {"utils":"file:../../commons/utils","uicomponents":"file:../../commons/uicomponents"} at undefined
[2025-10-21T22:09:13.469] [DEBUG] debug-file - jsonObjWithoutParam {"name":"news","version":"1.0.0","description":"Please describe the basic information.","main":"Index.ets","author":"","license":"Apache-2.0","dependencies":{"utils":"file:../../commons/utils","uicomponents":"file:../../commons/uicomponents"}} at undefined
[2025-10-21T22:09:13.469] [DEBUG] debug-file - Executing task :news:default@MergeProfile
[2025-10-21T22:09:13.470] [DEBUG] debug-file - Incremental task news:default@MergeProfile pre-execution cost: 1 ms .
[2025-10-21T22:09:13.471] [DEBUG] debug-file - news : default@MergeProfile cost memory 0.170867919921875
[2025-10-21T22:09:13.471] [INFO] debug-file - UP-TO-DATE :news:default@MergeProfile...  
[2025-10-21T22:09:13.472] [DEBUG] debug-file - jsonObjWithoutParam {"utils":"file:../../commons/utils","uicomponents":"file:../../commons/uicomponents"} at undefined
[2025-10-21T22:09:13.472] [DEBUG] debug-file - jsonObjWithoutParam {"name":"video","version":"1.0.0","description":"Please describe the basic information.","main":"Index.ets","author":"","license":"Apache-2.0","dependencies":{"utils":"file:../../commons/utils","uicomponents":"file:../../commons/uicomponents"}} at undefined
[2025-10-21T22:09:13.473] [DEBUG] debug-file - Executing task :video:default@MergeProfile
[2025-10-21T22:09:13.474] [DEBUG] debug-file - Incremental task video:default@MergeProfile pre-execution cost: 1 ms .
[2025-10-21T22:09:13.474] [DEBUG] debug-file - video : default@MergeProfile cost memory 0.17110443115234375
[2025-10-21T22:09:13.474] [INFO] debug-file - UP-TO-DATE :video:default@MergeProfile...  
[2025-10-21T22:09:13.476] [DEBUG] debug-file - jsonObjWithoutParam {"utils":"file:../../commons/utils","uicomponents":"file:../../commons/uicomponents"} at undefined
[2025-10-21T22:09:13.476] [DEBUG] debug-file - jsonObjWithoutParam {"name":"quickstart","version":"1.0.0","description":"Please describe the basic information.","main":"Index.ets","author":"","license":"Apache-2.0","dependencies":{"utils":"file:../../commons/utils","uicomponents":"file:../../commons/uicomponents"}} at undefined
[2025-10-21T22:09:13.477] [DEBUG] debug-file - Executing task :quickstart:default@MergeProfile
[2025-10-21T22:09:13.479] [DEBUG] debug-file - Incremental task quickstart:default@MergeProfile pre-execution cost: 1 ms .
[2025-10-21T22:09:13.479] [DEBUG] debug-file - quickstart : default@MergeProfile cost memory 0.17241668701171875
[2025-10-21T22:09:13.479] [INFO] debug-file - UP-TO-DATE :quickstart:default@MergeProfile...  
[2025-10-21T22:09:13.480] [DEBUG] debug-file - jsonObjWithoutParam {"uicomponents":"file:../../commons/uicomponents","utils":"file:../../commons/utils"} at undefined
[2025-10-21T22:09:13.480] [DEBUG] debug-file - jsonObjWithoutParam {"name":"follows","version":"1.0.0","description":"Please describe the basic information.","main":"Index.ets","author":"","license":"Apache-2.0","dependencies":{"uicomponents":"file:../../commons/uicomponents","utils":"file:../../commons/utils"}} at undefined
[2025-10-21T22:09:13.480] [DEBUG] debug-file - Executing task :follows:default@MergeProfile
[2025-10-21T22:09:13.485] [DEBUG] debug-file - Incremental task follows:default@MergeProfile pre-execution cost: 2 ms .
[2025-10-21T22:09:13.485] [DEBUG] debug-file - follows : default@MergeProfile cost memory -6.543678283691406
[2025-10-21T22:09:13.485] [INFO] debug-file - UP-TO-DATE :follows:default@MergeProfile...  
[2025-10-21T22:09:13.488] [DEBUG] debug-file - jsonObjWithoutParam {"video":"file:../../features/video","news":"file:../../features/news","quickstart":"file:../../features/quickstart","follow":"file:../../features/follows","mine":"file:../../features/mine","login":"file:../../features/login","uicomponents":"file:../../commons/uicomponents","utils":"file:../../commons/utils"} at undefined
[2025-10-21T22:09:13.488] [DEBUG] debug-file - jsonObjWithoutParam {"name":"default","version":"1.0.0","description":"Please describe the basic information.","main":"","author":"","license":"","dependencies":{"video":"file:../../features/video","news":"file:../../features/news","quickstart":"file:../../features/quickstart","follow":"file:../../features/follows","mine":"file:../../features/mine","login":"file:../../features/login","uicomponents":"file:../../commons/uicomponents","utils":"file:../../commons/utils"}} at undefined
[2025-10-21T22:09:13.489] [DEBUG] debug-file - Module 'video' target 'default' using build option: {
  "debuggable": true,
  "copyFrom": "default",
  "name": "debug"
} in this build.
[2025-10-21T22:09:13.489] [DEBUG] debug-file - Module 'news' target 'default' using build option: {
  "debuggable": true,
  "copyFrom": "default",
  "name": "debug"
} in this build.
[2025-10-21T22:09:13.489] [DEBUG] debug-file - Module 'quickstart' target 'default' using build option: {
  "debuggable": true,
  "copyFrom": "default",
  "name": "debug"
} in this build.
[2025-10-21T22:09:13.489] [DEBUG] debug-file - Module 'follows' target 'default' using build option: {
  "debuggable": true,
  "copyFrom": "default",
  "name": "debug"
} in this build.
[2025-10-21T22:09:13.489] [DEBUG] debug-file - Module 'mine' target 'default' using build option: {
  "debuggable": true,
  "copyFrom": "default",
  "name": "debug"
} in this build.
[2025-10-21T22:09:13.489] [DEBUG] debug-file - Module 'login' target 'default' using build option: {
  "debuggable": true,
  "copyFrom": "default",
  "name": "debug"
} in this build.
[2025-10-21T22:09:13.490] [DEBUG] debug-file - Module 'uicomponents' target 'default' using build option: {
  "debuggable": true,
  "copyFrom": "default",
  "name": "debug"
} in this build.
[2025-10-21T22:09:13.490] [DEBUG] debug-file - Module 'utils' target 'default' using build option: {
  "debuggable": true,
  "copyFrom": "default",
  "name": "debug"
} in this build.
[2025-10-21T22:09:13.493] [DEBUG] debug-file - Executing task :default:default@GenerateLoaderJson
[2025-10-21T22:09:13.496] [DEBUG] debug-file - Module 'video' target 'default' using build option: {
  "debuggable": true,
  "copyFrom": "default",
  "name": "debug"
} in this build.
[2025-10-21T22:09:13.496] [DEBUG] debug-file - Module 'news' target 'default' using build option: {
  "debuggable": true,
  "copyFrom": "default",
  "name": "debug"
} in this build.
[2025-10-21T22:09:13.496] [DEBUG] debug-file - Module 'quickstart' target 'default' using build option: {
  "debuggable": true,
  "copyFrom": "default",
  "name": "debug"
} in this build.
[2025-10-21T22:09:13.496] [DEBUG] debug-file - Module 'follows' target 'default' using build option: {
  "debuggable": true,
  "copyFrom": "default",
  "name": "debug"
} in this build.
[2025-10-21T22:09:13.496] [DEBUG] debug-file - Module 'mine' target 'default' using build option: {
  "debuggable": true,
  "copyFrom": "default",
  "name": "debug"
} in this build.
[2025-10-21T22:09:13.496] [DEBUG] debug-file - Module 'login' target 'default' using build option: {
  "debuggable": true,
  "copyFrom": "default",
  "name": "debug"
} in this build.
[2025-10-21T22:09:13.497] [DEBUG] debug-file - Module 'uicomponents' target 'default' using build option: {
  "debuggable": true,
  "copyFrom": "default",
  "name": "debug"
} in this build.
[2025-10-21T22:09:13.497] [DEBUG] debug-file - Module 'utils' target 'default' using build option: {
  "debuggable": true,
  "copyFrom": "default",
  "name": "debug"
} in this build.
[2025-10-21T22:09:13.520] [DEBUG] debug-file - Module 'video' target 'default' using build option: {
  "debuggable": true,
  "copyFrom": "default",
  "name": "debug"
} in this build.
[2025-10-21T22:09:13.520] [DEBUG] debug-file - Module 'news' target 'default' using build option: {
  "debuggable": true,
  "copyFrom": "default",
  "name": "debug"
} in this build.
[2025-10-21T22:09:13.527] [DEBUG] debug-file - Module 'quickstart' target 'default' using build option: {
  "debuggable": true,
  "copyFrom": "default",
  "name": "debug"
} in this build.
[2025-10-21T22:09:13.527] [DEBUG] debug-file - Module 'follows' target 'default' using build option: {
  "debuggable": true,
  "copyFrom": "default",
  "name": "debug"
} in this build.
[2025-10-21T22:09:13.527] [DEBUG] debug-file - Module 'mine' target 'default' using build option: {
  "debuggable": true,
  "copyFrom": "default",
  "name": "debug"
} in this build.
[2025-10-21T22:09:13.527] [DEBUG] debug-file - Module 'login' target 'default' using build option: {
  "debuggable": true,
  "copyFrom": "default",
  "name": "debug"
} in this build.
[2025-10-21T22:09:13.527] [DEBUG] debug-file - Module 'uicomponents' target 'default' using build option: {
  "debuggable": true,
  "copyFrom": "default",
  "name": "debug"
} in this build.
[2025-10-21T22:09:13.527] [DEBUG] debug-file - Module 'utils' target 'default' using build option: {
  "debuggable": true,
  "copyFrom": "default",
  "name": "debug"
} in this build.
[2025-10-21T22:09:13.530] [DEBUG] debug-file - Module 'video' target 'default' using build option: {
  "debuggable": true,
  "copyFrom": "default",
  "name": "debug"
} in this build.
[2025-10-21T22:09:13.531] [DEBUG] debug-file - Module 'news' target 'default' using build option: {
  "debuggable": true,
  "copyFrom": "default",
  "name": "debug"
} in this build.
[2025-10-21T22:09:13.531] [DEBUG] debug-file - Module 'quickstart' target 'default' using build option: {
  "debuggable": true,
  "copyFrom": "default",
  "name": "debug"
} in this build.
[2025-10-21T22:09:13.531] [DEBUG] debug-file - Module 'follows' target 'default' using build option: {
  "debuggable": true,
  "copyFrom": "default",
  "name": "debug"
} in this build.
[2025-10-21T22:09:13.531] [DEBUG] debug-file - Module 'mine' target 'default' using build option: {
  "debuggable": true,
  "copyFrom": "default",
  "name": "debug"
} in this build.
[2025-10-21T22:09:13.531] [DEBUG] debug-file - Module 'login' target 'default' using build option: {
  "debuggable": true,
  "copyFrom": "default",
  "name": "debug"
} in this build.
[2025-10-21T22:09:13.531] [DEBUG] debug-file - Module 'uicomponents' target 'default' using build option: {
  "debuggable": true,
  "copyFrom": "default",
  "name": "debug"
} in this build.
[2025-10-21T22:09:13.531] [DEBUG] debug-file - Module 'utils' target 'default' using build option: {
  "debuggable": true,
  "copyFrom": "default",
  "name": "debug"
} in this build.
[2025-10-21T22:09:13.534] [DEBUG] debug-file - Module 'video' target 'default' using build option: {
  "debuggable": true,
  "copyFrom": "default",
  "name": "debug"
} in this build.
[2025-10-21T22:09:13.534] [DEBUG] debug-file - Module 'news' target 'default' using build option: {
  "debuggable": true,
  "copyFrom": "default",
  "name": "debug"
} in this build.
[2025-10-21T22:09:13.534] [DEBUG] debug-file - Module 'quickstart' target 'default' using build option: {
  "debuggable": true,
  "copyFrom": "default",
  "name": "debug"
} in this build.
[2025-10-21T22:09:13.534] [DEBUG] debug-file - Module 'follows' target 'default' using build option: {
  "debuggable": true,
  "copyFrom": "default",
  "name": "debug"
} in this build.
[2025-10-21T22:09:13.534] [DEBUG] debug-file - Module 'mine' target 'default' using build option: {
  "debuggable": true,
  "copyFrom": "default",
  "name": "debug"
} in this build.
[2025-10-21T22:09:13.534] [DEBUG] debug-file - Module 'login' target 'default' using build option: {
  "debuggable": true,
  "copyFrom": "default",
  "name": "debug"
} in this build.
[2025-10-21T22:09:13.534] [DEBUG] debug-file - Module 'uicomponents' target 'default' using build option: {
  "debuggable": true,
  "copyFrom": "default",
  "name": "debug"
} in this build.
[2025-10-21T22:09:13.534] [DEBUG] debug-file - Module 'utils' target 'default' using build option: {
  "debuggable": true,
  "copyFrom": "default",
  "name": "debug"
} in this build.
[2025-10-21T22:09:13.536] [DEBUG] debug-file - Module 'video' target 'default' using build option: {
  "debuggable": true,
  "copyFrom": "default",
  "name": "debug"
} in this build.
[2025-10-21T22:09:13.536] [DEBUG] debug-file - Module 'news' target 'default' using build option: {
  "debuggable": true,
  "copyFrom": "default",
  "name": "debug"
} in this build.
[2025-10-21T22:09:13.536] [DEBUG] debug-file - Module 'quickstart' target 'default' using build option: {
  "debuggable": true,
  "copyFrom": "default",
  "name": "debug"
} in this build.
[2025-10-21T22:09:13.536] [DEBUG] debug-file - Module 'follows' target 'default' using build option: {
  "debuggable": true,
  "copyFrom": "default",
  "name": "debug"
} in this build.
[2025-10-21T22:09:13.536] [DEBUG] debug-file - Module 'mine' target 'default' using build option: {
  "debuggable": true,
  "copyFrom": "default",
  "name": "debug"
} in this build.
[2025-10-21T22:09:13.536] [DEBUG] debug-file - Module 'login' target 'default' using build option: {
  "debuggable": true,
  "copyFrom": "default",
  "name": "debug"
} in this build.
[2025-10-21T22:09:13.536] [DEBUG] debug-file - Module 'uicomponents' target 'default' using build option: {
  "debuggable": true,
  "copyFrom": "default",
  "name": "debug"
} in this build.
[2025-10-21T22:09:13.536] [DEBUG] debug-file - Module 'utils' target 'default' using build option: {
  "debuggable": true,
  "copyFrom": "default",
  "name": "debug"
} in this build.
[2025-10-21T22:09:13.536] [DEBUG] debug-file - Incremental task default:default@GenerateLoaderJson pre-execution cost: 10 ms .
[2025-10-21T22:09:13.537] [DEBUG] debug-file - default : default@GenerateLoaderJson cost memory -8.67791748046875
[2025-10-21T22:09:13.539] [DEBUG] debug-file - Module 'video' target 'default' using build option: {
  "debuggable": true,
  "copyFrom": "default",
  "name": "debug"
} in this build.
[2025-10-21T22:09:13.539] [DEBUG] debug-file - Module 'news' target 'default' using build option: {
  "debuggable": true,
  "copyFrom": "default",
  "name": "debug"
} in this build.
[2025-10-21T22:09:13.539] [DEBUG] debug-file - Module 'quickstart' target 'default' using build option: {
  "debuggable": true,
  "copyFrom": "default",
  "name": "debug"
} in this build.
[2025-10-21T22:09:13.539] [DEBUG] debug-file - Module 'follows' target 'default' using build option: {
  "debuggable": true,
  "copyFrom": "default",
  "name": "debug"
} in this build.
[2025-10-21T22:09:13.539] [DEBUG] debug-file - Module 'mine' target 'default' using build option: {
  "debuggable": true,
  "copyFrom": "default",
  "name": "debug"
} in this build.
[2025-10-21T22:09:13.539] [DEBUG] debug-file - Module 'login' target 'default' using build option: {
  "debuggable": true,
  "copyFrom": "default",
  "name": "debug"
} in this build.
[2025-10-21T22:09:13.539] [DEBUG] debug-file - Module 'uicomponents' target 'default' using build option: {
  "debuggable": true,
  "copyFrom": "default",
  "name": "debug"
} in this build.
[2025-10-21T22:09:13.539] [DEBUG] debug-file - Module 'utils' target 'default' using build option: {
  "debuggable": true,
  "copyFrom": "default",
  "name": "debug"
} in this build.
[2025-10-21T22:09:13.542] [DEBUG] debug-file - Module 'video' target 'default' using build option: {
  "debuggable": true,
  "copyFrom": "default",
  "name": "debug"
} in this build.
[2025-10-21T22:09:13.542] [DEBUG] debug-file - Module 'news' target 'default' using build option: {
  "debuggable": true,
  "copyFrom": "default",
  "name": "debug"
} in this build.
[2025-10-21T22:09:13.542] [DEBUG] debug-file - Module 'quickstart' target 'default' using build option: {
  "debuggable": true,
  "copyFrom": "default",
  "name": "debug"
} in this build.
[2025-10-21T22:09:13.542] [DEBUG] debug-file - Module 'follows' target 'default' using build option: {
  "debuggable": true,
  "copyFrom": "default",
  "name": "debug"
} in this build.
[2025-10-21T22:09:13.542] [DEBUG] debug-file - Module 'mine' target 'default' using build option: {
  "debuggable": true,
  "copyFrom": "default",
  "name": "debug"
} in this build.
[2025-10-21T22:09:13.542] [DEBUG] debug-file - Module 'login' target 'default' using build option: {
  "debuggable": true,
  "copyFrom": "default",
  "name": "debug"
} in this build.
[2025-10-21T22:09:13.542] [DEBUG] debug-file - Module 'uicomponents' target 'default' using build option: {
  "debuggable": true,
  "copyFrom": "default",
  "name": "debug"
} in this build.
[2025-10-21T22:09:13.542] [DEBUG] debug-file - Module 'utils' target 'default' using build option: {
  "debuggable": true,
  "copyFrom": "default",
  "name": "debug"
} in this build.
[2025-10-21T22:09:13.542] [INFO] debug-file - UP-TO-DATE :default:default@GenerateLoaderJson...  
[2025-10-21T22:09:13.544] [DEBUG] debug-file - jsonObjWithoutParam {"login":"file:../login"} at undefined
[2025-10-21T22:09:13.544] [DEBUG] debug-file - jsonObjWithoutParam {"name":"mine","version":"1.0.0","description":"Please describe the basic information.","main":"Index.ets","author":"","license":"Apache-2.0","dependencies":{"login":"file:../login"}} at undefined
[2025-10-21T22:09:13.544] [DEBUG] debug-file - Executing task :mine:default@CreateHarBuildProfile
[2025-10-21T22:09:13.545] [DEBUG] debug-file - Task 'mine:default@CreateHarBuildProfile' cost while wrapping incremental declarations: 1 ms 
[2025-10-21T22:09:13.545] [DEBUG] debug-file - Incremental task mine:default@CreateHarBuildProfile pre-execution cost: 1 ms .
[2025-10-21T22:09:13.545] [DEBUG] debug-file - mine : default@CreateHarBuildProfile cost memory 0.08266448974609375
[2025-10-21T22:09:13.545] [INFO] debug-file - UP-TO-DATE :mine:default@CreateHarBuildProfile...  
[2025-10-21T22:09:13.546] [DEBUG] debug-file - jsonObjWithoutParam {} at undefined
[2025-10-21T22:09:13.546] [DEBUG] debug-file - jsonObjWithoutParam {"name":"utils","version":"1.0.0","description":"Please describe the basic information.","main":"Index.ets","author":"","license":"Apache-2.0","dependencies":{}} at undefined
[2025-10-21T22:09:13.547] [DEBUG] debug-file - Executing task :utils:default@BuildNativeWithNinja
[2025-10-21T22:09:13.547] [DEBUG] debug-file - jsonObjWithoutParam {} at undefined
[2025-10-21T22:09:13.547] [DEBUG] debug-file - jsonObjWithoutParam {"name":"utils","version":"1.0.0","description":"Please describe the basic information.","main":"Index.ets","author":"","license":"Apache-2.0","dependencies":{}} at undefined
[2025-10-21T22:09:13.547] [DEBUG] debug-file - utils : default@BuildNativeWithNinja cost memory 0.05614471435546875
[2025-10-21T22:09:13.547] [DEBUG] debug-file - runTaskFromQueue task cost before running: 1 s 22 ms 
[2025-10-21T22:09:13.547] [INFO] debug-file - Finished :utils:default@BuildNativeWithNinja... after 1 ms 
[2025-10-21T22:09:13.549] [DEBUG] debug-file - jsonObjWithoutParam {"utils":"file:../../commons/utils","BackendConfig":"file:../../commons/utils"} at undefined
[2025-10-21T22:09:13.549] [DEBUG] debug-file - jsonObjWithoutParam {"name":"login","version":"1.0.0","description":"Please describe the basic information.","main":"Index.ets","author":"","license":"Apache-2.0","dependencies":{"utils":"file:../../commons/utils","BackendConfig":"file:../../commons/utils"}} at undefined
[2025-10-21T22:09:13.549] [DEBUG] debug-file - Executing task :login:default@ConfigureCmake
[2025-10-21T22:09:13.549] [DEBUG] debug-file - jsonObjWithoutParam {"utils":"file:../../commons/utils","BackendConfig":"file:../../commons/utils"} at undefined
[2025-10-21T22:09:13.549] [DEBUG] debug-file - jsonObjWithoutParam {"name":"login","version":"1.0.0","description":"Please describe the basic information.","main":"Index.ets","author":"","license":"Apache-2.0","dependencies":{"utils":"file:../../commons/utils","BackendConfig":"file:../../commons/utils"}} at undefined
[2025-10-21T22:09:13.549] [DEBUG] debug-file - login : default@ConfigureCmake cost memory 0.039093017578125
[2025-10-21T22:09:13.549] [DEBUG] debug-file - runTaskFromQueue task cost before running: 1 s 24 ms 
[2025-10-21T22:09:13.549] [INFO] debug-file - Finished :login:default@ConfigureCmake... after 1 ms 
[2025-10-21T22:09:13.551] [DEBUG] debug-file - jsonObjWithoutParam {"login":"file:../login"} at undefined
[2025-10-21T22:09:13.551] [DEBUG] debug-file - jsonObjWithoutParam {"name":"mine","version":"1.0.0","description":"Please describe the basic information.","main":"Index.ets","author":"","license":"Apache-2.0","dependencies":{"login":"file:../login"}} at undefined
[2025-10-21T22:09:13.551] [DEBUG] debug-file - Executing task :mine:default@MergeProfile
[2025-10-21T22:09:13.553] [DEBUG] debug-file - Incremental task mine:default@MergeProfile pre-execution cost: 1 ms .
[2025-10-21T22:09:13.553] [DEBUG] debug-file - mine : default@MergeProfile cost memory 0.1701812744140625
[2025-10-21T22:09:13.553] [INFO] debug-file - UP-TO-DATE :mine:default@MergeProfile...  
[2025-10-21T22:09:13.554] [DEBUG] debug-file - jsonObjWithoutParam {"utils":"file:../../commons/utils","uicomponents":"file:../../commons/uicomponents"} at undefined
[2025-10-21T22:09:13.555] [DEBUG] debug-file - jsonObjWithoutParam {"name":"news","version":"1.0.0","description":"Please describe the basic information.","main":"Index.ets","author":"","license":"Apache-2.0","dependencies":{"utils":"file:../../commons/utils","uicomponents":"file:../../commons/uicomponents"}} at undefined
[2025-10-21T22:09:13.555] [DEBUG] debug-file - Executing task :news:default@ConfigureCmake
[2025-10-21T22:09:13.555] [DEBUG] debug-file - jsonObjWithoutParam {"utils":"file:../../commons/utils","uicomponents":"file:../../commons/uicomponents"} at undefined
[2025-10-21T22:09:13.555] [DEBUG] debug-file - jsonObjWithoutParam {"name":"news","version":"1.0.0","description":"Please describe the basic information.","main":"Index.ets","author":"","license":"Apache-2.0","dependencies":{"utils":"file:../../commons/utils","uicomponents":"file:../../commons/uicomponents"}} at undefined
[2025-10-21T22:09:13.555] [DEBUG] debug-file - news : default@ConfigureCmake cost memory 0.039154052734375
[2025-10-21T22:09:13.555] [DEBUG] debug-file - runTaskFromQueue task cost before running: 1 s 30 ms 
[2025-10-21T22:09:13.555] [INFO] debug-file - Finished :news:default@ConfigureCmake... after 1 ms 
[2025-10-21T22:09:13.556] [DEBUG] debug-file - jsonObjWithoutParam {"utils":"file:../../commons/utils","uicomponents":"file:../../commons/uicomponents"} at undefined
[2025-10-21T22:09:13.556] [DEBUG] debug-file - jsonObjWithoutParam {"name":"video","version":"1.0.0","description":"Please describe the basic information.","main":"Index.ets","author":"","license":"Apache-2.0","dependencies":{"utils":"file:../../commons/utils","uicomponents":"file:../../commons/uicomponents"}} at undefined
[2025-10-21T22:09:13.556] [DEBUG] debug-file - Executing task :video:default@ConfigureCmake
[2025-10-21T22:09:13.556] [DEBUG] debug-file - jsonObjWithoutParam {"utils":"file:../../commons/utils","uicomponents":"file:../../commons/uicomponents"} at undefined
[2025-10-21T22:09:13.556] [DEBUG] debug-file - jsonObjWithoutParam {"name":"video","version":"1.0.0","description":"Please describe the basic information.","main":"Index.ets","author":"","license":"Apache-2.0","dependencies":{"utils":"file:../../commons/utils","uicomponents":"file:../../commons/uicomponents"}} at undefined
[2025-10-21T22:09:13.557] [DEBUG] debug-file - video : default@ConfigureCmake cost memory 0.03917694091796875
[2025-10-21T22:09:13.557] [DEBUG] debug-file - runTaskFromQueue task cost before running: 1 s 31 ms 
[2025-10-21T22:09:13.557] [INFO] debug-file - Finished :video:default@ConfigureCmake... after 1 ms 
[2025-10-21T22:09:13.558] [DEBUG] debug-file - jsonObjWithoutParam {"utils":"file:../../commons/utils","uicomponents":"file:../../commons/uicomponents"} at undefined
[2025-10-21T22:09:13.558] [DEBUG] debug-file - jsonObjWithoutParam {"name":"quickstart","version":"1.0.0","description":"Please describe the basic information.","main":"Index.ets","author":"","license":"Apache-2.0","dependencies":{"utils":"file:../../commons/utils","uicomponents":"file:../../commons/uicomponents"}} at undefined
[2025-10-21T22:09:13.558] [DEBUG] debug-file - Executing task :quickstart:default@ConfigureCmake
[2025-10-21T22:09:13.558] [DEBUG] debug-file - jsonObjWithoutParam {"utils":"file:../../commons/utils","uicomponents":"file:../../commons/uicomponents"} at undefined
[2025-10-21T22:09:13.558] [DEBUG] debug-file - jsonObjWithoutParam {"name":"quickstart","version":"1.0.0","description":"Please describe the basic information.","main":"Index.ets","author":"","license":"Apache-2.0","dependencies":{"utils":"file:../../commons/utils","uicomponents":"file:../../commons/uicomponents"}} at undefined
[2025-10-21T22:09:13.558] [DEBUG] debug-file - quickstart : default@ConfigureCmake cost memory 0.040283203125
[2025-10-21T22:09:13.558] [DEBUG] debug-file - runTaskFromQueue task cost before running: 1 s 33 ms 
[2025-10-21T22:09:13.558] [INFO] debug-file - Finished :quickstart:default@ConfigureCmake... after 1 ms 
[2025-10-21T22:09:13.559] [DEBUG] debug-file - jsonObjWithoutParam {} at undefined
[2025-10-21T22:09:13.559] [DEBUG] debug-file - jsonObjWithoutParam {"name":"uicomponents","version":"1.0.0","description":"Please describe the basic information.","main":"Index.ets","author":"","license":"Apache-2.0","dependencies":{}} at undefined
[2025-10-21T22:09:13.560] [DEBUG] debug-file - Executing task :uicomponents:default@BuildNativeWithNinja
[2025-10-21T22:09:13.560] [DEBUG] debug-file - jsonObjWithoutParam {} at undefined
[2025-10-21T22:09:13.560] [DEBUG] debug-file - jsonObjWithoutParam {"name":"uicomponents","version":"1.0.0","description":"Please describe the basic information.","main":"Index.ets","author":"","license":"Apache-2.0","dependencies":{}} at undefined
[2025-10-21T22:09:13.560] [DEBUG] debug-file - uicomponents : default@BuildNativeWithNinja cost memory 0.0567779541015625
[2025-10-21T22:09:13.560] [DEBUG] debug-file - runTaskFromQueue task cost before running: 1 s 35 ms 
[2025-10-21T22:09:13.561] [INFO] debug-file - Finished :uicomponents:default@BuildNativeWithNinja... after 1 ms 
[2025-10-21T22:09:13.562] [DEBUG] debug-file - jsonObjWithoutParam {"uicomponents":"file:../../commons/uicomponents","utils":"file:../../commons/utils"} at undefined
[2025-10-21T22:09:13.562] [DEBUG] debug-file - jsonObjWithoutParam {"name":"follows","version":"1.0.0","description":"Please describe the basic information.","main":"Index.ets","author":"","license":"Apache-2.0","dependencies":{"uicomponents":"file:../../commons/uicomponents","utils":"file:../../commons/utils"}} at undefined
[2025-10-21T22:09:13.562] [DEBUG] debug-file - Executing task :follows:default@ConfigureCmake
[2025-10-21T22:09:13.562] [DEBUG] debug-file - jsonObjWithoutParam {"uicomponents":"file:../../commons/uicomponents","utils":"file:../../commons/utils"} at undefined
[2025-10-21T22:09:13.562] [DEBUG] debug-file - jsonObjWithoutParam {"name":"follows","version":"1.0.0","description":"Please describe the basic information.","main":"Index.ets","author":"","license":"Apache-2.0","dependencies":{"uicomponents":"file:../../commons/uicomponents","utils":"file:../../commons/utils"}} at undefined
[2025-10-21T22:09:13.562] [DEBUG] debug-file - follows : default@ConfigureCmake cost memory 0.04022979736328125
[2025-10-21T22:09:13.563] [DEBUG] debug-file - runTaskFromQueue task cost before running: 1 s 37 ms 
[2025-10-21T22:09:13.563] [INFO] debug-file - Finished :follows:default@ConfigureCmake... after 1 ms 
[2025-10-21T22:09:13.564] [DEBUG] debug-file - jsonObjWithoutParam {"video":"file:../../features/video","news":"file:../../features/news","quickstart":"file:../../features/quickstart","follow":"file:../../features/follows","mine":"file:../../features/mine","login":"file:../../features/login","uicomponents":"file:../../commons/uicomponents","utils":"file:../../commons/utils"} at undefined
[2025-10-21T22:09:13.564] [DEBUG] debug-file - jsonObjWithoutParam {"name":"default","version":"1.0.0","description":"Please describe the basic information.","main":"","author":"","license":"","dependencies":{"video":"file:../../features/video","news":"file:../../features/news","quickstart":"file:../../features/quickstart","follow":"file:../../features/follows","mine":"file:../../features/mine","login":"file:../../features/login","uicomponents":"file:../../commons/uicomponents","utils":"file:../../commons/utils"}} at undefined
[2025-10-21T22:09:13.565] [DEBUG] debug-file - Executing task :default:default@CreateBuildProfile
[2025-10-21T22:09:13.565] [DEBUG] debug-file - Task 'default:default@CreateBuildProfile' cost while wrapping incremental declarations: 1 ms 
[2025-10-21T22:09:13.566] [DEBUG] debug-file - Incremental task default:default@CreateBuildProfile pre-execution cost: 1 ms .
[2025-10-21T22:09:13.566] [DEBUG] debug-file - default : default@CreateBuildProfile cost memory 0.10066986083984375
[2025-10-21T22:09:13.566] [INFO] debug-file - UP-TO-DATE :default:default@CreateBuildProfile...  
[2025-10-21T22:09:13.567] [DEBUG] debug-file - jsonObjWithoutParam {} at undefined
[2025-10-21T22:09:13.567] [DEBUG] debug-file - jsonObjWithoutParam {"name":"utils","version":"1.0.0","description":"Please describe the basic information.","main":"Index.ets","author":"","license":"Apache-2.0","dependencies":{}} at undefined
[2025-10-21T22:09:13.568] [DEBUG] debug-file - Executing task :utils:default@ProcessLibs
[2025-10-21T22:09:13.570] [DEBUG] debug-file - Incremental task utils:default@ProcessLibs pre-execution cost: 1 ms .
[2025-10-21T22:09:13.570] [DEBUG] debug-file - utils : default@ProcessLibs cost memory 0.19242095947265625
[2025-10-21T22:09:13.570] [INFO] debug-file - UP-TO-DATE :utils:default@ProcessLibs...  
[2025-10-21T22:09:13.571] [DEBUG] debug-file - jsonObjWithoutParam {"utils":"file:../../commons/utils","BackendConfig":"file:../../commons/utils"} at undefined
[2025-10-21T22:09:13.571] [DEBUG] debug-file - jsonObjWithoutParam {"name":"login","version":"1.0.0","description":"Please describe the basic information.","main":"Index.ets","author":"","license":"Apache-2.0","dependencies":{"utils":"file:../../commons/utils","BackendConfig":"file:../../commons/utils"}} at undefined
[2025-10-21T22:09:13.572] [DEBUG] debug-file - Executing task :login:default@BuildNativeWithCmake
[2025-10-21T22:09:13.572] [DEBUG] debug-file - jsonObjWithoutParam {"utils":"file:../../commons/utils","BackendConfig":"file:../../commons/utils"} at undefined
[2025-10-21T22:09:13.572] [DEBUG] debug-file - jsonObjWithoutParam {"name":"login","version":"1.0.0","description":"Please describe the basic information.","main":"Index.ets","author":"","license":"Apache-2.0","dependencies":{"utils":"file:../../commons/utils","BackendConfig":"file:../../commons/utils"}} at undefined
[2025-10-21T22:09:13.572] [DEBUG] debug-file - login : default@BuildNativeWithCmake cost memory 0.0401458740234375
[2025-10-21T22:09:13.572] [DEBUG] debug-file - runTaskFromQueue task cost before running: 1 s 47 ms 
[2025-10-21T22:09:13.572] [INFO] debug-file - Finished :login:default@BuildNativeWithCmake... after 1 ms 
[2025-10-21T22:09:13.573] [DEBUG] debug-file - jsonObjWithoutParam {"video":"file:../../features/video","news":"file:../../features/news","quickstart":"file:../../features/quickstart","follow":"file:../../features/follows","mine":"file:../../features/mine","login":"file:../../features/login","uicomponents":"file:../../commons/uicomponents","utils":"file:../../commons/utils"} at undefined
[2025-10-21T22:09:13.573] [DEBUG] debug-file - jsonObjWithoutParam {"name":"default","version":"1.0.0","description":"Please describe the basic information.","main":"","author":"","license":"","dependencies":{"video":"file:../../features/video","news":"file:../../features/news","quickstart":"file:../../features/quickstart","follow":"file:../../features/follows","mine":"file:../../features/mine","login":"file:../../features/login","uicomponents":"file:../../commons/uicomponents","utils":"file:../../commons/utils"}} at undefined
[2025-10-21T22:09:13.574] [DEBUG] debug-file - Executing task :default:default@MergeProfile
[2025-10-21T22:09:13.578] [DEBUG] debug-file - Incremental task default:default@MergeProfile pre-execution cost: 2 ms .
[2025-10-21T22:09:13.578] [DEBUG] debug-file - default : default@MergeProfile cost memory 0.4053192138671875
[2025-10-21T22:09:13.578] [INFO] debug-file - UP-TO-DATE :default:default@MergeProfile...  
[2025-10-21T22:09:13.580] [DEBUG] debug-file - jsonObjWithoutParam {"utils":"file:../../commons/utils","uicomponents":"file:../../commons/uicomponents"} at undefined
[2025-10-21T22:09:13.580] [DEBUG] debug-file - jsonObjWithoutParam {"name":"news","version":"1.0.0","description":"Please describe the basic information.","main":"Index.ets","author":"","license":"Apache-2.0","dependencies":{"utils":"file:../../commons/utils","uicomponents":"file:../../commons/uicomponents"}} at undefined
[2025-10-21T22:09:13.581] [DEBUG] debug-file - Executing task :news:default@BuildNativeWithCmake
[2025-10-21T22:09:13.581] [DEBUG] debug-file - jsonObjWithoutParam {"utils":"file:../../commons/utils","uicomponents":"file:../../commons/uicomponents"} at undefined
[2025-10-21T22:09:13.581] [DEBUG] debug-file - jsonObjWithoutParam {"name":"news","version":"1.0.0","description":"Please describe the basic information.","main":"Index.ets","author":"","license":"Apache-2.0","dependencies":{"utils":"file:../../commons/utils","uicomponents":"file:../../commons/uicomponents"}} at undefined
[2025-10-21T22:09:13.581] [DEBUG] debug-file - news : default@BuildNativeWithCmake cost memory 0.04021453857421875
[2025-10-21T22:09:13.581] [DEBUG] debug-file - runTaskFromQueue task cost before running: 1 s 56 ms 
[2025-10-21T22:09:13.581] [INFO] debug-file - Finished :news:default@BuildNativeWithCmake... after 1 ms 
[2025-10-21T22:09:13.582] [DEBUG] debug-file - jsonObjWithoutParam {"utils":"file:../../commons/utils","uicomponents":"file:../../commons/uicomponents"} at undefined
[2025-10-21T22:09:13.582] [DEBUG] debug-file - jsonObjWithoutParam {"name":"video","version":"1.0.0","description":"Please describe the basic information.","main":"Index.ets","author":"","license":"Apache-2.0","dependencies":{"utils":"file:../../commons/utils","uicomponents":"file:../../commons/uicomponents"}} at undefined
[2025-10-21T22:09:13.583] [DEBUG] debug-file - Executing task :video:default@BuildNativeWithCmake
[2025-10-21T22:09:13.583] [DEBUG] debug-file - jsonObjWithoutParam {"utils":"file:../../commons/utils","uicomponents":"file:../../commons/uicomponents"} at undefined
[2025-10-21T22:09:13.583] [DEBUG] debug-file - jsonObjWithoutParam {"name":"video","version":"1.0.0","description":"Please describe the basic information.","main":"Index.ets","author":"","license":"Apache-2.0","dependencies":{"utils":"file:../../commons/utils","uicomponents":"file:../../commons/uicomponents"}} at undefined
[2025-10-21T22:09:13.583] [DEBUG] debug-file - video : default@BuildNativeWithCmake cost memory 0.04022979736328125
[2025-10-21T22:09:13.583] [DEBUG] debug-file - runTaskFromQueue task cost before running: 1 s 58 ms 
[2025-10-21T22:09:13.583] [INFO] debug-file - Finished :video:default@BuildNativeWithCmake... after 1 ms 
[2025-10-21T22:09:13.584] [DEBUG] debug-file - jsonObjWithoutParam {"utils":"file:../../commons/utils","uicomponents":"file:../../commons/uicomponents"} at undefined
[2025-10-21T22:09:13.584] [DEBUG] debug-file - jsonObjWithoutParam {"name":"quickstart","version":"1.0.0","description":"Please describe the basic information.","main":"Index.ets","author":"","license":"Apache-2.0","dependencies":{"utils":"file:../../commons/utils","uicomponents":"file:../../commons/uicomponents"}} at undefined
[2025-10-21T22:09:13.585] [DEBUG] debug-file - Executing task :quickstart:default@BuildNativeWithCmake
[2025-10-21T22:09:13.585] [DEBUG] debug-file - jsonObjWithoutParam {"utils":"file:../../commons/utils","uicomponents":"file:../../commons/uicomponents"} at undefined
[2025-10-21T22:09:13.585] [DEBUG] debug-file - jsonObjWithoutParam {"name":"quickstart","version":"1.0.0","description":"Please describe the basic information.","main":"Index.ets","author":"","license":"Apache-2.0","dependencies":{"utils":"file:../../commons/utils","uicomponents":"file:../../commons/uicomponents"}} at undefined
[2025-10-21T22:09:13.585] [DEBUG] debug-file - quickstart : default@BuildNativeWithCmake cost memory 0.04030609130859375
[2025-10-21T22:09:13.585] [DEBUG] debug-file - runTaskFromQueue task cost before running: 1 s 60 ms 
[2025-10-21T22:09:13.585] [INFO] debug-file - Finished :quickstart:default@BuildNativeWithCmake... after 1 ms 
[2025-10-21T22:09:13.587] [DEBUG] debug-file - jsonObjWithoutParam {} at undefined
[2025-10-21T22:09:13.587] [DEBUG] debug-file - jsonObjWithoutParam {"name":"uicomponents","version":"1.0.0","description":"Please describe the basic information.","main":"Index.ets","author":"","license":"Apache-2.0","dependencies":{}} at undefined
[2025-10-21T22:09:13.588] [DEBUG] debug-file - Executing task :uicomponents:default@ProcessLibs
[2025-10-21T22:09:13.589] [DEBUG] debug-file - Incremental task uicomponents:default@ProcessLibs pre-execution cost: 1 ms .
[2025-10-21T22:09:13.589] [DEBUG] debug-file - uicomponents : default@ProcessLibs cost memory 0.1359100341796875
[2025-10-21T22:09:13.590] [INFO] debug-file - UP-TO-DATE :uicomponents:default@ProcessLibs...  
[2025-10-21T22:09:13.591] [DEBUG] debug-file - jsonObjWithoutParam {"uicomponents":"file:../../commons/uicomponents","utils":"file:../../commons/utils"} at undefined
[2025-10-21T22:09:13.591] [DEBUG] debug-file - jsonObjWithoutParam {"name":"follows","version":"1.0.0","description":"Please describe the basic information.","main":"Index.ets","author":"","license":"Apache-2.0","dependencies":{"uicomponents":"file:../../commons/uicomponents","utils":"file:../../commons/utils"}} at undefined
[2025-10-21T22:09:13.591] [DEBUG] debug-file - Executing task :follows:default@BuildNativeWithCmake
[2025-10-21T22:09:13.592] [DEBUG] debug-file - jsonObjWithoutParam {"uicomponents":"file:../../commons/uicomponents","utils":"file:../../commons/utils"} at undefined
[2025-10-21T22:09:13.592] [DEBUG] debug-file - jsonObjWithoutParam {"name":"follows","version":"1.0.0","description":"Please describe the basic information.","main":"Index.ets","author":"","license":"Apache-2.0","dependencies":{"uicomponents":"file:../../commons/uicomponents","utils":"file:../../commons/utils"}} at undefined
[2025-10-21T22:09:13.592] [DEBUG] debug-file - follows : default@BuildNativeWithCmake cost memory 0.04029083251953125
[2025-10-21T22:09:13.592] [DEBUG] debug-file - runTaskFromQueue task cost before running: 1 s 67 ms 
[2025-10-21T22:09:13.592] [INFO] debug-file - Finished :follows:default@BuildNativeWithCmake... after 1 ms 
[2025-10-21T22:09:13.594] [DEBUG] debug-file - jsonObjWithoutParam {} at undefined
[2025-10-21T22:09:13.594] [DEBUG] debug-file - jsonObjWithoutParam {"name":"utils","version":"1.0.0","description":"Please describe the basic information.","main":"Index.ets","author":"","license":"Apache-2.0","dependencies":{}} at undefined
[2025-10-21T22:09:13.595] [DEBUG] debug-file - Executing task :utils:default@DoNativeStrip
[2025-10-21T22:09:13.595] [DEBUG] debug-file - Task 'utils:default@DoNativeStrip' cost while wrapping incremental declarations: 1 ms 
[2025-10-21T22:09:13.596] [DEBUG] debug-file - Incremental task utils:default@DoNativeStrip pre-execution cost: 1 ms .
[2025-10-21T22:09:13.596] [DEBUG] debug-file - utils : default@DoNativeStrip cost memory 0.0778045654296875
[2025-10-21T22:09:13.596] [INFO] debug-file - UP-TO-DATE :utils:default@DoNativeStrip...  
[2025-10-21T22:09:13.600] [DEBUG] debug-file - jsonObjWithoutParam {"login":"file:../login"} at undefined
[2025-10-21T22:09:13.600] [DEBUG] debug-file - jsonObjWithoutParam {"name":"mine","version":"1.0.0","description":"Please describe the basic information.","main":"Index.ets","author":"","license":"Apache-2.0","dependencies":{"login":"file:../login"}} at undefined
[2025-10-21T22:09:13.600] [DEBUG] debug-file - Executing task :mine:default@ConfigureCmake
[2025-10-21T22:09:13.600] [DEBUG] debug-file - jsonObjWithoutParam {"login":"file:../login"} at undefined
[2025-10-21T22:09:13.600] [DEBUG] debug-file - jsonObjWithoutParam {"name":"mine","version":"1.0.0","description":"Please describe the basic information.","main":"Index.ets","author":"","license":"Apache-2.0","dependencies":{"login":"file:../login"}} at undefined
[2025-10-21T22:09:13.600] [DEBUG] debug-file - mine : default@ConfigureCmake cost memory 0.03845977783203125
[2025-10-21T22:09:13.600] [DEBUG] debug-file - runTaskFromQueue task cost before running: 1 s 75 ms 
[2025-10-21T22:09:13.600] [INFO] debug-file - Finished :mine:default@ConfigureCmake... after 1 ms 
[2025-10-21T22:09:13.602] [DEBUG] debug-file - jsonObjWithoutParam {"video":"file:../../features/video","news":"file:../../features/news","quickstart":"file:../../features/quickstart","follow":"file:../../features/follows","mine":"file:../../features/mine","login":"file:../../features/login","uicomponents":"file:../../commons/uicomponents","utils":"file:../../commons/utils"} at undefined
[2025-10-21T22:09:13.602] [DEBUG] debug-file - jsonObjWithoutParam {"name":"default","version":"1.0.0","description":"Please describe the basic information.","main":"","author":"","license":"","dependencies":{"video":"file:../../features/video","news":"file:../../features/news","quickstart":"file:../../features/quickstart","follow":"file:../../features/follows","mine":"file:../../features/mine","login":"file:../../features/login","uicomponents":"file:../../commons/uicomponents","utils":"file:../../commons/utils"}} at undefined
[2025-10-21T22:09:13.602] [DEBUG] debug-file - Executing task :default:default@MakePackInfo
[2025-10-21T22:09:13.604] [DEBUG] debug-file - Incremental task default:default@MakePackInfo pre-execution cost: 2 ms .
[2025-10-21T22:09:13.604] [DEBUG] debug-file - default : default@MakePackInfo cost memory 0.16168212890625
[2025-10-21T22:09:13.605] [INFO] debug-file - UP-TO-DATE :default:default@MakePackInfo...  
[2025-10-21T22:09:13.607] [DEBUG] debug-file - jsonObjWithoutParam {"video":"file:../../features/video","news":"file:../../features/news","quickstart":"file:../../features/quickstart","follow":"file:../../features/follows","mine":"file:../../features/mine","login":"file:../../features/login","uicomponents":"file:../../commons/uicomponents","utils":"file:../../commons/utils"} at undefined
[2025-10-21T22:09:13.607] [DEBUG] debug-file - jsonObjWithoutParam {"name":"default","version":"1.0.0","description":"Please describe the basic information.","main":"","author":"","license":"","dependencies":{"video":"file:../../features/video","news":"file:../../features/news","quickstart":"file:../../features/quickstart","follow":"file:../../features/follows","mine":"file:../../features/mine","login":"file:../../features/login","uicomponents":"file:../../commons/uicomponents","utils":"file:../../commons/utils"}} at undefined
[2025-10-21T22:09:13.608] [DEBUG] debug-file - Executing task :default:default@ProcessProfile
[2025-10-21T22:09:13.629] [DEBUG] debug-file - Incremental task default:default@ProcessProfile pre-execution cost: 1 ms .
[2025-10-21T22:09:13.630] [DEBUG] debug-file - default : default@ProcessProfile cost memory 0.12494659423828125
[2025-10-21T22:09:13.630] [INFO] debug-file - UP-TO-DATE :default:default@ProcessProfile...  
[2025-10-21T22:09:13.631] [DEBUG] debug-file - jsonObjWithoutParam {} at undefined
[2025-10-21T22:09:13.631] [DEBUG] debug-file - jsonObjWithoutParam {"name":"uicomponents","version":"1.0.0","description":"Please describe the basic information.","main":"Index.ets","author":"","license":"Apache-2.0","dependencies":{}} at undefined
[2025-10-21T22:09:13.632] [DEBUG] debug-file - Executing task :uicomponents:default@DoNativeStrip
[2025-10-21T22:09:13.633] [DEBUG] debug-file - Task 'uicomponents:default@DoNativeStrip' cost while wrapping incremental declarations: 1 ms 
[2025-10-21T22:09:13.633] [DEBUG] debug-file - Incremental task uicomponents:default@DoNativeStrip pre-execution cost: 1 ms .
[2025-10-21T22:09:13.633] [DEBUG] debug-file - uicomponents : default@DoNativeStrip cost memory 0.07675933837890625
[2025-10-21T22:09:13.633] [INFO] debug-file - UP-TO-DATE :uicomponents:default@DoNativeStrip...  
[2025-10-21T22:09:13.636] [DEBUG] debug-file - jsonObjWithoutParam {"utils":"file:../../commons/utils","BackendConfig":"file:../../commons/utils"} at undefined
[2025-10-21T22:09:13.636] [DEBUG] debug-file - jsonObjWithoutParam {"name":"login","version":"1.0.0","description":"Please describe the basic information.","main":"Index.ets","author":"","license":"Apache-2.0","dependencies":{"utils":"file:../../commons/utils","BackendConfig":"file:../../commons/utils"}} at undefined
[2025-10-21T22:09:13.636] [DEBUG] debug-file - Executing task :login:default@BuildNativeWithNinja
[2025-10-21T22:09:13.636] [DEBUG] debug-file - jsonObjWithoutParam {"utils":"file:../../commons/utils","BackendConfig":"file:../../commons/utils"} at undefined
[2025-10-21T22:09:13.636] [DEBUG] debug-file - jsonObjWithoutParam {"name":"login","version":"1.0.0","description":"Please describe the basic information.","main":"Index.ets","author":"","license":"Apache-2.0","dependencies":{"utils":"file:../../commons/utils","BackendConfig":"file:../../commons/utils"}} at undefined
[2025-10-21T22:09:13.637] [DEBUG] debug-file - login : default@BuildNativeWithNinja cost memory 0.0587921142578125
[2025-10-21T22:09:13.637] [DEBUG] debug-file - runTaskFromQueue task cost before running: 1 s 112 ms 
[2025-10-21T22:09:13.637] [INFO] debug-file - Finished :login:default@BuildNativeWithNinja... after 1 ms 
[2025-10-21T22:09:13.639] [DEBUG] debug-file - jsonObjWithoutParam {"login":"file:../login"} at undefined
[2025-10-21T22:09:13.639] [DEBUG] debug-file - jsonObjWithoutParam {"name":"mine","version":"1.0.0","description":"Please describe the basic information.","main":"Index.ets","author":"","license":"Apache-2.0","dependencies":{"login":"file:../login"}} at undefined
[2025-10-21T22:09:13.639] [DEBUG] debug-file - Executing task :mine:default@BuildNativeWithCmake
[2025-10-21T22:09:13.639] [DEBUG] debug-file - jsonObjWithoutParam {"login":"file:../login"} at undefined
[2025-10-21T22:09:13.639] [DEBUG] debug-file - jsonObjWithoutParam {"name":"mine","version":"1.0.0","description":"Please describe the basic information.","main":"Index.ets","author":"","license":"Apache-2.0","dependencies":{"login":"file:../login"}} at undefined
[2025-10-21T22:09:13.639] [DEBUG] debug-file - mine : default@BuildNativeWithCmake cost memory 0.0400848388671875
[2025-10-21T22:09:13.639] [DEBUG] debug-file - runTaskFromQueue task cost before running: 1 s 114 ms 
[2025-10-21T22:09:13.639] [INFO] debug-file - Finished :mine:default@BuildNativeWithCmake... after 1 ms 
[2025-10-21T22:09:13.642] [DEBUG] debug-file - jsonObjWithoutParam {"video":"file:../../features/video","news":"file:../../features/news","quickstart":"file:../../features/quickstart","follow":"file:../../features/follows","mine":"file:../../features/mine","login":"file:../../features/login","uicomponents":"file:../../commons/uicomponents","utils":"file:../../commons/utils"} at undefined
[2025-10-21T22:09:13.642] [DEBUG] debug-file - jsonObjWithoutParam {"name":"default","version":"1.0.0","description":"Please describe the basic information.","main":"","author":"","license":"","dependencies":{"video":"file:../../features/video","news":"file:../../features/news","quickstart":"file:../../features/quickstart","follow":"file:../../features/follows","mine":"file:../../features/mine","login":"file:../../features/login","uicomponents":"file:../../commons/uicomponents","utils":"file:../../commons/utils"}} at undefined
[2025-10-21T22:09:13.643] [DEBUG] debug-file - restool module names: default,news,video,quickstart,utils,uicomponents,mine,login,follows; moduleName=default, taskName=default@ProcessResource
[2025-10-21T22:09:13.664] [DEBUG] debug-file - Executing task :default:default@ProcessResource
[2025-10-21T22:09:13.666] [DEBUG] debug-file - Incremental task default:default@ProcessResource pre-execution cost: 2 ms .
[2025-10-21T22:09:13.666] [DEBUG] debug-file - default : default@ProcessResource cost memory 0.1766204833984375
[2025-10-21T22:09:13.667] [INFO] debug-file - UP-TO-DATE :default:default@ProcessResource...  
[2025-10-21T22:09:13.668] [DEBUG] debug-file - jsonObjWithoutParam {"utils":"file:../../commons/utils","uicomponents":"file:../../commons/uicomponents"} at undefined
[2025-10-21T22:09:13.668] [DEBUG] debug-file - jsonObjWithoutParam {"name":"news","version":"1.0.0","description":"Please describe the basic information.","main":"Index.ets","author":"","license":"Apache-2.0","dependencies":{"utils":"file:../../commons/utils","uicomponents":"file:../../commons/uicomponents"}} at undefined
[2025-10-21T22:09:13.669] [DEBUG] debug-file - Executing task :news:default@BuildNativeWithNinja
[2025-10-21T22:09:13.669] [DEBUG] debug-file - jsonObjWithoutParam {"utils":"file:../../commons/utils","uicomponents":"file:../../commons/uicomponents"} at undefined
[2025-10-21T22:09:13.669] [DEBUG] debug-file - jsonObjWithoutParam {"name":"news","version":"1.0.0","description":"Please describe the basic information.","main":"Index.ets","author":"","license":"Apache-2.0","dependencies":{"utils":"file:../../commons/utils","uicomponents":"file:../../commons/uicomponents"}} at undefined
[2025-10-21T22:09:13.669] [DEBUG] debug-file - news : default@BuildNativeWithNinja cost memory 0.05877685546875
[2025-10-21T22:09:13.669] [DEBUG] debug-file - runTaskFromQueue task cost before running: 1 s 144 ms 
[2025-10-21T22:09:13.670] [INFO] debug-file - Finished :news:default@BuildNativeWithNinja... after 1 ms 
[2025-10-21T22:09:13.671] [DEBUG] debug-file - jsonObjWithoutParam {"utils":"file:../../commons/utils","uicomponents":"file:../../commons/uicomponents"} at undefined
[2025-10-21T22:09:13.671] [DEBUG] debug-file - jsonObjWithoutParam {"name":"video","version":"1.0.0","description":"Please describe the basic information.","main":"Index.ets","author":"","license":"Apache-2.0","dependencies":{"utils":"file:../../commons/utils","uicomponents":"file:../../commons/uicomponents"}} at undefined
[2025-10-21T22:09:13.672] [DEBUG] debug-file - Executing task :video:default@BuildNativeWithNinja
[2025-10-21T22:09:13.672] [DEBUG] debug-file - jsonObjWithoutParam {"utils":"file:../../commons/utils","uicomponents":"file:../../commons/uicomponents"} at undefined
[2025-10-21T22:09:13.672] [DEBUG] debug-file - jsonObjWithoutParam {"name":"video","version":"1.0.0","description":"Please describe the basic information.","main":"Index.ets","author":"","license":"Apache-2.0","dependencies":{"utils":"file:../../commons/utils","uicomponents":"file:../../commons/uicomponents"}} at undefined
[2025-10-21T22:09:13.672] [DEBUG] debug-file - video : default@BuildNativeWithNinja cost memory 0.05887603759765625
[2025-10-21T22:09:13.672] [DEBUG] debug-file - runTaskFromQueue task cost before running: 1 s 147 ms 
[2025-10-21T22:09:13.673] [INFO] debug-file - Finished :video:default@BuildNativeWithNinja... after 1 ms 
[2025-10-21T22:09:13.674] [DEBUG] debug-file - jsonObjWithoutParam {"utils":"file:../../commons/utils","uicomponents":"file:../../commons/uicomponents"} at undefined
[2025-10-21T22:09:13.674] [DEBUG] debug-file - jsonObjWithoutParam {"name":"quickstart","version":"1.0.0","description":"Please describe the basic information.","main":"Index.ets","author":"","license":"Apache-2.0","dependencies":{"utils":"file:../../commons/utils","uicomponents":"file:../../commons/uicomponents"}} at undefined
[2025-10-21T22:09:13.674] [DEBUG] debug-file - Executing task :quickstart:default@BuildNativeWithNinja
[2025-10-21T22:09:13.674] [DEBUG] debug-file - jsonObjWithoutParam {"utils":"file:../../commons/utils","uicomponents":"file:../../commons/uicomponents"} at undefined
[2025-10-21T22:09:13.674] [DEBUG] debug-file - jsonObjWithoutParam {"name":"quickstart","version":"1.0.0","description":"Please describe the basic information.","main":"Index.ets","author":"","license":"Apache-2.0","dependencies":{"utils":"file:../../commons/utils","uicomponents":"file:../../commons/uicomponents"}} at undefined
[2025-10-21T22:09:13.675] [DEBUG] debug-file - quickstart : default@BuildNativeWithNinja cost memory 0.0684967041015625
[2025-10-21T22:09:13.675] [DEBUG] debug-file - runTaskFromQueue task cost before running: 1 s 150 ms 
[2025-10-21T22:09:13.675] [INFO] debug-file - Finished :quickstart:default@BuildNativeWithNinja... after 1 ms 
[2025-10-21T22:09:13.676] [DEBUG] debug-file - jsonObjWithoutParam {"uicomponents":"file:../../commons/uicomponents","utils":"file:../../commons/utils"} at undefined
[2025-10-21T22:09:13.676] [DEBUG] debug-file - jsonObjWithoutParam {"name":"follows","version":"1.0.0","description":"Please describe the basic information.","main":"Index.ets","author":"","license":"Apache-2.0","dependencies":{"uicomponents":"file:../../commons/uicomponents","utils":"file:../../commons/utils"}} at undefined
[2025-10-21T22:09:13.677] [DEBUG] debug-file - Executing task :follows:default@BuildNativeWithNinja
[2025-10-21T22:09:13.677] [DEBUG] debug-file - jsonObjWithoutParam {"uicomponents":"file:../../commons/uicomponents","utils":"file:../../commons/utils"} at undefined
[2025-10-21T22:09:13.677] [DEBUG] debug-file - jsonObjWithoutParam {"name":"follows","version":"1.0.0","description":"Please describe the basic information.","main":"Index.ets","author":"","license":"Apache-2.0","dependencies":{"uicomponents":"file:../../commons/uicomponents","utils":"file:../../commons/utils"}} at undefined
[2025-10-21T22:09:13.677] [DEBUG] debug-file - follows : default@BuildNativeWithNinja cost memory 0.05895233154296875
[2025-10-21T22:09:13.677] [DEBUG] debug-file - runTaskFromQueue task cost before running: 1 s 152 ms 
[2025-10-21T22:09:13.677] [INFO] debug-file - Finished :follows:default@BuildNativeWithNinja... after 1 ms 
[2025-10-21T22:09:13.679] [DEBUG] debug-file - jsonObjWithoutParam {"utils":"file:../../commons/utils","BackendConfig":"file:../../commons/utils"} at undefined
[2025-10-21T22:09:13.679] [DEBUG] debug-file - jsonObjWithoutParam {"name":"login","version":"1.0.0","description":"Please describe the basic information.","main":"Index.ets","author":"","license":"Apache-2.0","dependencies":{"utils":"file:../../commons/utils","BackendConfig":"file:../../commons/utils"}} at undefined
[2025-10-21T22:09:13.679] [DEBUG] debug-file - Executing task :login:default@ProcessLibs
[2025-10-21T22:09:13.680] [DEBUG] debug-file - Incremental task login:default@ProcessLibs pre-execution cost: 1 ms .
[2025-10-21T22:09:13.681] [DEBUG] debug-file - login : default@ProcessLibs cost memory 0.13442230224609375
[2025-10-21T22:09:13.681] [INFO] debug-file - UP-TO-DATE :login:default@ProcessLibs...  
[2025-10-21T22:09:13.682] [DEBUG] debug-file - jsonObjWithoutParam {"video":"file:../../features/video","news":"file:../../features/news","quickstart":"file:../../features/quickstart","follow":"file:../../features/follows","mine":"file:../../features/mine","login":"file:../../features/login","uicomponents":"file:../../commons/uicomponents","utils":"file:../../commons/utils"} at undefined
[2025-10-21T22:09:13.682] [DEBUG] debug-file - jsonObjWithoutParam {"name":"default","version":"1.0.0","description":"Please describe the basic information.","main":"","author":"","license":"","dependencies":{"video":"file:../../features/video","news":"file:../../features/news","quickstart":"file:../../features/quickstart","follow":"file:../../features/follows","mine":"file:../../features/mine","login":"file:../../features/login","uicomponents":"file:../../commons/uicomponents","utils":"file:../../commons/utils"}} at undefined
[2025-10-21T22:09:13.682] [DEBUG] debug-file - Executing task :default:default@ConfigureCmake
[2025-10-21T22:09:13.683] [DEBUG] debug-file - jsonObjWithoutParam {"video":"file:../../features/video","news":"file:../../features/news","quickstart":"file:../../features/quickstart","follow":"file:../../features/follows","mine":"file:../../features/mine","login":"file:../../features/login","uicomponents":"file:../../commons/uicomponents","utils":"file:../../commons/utils"} at undefined
[2025-10-21T22:09:13.683] [DEBUG] debug-file - jsonObjWithoutParam {"name":"default","version":"1.0.0","description":"Please describe the basic information.","main":"","author":"","license":"","dependencies":{"video":"file:../../features/video","news":"file:../../features/news","quickstart":"file:../../features/quickstart","follow":"file:../../features/follows","mine":"file:../../features/mine","login":"file:../../features/login","uicomponents":"file:../../commons/uicomponents","utils":"file:../../commons/utils"}} at undefined
[2025-10-21T22:09:13.683] [DEBUG] debug-file - default : default@ConfigureCmake cost memory 0.04962921142578125
[2025-10-21T22:09:13.683] [DEBUG] debug-file - runTaskFromQueue task cost before running: 1 s 158 ms 
[2025-10-21T22:09:13.683] [INFO] debug-file - Finished :default:default@ConfigureCmake... after 1 ms 
[2025-10-21T22:09:13.685] [DEBUG] debug-file - jsonObjWithoutParam {"video":"file:../../features/video","news":"file:../../features/news","quickstart":"file:../../features/quickstart","follow":"file:../../features/follows","mine":"file:../../features/mine","login":"file:../../features/login","uicomponents":"file:../../commons/uicomponents","utils":"file:../../commons/utils"} at undefined
[2025-10-21T22:09:13.685] [DEBUG] debug-file - jsonObjWithoutParam {"name":"default","version":"1.0.0","description":"Please describe the basic information.","main":"","author":"","license":"","dependencies":{"video":"file:../../features/video","news":"file:../../features/news","quickstart":"file:../../features/quickstart","follow":"file:../../features/follows","mine":"file:../../features/mine","login":"file:../../features/login","uicomponents":"file:../../commons/uicomponents","utils":"file:../../commons/utils"}} at undefined
[2025-10-21T22:09:13.685] [DEBUG] debug-file - restool module names: default,news,video,quickstart,utils,uicomponents,mine,login,follows; moduleName=default, taskName=default@CompileResource
[2025-10-21T22:09:13.688] [DEBUG] debug-file - Executing task :default:default@CompileResource
[2025-10-21T22:09:13.701] [DEBUG] debug-file - Incremental task default:default@CompileResource pre-execution cost: 12 ms .
[2025-10-21T22:09:13.701] [DEBUG] debug-file - default : default@CompileResource cost memory -4.556892395019531
[2025-10-21T22:09:13.702] [INFO] debug-file - UP-TO-DATE :default:default@CompileResource...  
[2025-10-21T22:09:13.703] [DEBUG] debug-file - jsonObjWithoutParam {"utils":"file:../../commons/utils","uicomponents":"file:../../commons/uicomponents"} at undefined
[2025-10-21T22:09:13.703] [DEBUG] debug-file - jsonObjWithoutParam {"name":"news","version":"1.0.0","description":"Please describe the basic information.","main":"Index.ets","author":"","license":"Apache-2.0","dependencies":{"utils":"file:../../commons/utils","uicomponents":"file:../../commons/uicomponents"}} at undefined
[2025-10-21T22:09:13.704] [DEBUG] debug-file - Executing task :news:default@ProcessLibs
[2025-10-21T22:09:13.705] [DEBUG] debug-file - Incremental task news:default@ProcessLibs pre-execution cost: 1 ms .
[2025-10-21T22:09:13.705] [DEBUG] debug-file - news : default@ProcessLibs cost memory 0.133880615234375
[2025-10-21T22:09:13.705] [INFO] debug-file - UP-TO-DATE :news:default@ProcessLibs...  
[2025-10-21T22:09:13.706] [DEBUG] debug-file - jsonObjWithoutParam {"utils":"file:../../commons/utils","uicomponents":"file:../../commons/uicomponents"} at undefined
[2025-10-21T22:09:13.706] [DEBUG] debug-file - jsonObjWithoutParam {"name":"video","version":"1.0.0","description":"Please describe the basic information.","main":"Index.ets","author":"","license":"Apache-2.0","dependencies":{"utils":"file:../../commons/utils","uicomponents":"file:../../commons/uicomponents"}} at undefined
[2025-10-21T22:09:13.706] [DEBUG] debug-file - Executing task :video:default@ProcessLibs
[2025-10-21T22:09:13.708] [DEBUG] debug-file - Incremental task video:default@ProcessLibs pre-execution cost: 1 ms .
[2025-10-21T22:09:13.708] [DEBUG] debug-file - video : default@ProcessLibs cost memory 0.13459014892578125
[2025-10-21T22:09:13.708] [INFO] debug-file - UP-TO-DATE :video:default@ProcessLibs...  
[2025-10-21T22:09:13.709] [DEBUG] debug-file - jsonObjWithoutParam {"utils":"file:../../commons/utils","uicomponents":"file:../../commons/uicomponents"} at undefined
[2025-10-21T22:09:13.709] [DEBUG] debug-file - jsonObjWithoutParam {"name":"quickstart","version":"1.0.0","description":"Please describe the basic information.","main":"Index.ets","author":"","license":"Apache-2.0","dependencies":{"utils":"file:../../commons/utils","uicomponents":"file:../../commons/uicomponents"}} at undefined
[2025-10-21T22:09:13.710] [DEBUG] debug-file - Executing task :quickstart:default@ProcessLibs
[2025-10-21T22:09:13.711] [DEBUG] debug-file - Incremental task quickstart:default@ProcessLibs pre-execution cost: 1 ms .
[2025-10-21T22:09:13.711] [DEBUG] debug-file - quickstart : default@ProcessLibs cost memory 0.13661956787109375
[2025-10-21T22:09:13.711] [INFO] debug-file - UP-TO-DATE :quickstart:default@ProcessLibs...  
[2025-10-21T22:09:13.712] [DEBUG] debug-file - jsonObjWithoutParam {"uicomponents":"file:../../commons/uicomponents","utils":"file:../../commons/utils"} at undefined
[2025-10-21T22:09:13.712] [DEBUG] debug-file - jsonObjWithoutParam {"name":"follows","version":"1.0.0","description":"Please describe the basic information.","main":"Index.ets","author":"","license":"Apache-2.0","dependencies":{"uicomponents":"file:../../commons/uicomponents","utils":"file:../../commons/utils"}} at undefined
[2025-10-21T22:09:13.713] [DEBUG] debug-file - Executing task :follows:default@ProcessLibs
[2025-10-21T22:09:13.714] [DEBUG] debug-file - Incremental task follows:default@ProcessLibs pre-execution cost: 1 ms .
[2025-10-21T22:09:13.714] [DEBUG] debug-file - follows : default@ProcessLibs cost memory 0.13468170166015625
[2025-10-21T22:09:13.715] [INFO] debug-file - UP-TO-DATE :follows:default@ProcessLibs...  
[2025-10-21T22:09:13.716] [DEBUG] debug-file - jsonObjWithoutParam {"utils":"file:../../commons/utils","BackendConfig":"file:../../commons/utils"} at undefined
[2025-10-21T22:09:13.716] [DEBUG] debug-file - jsonObjWithoutParam {"name":"login","version":"1.0.0","description":"Please describe the basic information.","main":"Index.ets","author":"","license":"Apache-2.0","dependencies":{"utils":"file:../../commons/utils","BackendConfig":"file:../../commons/utils"}} at undefined
[2025-10-21T22:09:13.717] [DEBUG] debug-file - Executing task :login:default@DoNativeStrip
[2025-10-21T22:09:13.717] [DEBUG] debug-file - Task 'login:default@DoNativeStrip' cost while wrapping incremental declarations: 1 ms 
[2025-10-21T22:09:13.717] [DEBUG] debug-file - Incremental task login:default@DoNativeStrip pre-execution cost: 1 ms .
[2025-10-21T22:09:13.717] [DEBUG] debug-file - login : default@DoNativeStrip cost memory 0.076446533203125
[2025-10-21T22:09:13.717] [INFO] debug-file - UP-TO-DATE :login:default@DoNativeStrip...  
[2025-10-21T22:09:13.718] [DEBUG] debug-file - jsonObjWithoutParam {"video":"file:../../features/video","news":"file:../../features/news","quickstart":"file:../../features/quickstart","follow":"file:../../features/follows","mine":"file:../../features/mine","login":"file:../../features/login","uicomponents":"file:../../commons/uicomponents","utils":"file:../../commons/utils"} at undefined
[2025-10-21T22:09:13.719] [DEBUG] debug-file - jsonObjWithoutParam {"name":"default","version":"1.0.0","description":"Please describe the basic information.","main":"","author":"","license":"","dependencies":{"video":"file:../../features/video","news":"file:../../features/news","quickstart":"file:../../features/quickstart","follow":"file:../../features/follows","mine":"file:../../features/mine","login":"file:../../features/login","uicomponents":"file:../../commons/uicomponents","utils":"file:../../commons/utils"}} at undefined
[2025-10-21T22:09:13.719] [DEBUG] debug-file - Executing task :default:default@BuildNativeWithCmake
[2025-10-21T22:09:13.719] [DEBUG] debug-file - jsonObjWithoutParam {"video":"file:../../features/video","news":"file:../../features/news","quickstart":"file:../../features/quickstart","follow":"file:../../features/follows","mine":"file:../../features/mine","login":"file:../../features/login","uicomponents":"file:../../commons/uicomponents","utils":"file:../../commons/utils"} at undefined
[2025-10-21T22:09:13.719] [DEBUG] debug-file - jsonObjWithoutParam {"name":"default","version":"1.0.0","description":"Please describe the basic information.","main":"","author":"","license":"","dependencies":{"video":"file:../../features/video","news":"file:../../features/news","quickstart":"file:../../features/quickstart","follow":"file:../../features/follows","mine":"file:../../features/mine","login":"file:../../features/login","uicomponents":"file:../../commons/uicomponents","utils":"file:../../commons/utils"}} at undefined
[2025-10-21T22:09:13.719] [DEBUG] debug-file - default : default@BuildNativeWithCmake cost memory 0.04965972900390625
[2025-10-21T22:09:13.719] [DEBUG] debug-file - runTaskFromQueue task cost before running: 1 s 194 ms 
[2025-10-21T22:09:13.719] [INFO] debug-file - Finished :default:default@BuildNativeWithCmake... after 1 ms 
[2025-10-21T22:09:13.721] [DEBUG] debug-file - jsonObjWithoutParam {"video":"file:../../features/video","news":"file:../../features/news","quickstart":"file:../../features/quickstart","follow":"file:../../features/follows","mine":"file:../../features/mine","login":"file:../../features/login","uicomponents":"file:../../commons/uicomponents","utils":"file:../../commons/utils"} at undefined
[2025-10-21T22:09:13.721] [DEBUG] debug-file - jsonObjWithoutParam {"name":"default","version":"1.0.0","description":"Please describe the basic information.","main":"","author":"","license":"","dependencies":{"video":"file:../../features/video","news":"file:../../features/news","quickstart":"file:../../features/quickstart","follow":"file:../../features/follows","mine":"file:../../features/mine","login":"file:../../features/login","uicomponents":"file:../../commons/uicomponents","utils":"file:../../commons/utils"}} at undefined
[2025-10-21T22:09:13.723] [DEBUG] debug-file - Executing task :default:default@CompileArkTS
[2025-10-21T22:09:13.723] [DEBUG] debug-file - obfuscationOptions: undefined
[2025-10-21T22:09:13.735] [DEBUG] debug-file - default:default@CompileArkTS is not up-to-date, since the input file 'G:\HarmonyOsProjects\news_app-3a12a9aaec8f982bbbef9569988265dcb99f73e0\features\mine\src\main\ets' has been changed.
[2025-10-21T22:09:13.735] [DEBUG] debug-file - Incremental task default:default@CompileArkTS pre-execution cost: 6 ms .
[2025-10-21T22:09:13.796] [DEBUG] debug-file - build config:
[2025-10-21T22:09:13.797] [DEBUG] debug-file - {
  moduleType: 'entry',
  perf: 0,
  targetName: '.default',
  packageManagerType: 'ohpm',
  localPropertiesPath: 'G:\\HarmonyOsProjects\\news_app-3a12a9aaec8f982bbbef9569988265dcb99f73e0\\local.properties',
  isPreview: false,
  isOhosTest: false,
  isLocalTest: false,
  buildMode: 'Debug',
  watchMode: 'false',
  aceProfilePath: 'G:\\HarmonyOsProjects\\news_app-3a12a9aaec8f982bbbef9569988265dcb99f73e0\\products\\default\\build\\default\\intermediates\\res\\default\\resources\\base\\profile',
  etsLoaderPath: 'G:\\DevEco Studio\\sdk\\default\\openharmony\\ets\\build-tools\\ets-loader',
  modulePath: 'G:\\HarmonyOsProjects\\news_app-3a12a9aaec8f982bbbef9569988265dcb99f73e0\\products\\default',
  testFrameworkPar: {
    testMode: undefined,
    coveragePathFilter: undefined,
    coverageMode: undefined
  },
  needCoverageInsert: false,
  debugLine: false,
  projectTopDir: 'G:\\HarmonyOsProjects\\news_app-3a12a9aaec8f982bbbef9569988265dcb99f73e0',
  compileSdkVersion: 18,
  compatibleSdkVersion: 17,
  compatibleSdkVersionStage: undefined,
  bundleName: 'c***t',
  etsLoaderVersion: '5.1.0.110',
  etsLoaderReleaseType: 'Release',
  aotCompileMode: 'type',
  apPath: 'G:\\HarmonyOsProjects\\news_app-3a12a9aaec8f982bbbef9569988265dcb99f73e0\\products\\default\\modules.ap',
  entryModuleName: 'default',
  entryModuleVersion: '1.0.0',
  entryPackageName: 'default',
  allModuleNameHash: '4f72ccedca24de805b84221319f6d728',
  externalApiPaths: [ 'G:\\DevEco Studio\\sdk\\default\\hms\\ets' ],
  compilerTypes: undefined,
  isCrossplatform: false,
  hvigorPluginFile: undefined,
  compilePluginPath: undefined,
  buildGeneratedProfilePath: 'G:\\HarmonyOsProjects\\news_app-3a12a9aaec8f982bbbef9569988265dcb99f73e0\\products\\default\\build\\default\\generated\\profile\\default',
  bundleType: 'app',
  arkTSVersion: undefined,
  apiVersion: 18,
  needCompleteSourcesMap: false,
  isFaMode: false,
  strictMode: undefined,
  buildDir: 'G:\\HarmonyOsProjects\\news_app-3a12a9aaec8f982bbbef9569988265dcb99f73e0\\products\\default\\build',
  deviceTypes: [ 'phone', 'tablet', '2in1' ],
  useNormalizedOHMUrl: false,
  pkgContextInfo: undefined,
  ohPackagePathMap: {},
  dependencyAliasMap: {},
  permission: { requestPermissions: [ [Object] ], definePermissions: undefined },
  integratedHsp: false,
  projectArkOption: undefined,
  sourceMapDir: undefined,
  branchElimination: false,
  transformLib: undefined,
  caseSensitiveCheck: false,
  tsImportSendable: false,
  resolveConflictMode: true,
  depName2RootPath: {},
  depName2DepInfo: {},
  rootPathSet: [
    'G:\\HarmonyOsProjects\\news_app-3a12a9aaec8f982bbbef9569988265dcb99f73e0'
  ],
  useNativeResolver: true,
  shouldEmitJs: true,
  useTscResolve: false,
  singleFileEmit: false,
  userProjectConfig: {
    autoLazyImport: false,
    allowEmptyBundleName: false,
    reExportCheckMode: 'noCheck'
  },
  autoLazyImport: false,
  allowEmptyBundleName: false,
  reExportCheckMode: 'noCheck',
  arkCompileCachePath: 'G:\\HarmonyOsProjects\\news_app-3a12a9aaec8f982bbbef9569988265dcb99f73e0\\products\\default\\build\\default\\cache\\default\\default@CompileArkTS\\esmodule',
  aceModuleJsonPath: 'G:\\HarmonyOsProjects\\news_app-3a12a9aaec8f982bbbef9569988265dcb99f73e0\\products\\default\\build\\default\\intermediates\\res\\default\\ark_module.json',
  appResource: 'G:\\HarmonyOsProjects\\news_app-3a12a9aaec8f982bbbef9569988265dcb99f73e0\\products\\default\\build\\default\\intermediates\\res\\default\\ResourceTable.txt',
  rawFileResource: 'G:\\HarmonyOsProjects\\news_app-3a12a9aaec8f982bbbef9569988265dcb99f73e0\\products\\default\\build\\default\\intermediates\\res\\default\\resources\\rawfile',
  resourceTableHash: '973ba68d93ea4e73edb12958ad88852c',
  runtimeOS: 'HarmonyOS',
  sdkInfo: 'false:18:5.1.0.110:Release',
  aceModuleRoot: 'G:\\HarmonyOsProjects\\news_app-3a12a9aaec8f982bbbef9569988265dcb99f73e0\\products\\default\\src\\main\\ets',
  compileMode: 'esmodule',
  aceSuperVisualPath: 'G:\\HarmonyOsProjects\\news_app-3a12a9aaec8f982bbbef9569988265dcb99f73e0\\products\\default\\src\\main\\supervisual',
  aceBuildJson: 'G:\\HarmonyOsProjects\\news_app-3a12a9aaec8f982bbbef9569988265dcb99f73e0\\products\\default\\build\\default\\intermediates\\loader\\default\\loader.json',
  cachePath: 'G:\\HarmonyOsProjects\\news_app-3a12a9aaec8f982bbbef9569988265dcb99f73e0\\products\\default\\build\\default\\cache\\default\\default@CompileArkTS\\esmodule\\debug',
  aceModuleBuild: 'G:\\HarmonyOsProjects\\news_app-3a12a9aaec8f982bbbef9569988265dcb99f73e0\\products\\default\\build\\default\\intermediates\\loader_out\\default\\ets',
  supportChunks: true,
  declaredFilesPath: undefined,
  pkgNameToPkgBriefInfo: {
    video: {
      pkgRoot: 'G:\\HarmonyOsProjects\\news_app-3a12a9aaec8f982bbbef9569988265dcb99f73e0\\features\\video',
      pkgName: 'video',
      sourceRoots: [Array],
      originalSourceRoots: undefined
    },
    news: {
      pkgRoot: 'G:\\HarmonyOsProjects\\news_app-3a12a9aaec8f982bbbef9569988265dcb99f73e0\\features\\news',
      pkgName: 'news',
      sourceRoots: [Array],
      originalSourceRoots: undefined
    },
    quickstart: {
      pkgRoot: 'G:\\HarmonyOsProjects\\news_app-3a12a9aaec8f982bbbef9569988265dcb99f73e0\\features\\quickstart',
      pkgName: 'quickstart',
      sourceRoots: [Array],
      originalSourceRoots: undefined
    },
    follows: {
      pkgRoot: 'G:\\HarmonyOsProjects\\news_app-3a12a9aaec8f982bbbef9569988265dcb99f73e0\\features\\follows',
      pkgName: 'follows',
      sourceRoots: [Array],
      originalSourceRoots: undefined
    },
    mine: {
      pkgRoot: 'G:\\HarmonyOsProjects\\news_app-3a12a9aaec8f982bbbef9569988265dcb99f73e0\\features\\mine',
      pkgName: 'mine',
      sourceRoots: [Array],
      originalSourceRoots: undefined
    },
    login: {
      pkgRoot: 'G:\\HarmonyOsProjects\\news_app-3a12a9aaec8f982bbbef9569988265dcb99f73e0\\features\\login',
      pkgName: 'login',
      sourceRoots: [Array],
      originalSourceRoots: undefined
    },
    uicomponents: {
      pkgRoot: 'G:\\HarmonyOsProjects\\news_app-3a12a9aaec8f982bbbef9569988265dcb99f73e0\\commons\\uicomponents',
      pkgName: 'uicomponents',
      sourceRoots: [Array],
      originalSourceRoots: undefined
    },
    utils: {
      pkgRoot: 'G:\\HarmonyOsProjects\\news_app-3a12a9aaec8f982bbbef9569988265dcb99f73e0\\commons\\utils',
      pkgName: 'utils',
      sourceRoots: [Array],
      originalSourceRoots: undefined
    },
    default: {
      pkgRoot: 'G:\\HarmonyOsProjects\\news_app-3a12a9aaec8f982bbbef9569988265dcb99f73e0\\products\\default',
      originalSourceRoots: undefined,
      sourceRoots: [Array],
      pkgName: 'default'
    }
  },
  projectModel: {
    'G:\\HarmonyOsProjects\\news_app-3a12a9aaec8f982bbbef9569988265dcb99f73e0\\products\\default\\src\\main': {
      moduleName: 'default',
      modulePkgPath: 'G:\\HarmonyOsProjects\\news_app-3a12a9aaec8f982bbbef9569988265dcb99f73e0\\products\\default',
      belongProjectPath: 'G:\\HarmonyOsProjects\\news_app-3a12a9aaec8f982bbbef9569988265dcb99f73e0'
    },
    'G:\\HarmonyOsProjects\\news_app-3a12a9aaec8f982bbbef9569988265dcb99f73e0\\products\\default\\build\\default\\intermediates\\src\\ohosTest\\ets': {
      moduleName: 'default',
      modulePkgPath: 'G:\\HarmonyOsProjects\\news_app-3a12a9aaec8f982bbbef9569988265dcb99f73e0\\products\\default',
      belongProjectPath: 'G:\\HarmonyOsProjects\\news_app-3a12a9aaec8f982bbbef9569988265dcb99f73e0'
    },
    'G:\\HarmonyOsProjects\\news_app-3a12a9aaec8f982bbbef9569988265dcb99f73e0\\products\\default\\src\\ohosTest': {
      moduleName: 'default',
      modulePkgPath: 'G:\\HarmonyOsProjects\\news_app-3a12a9aaec8f982bbbef9569988265dcb99f73e0\\products\\default',
      belongProjectPath: 'G:\\HarmonyOsProjects\\news_app-3a12a9aaec8f982bbbef9569988265dcb99f73e0'
    },
    'G:\\HarmonyOsProjects\\news_app-3a12a9aaec8f982bbbef9569988265dcb99f73e0\\products\\default': {
      moduleName: 'default',
      modulePkgPath: 'G:\\HarmonyOsProjects\\news_app-3a12a9aaec8f982bbbef9569988265dcb99f73e0\\products\\default',
      belongProjectPath: 'G:\\HarmonyOsProjects\\news_app-3a12a9aaec8f982bbbef9569988265dcb99f73e0'
    },
    'G:\\HarmonyOsProjects\\news_app-3a12a9aaec8f982bbbef9569988265dcb99f73e0\\features\\news\\src\\main': {
      moduleName: 'news',
      modulePkgPath: 'G:\\HarmonyOsProjects\\news_app-3a12a9aaec8f982bbbef9569988265dcb99f73e0\\features\\news',
      belongProjectPath: 'G:\\HarmonyOsProjects\\news_app-3a12a9aaec8f982bbbef9569988265dcb99f73e0'
    },
    'G:\\HarmonyOsProjects\\news_app-3a12a9aaec8f982bbbef9569988265dcb99f73e0\\features\\news\\build\\default\\intermediates\\src\\ohosTest\\ets': {
      moduleName: 'news',
      modulePkgPath: 'G:\\HarmonyOsProjects\\news_app-3a12a9aaec8f982bbbef9569988265dcb99f73e0\\features\\news',
      belongProjectPath: 'G:\\HarmonyOsProjects\\news_app-3a12a9aaec8f982bbbef9569988265dcb99f73e0'
    },
    'G:\\HarmonyOsProjects\\news_app-3a12a9aaec8f982bbbef9569988265dcb99f73e0\\features\\news\\src\\ohosTest': {
      moduleName: 'news',
      modulePkgPath: 'G:\\HarmonyOsProjects\\news_app-3a12a9aaec8f982bbbef9569988265dcb99f73e0\\features\\news',
      belongProjectPath: 'G:\\HarmonyOsProjects\\news_app-3a12a9aaec8f982bbbef9569988265dcb99f73e0'
    },
    'G:\\HarmonyOsProjects\\news_app-3a12a9aaec8f982bbbef9569988265dcb99f73e0\\features\\news': {
      moduleName: 'news',
      modulePkgPath: 'G:\\HarmonyOsProjects\\news_app-3a12a9aaec8f982bbbef9569988265dcb99f73e0\\features\\news',
      belongProjectPath: 'G:\\HarmonyOsProjects\\news_app-3a12a9aaec8f982bbbef9569988265dcb99f73e0'
    },
    'G:\\HarmonyOsProjects\\news_app-3a12a9aaec8f982bbbef9569988265dcb99f73e0\\features\\video\\src\\main': {
      moduleName: 'video',
      modulePkgPath: 'G:\\HarmonyOsProjects\\news_app-3a12a9aaec8f982bbbef9569988265dcb99f73e0\\features\\video',
      belongProjectPath: 'G:\\HarmonyOsProjects\\news_app-3a12a9aaec8f982bbbef9569988265dcb99f73e0'
    },
    'G:\\HarmonyOsProjects\\news_app-3a12a9aaec8f982bbbef9569988265dcb99f73e0\\features\\video\\build\\default\\intermediates\\src\\ohosTest\\ets': {
      moduleName: 'video',
      modulePkgPath: 'G:\\HarmonyOsProjects\\news_app-3a12a9aaec8f982bbbef9569988265dcb99f73e0\\features\\video',
      belongProjectPath: 'G:\\HarmonyOsProjects\\news_app-3a12a9aaec8f982bbbef9569988265dcb99f73e0'
    },
    'G:\\HarmonyOsProjects\\news_app-3a12a9aaec8f982bbbef9569988265dcb99f73e0\\features\\video\\src\\ohosTest': {
      moduleName: 'video',
      modulePkgPath: 'G:\\HarmonyOsProjects\\news_app-3a12a9aaec8f982bbbef9569988265dcb99f73e0\\features\\video',
      belongProjectPath: 'G:\\HarmonyOsProjects\\news_app-3a12a9aaec8f982bbbef9569988265dcb99f73e0'
    },
    'G:\\HarmonyOsProjects\\news_app-3a12a9aaec8f982bbbef9569988265dcb99f73e0\\features\\video': {
      moduleName: 'video',
      modulePkgPath: 'G:\\HarmonyOsProjects\\news_app-3a12a9aaec8f982bbbef9569988265dcb99f73e0\\features\\video',
      belongProjectPath: 'G:\\HarmonyOsProjects\\news_app-3a12a9aaec8f982bbbef9569988265dcb99f73e0'
    },
    'G:\\HarmonyOsProjects\\news_app-3a12a9aaec8f982bbbef9569988265dcb99f73e0\\features\\quickstart\\src\\main': {
      moduleName: 'quickstart',
      modulePkgPath: 'G:\\HarmonyOsProjects\\news_app-3a12a9aaec8f982bbbef9569988265dcb99f73e0\\features\\quickstart',
      belongProjectPath: 'G:\\HarmonyOsProjects\\news_app-3a12a9aaec8f982bbbef9569988265dcb99f73e0'
    },
    'G:\\HarmonyOsProjects\\news_app-3a12a9aaec8f982bbbef9569988265dcb99f73e0\\features\\quickstart\\build\\default\\intermediates\\src\\ohosTest\\ets': {
      moduleName: 'quickstart',
      modulePkgPath: 'G:\\HarmonyOsProjects\\news_app-3a12a9aaec8f982bbbef9569988265dcb99f73e0\\features\\quickstart',
      belongProjectPath: 'G:\\HarmonyOsProjects\\news_app-3a12a9aaec8f982bbbef9569988265dcb99f73e0'
    },
    'G:\\HarmonyOsProjects\\news_app-3a12a9aaec8f982bbbef9569988265dcb99f73e0\\features\\quickstart\\src\\ohosTest': {
      moduleName: 'quickstart',
      modulePkgPath: 'G:\\HarmonyOsProjects\\news_app-3a12a9aaec8f982bbbef9569988265dcb99f73e0\\features\\quickstart',
      belongProjectPath: 'G:\\HarmonyOsProjects\\news_app-3a12a9aaec8f982bbbef9569988265dcb99f73e0'
    },
    'G:\\HarmonyOsProjects\\news_app-3a12a9aaec8f982bbbef9569988265dcb99f73e0\\features\\quickstart': {
      moduleName: 'quickstart',
      modulePkgPath: 'G:\\HarmonyOsProjects\\news_app-3a12a9aaec8f982bbbef9569988265dcb99f73e0\\features\\quickstart',
      belongProjectPath: 'G:\\HarmonyOsProjects\\news_app-3a12a9aaec8f982bbbef9569988265dcb99f73e0'
    },
    'G:\\HarmonyOsProjects\\news_app-3a12a9aaec8f982bbbef9569988265dcb99f73e0\\commons\\utils\\src\\main': {
      moduleName: 'utils',
      modulePkgPath: 'G:\\HarmonyOsProjects\\news_app-3a12a9aaec8f982bbbef9569988265dcb99f73e0\\commons\\utils',
      belongProjectPath: 'G:\\HarmonyOsProjects\\news_app-3a12a9aaec8f982bbbef9569988265dcb99f73e0'
    },
    'G:\\HarmonyOsProjects\\news_app-3a12a9aaec8f982bbbef9569988265dcb99f73e0\\commons\\utils\\build\\default\\intermediates\\src\\ohosTest\\ets': {
      moduleName: 'utils_test',
      modulePkgPath: 'G:\\HarmonyOsProjects\\news_app-3a12a9aaec8f982bbbef9569988265dcb99f73e0\\commons\\utils',
      belongProjectPath: 'G:\\HarmonyOsProjects\\news_app-3a12a9aaec8f982bbbef9569988265dcb99f73e0'
    },
    'G:\\HarmonyOsProjects\\news_app-3a12a9aaec8f982bbbef9569988265dcb99f73e0\\commons\\utils\\src\\ohosTest': {
      moduleName: 'utils_test',
      modulePkgPath: 'G:\\HarmonyOsProjects\\news_app-3a12a9aaec8f982bbbef9569988265dcb99f73e0\\commons\\utils',
      belongProjectPath: 'G:\\HarmonyOsProjects\\news_app-3a12a9aaec8f982bbbef9569988265dcb99f73e0'
    },
    'G:\\HarmonyOsProjects\\news_app-3a12a9aaec8f982bbbef9569988265dcb99f73e0\\commons\\utils': {
      moduleName: 'utils',
      modulePkgPath: 'G:\\HarmonyOsProjects\\news_app-3a12a9aaec8f982bbbef9569988265dcb99f73e0\\commons\\utils',
      belongProjectPath: 'G:\\HarmonyOsProjects\\news_app-3a12a9aaec8f982bbbef9569988265dcb99f73e0'
    },
    'G:\\HarmonyOsProjects\\news_app-3a12a9aaec8f982bbbef9569988265dcb99f73e0\\commons\\uicomponents\\src\\main': {
      moduleName: 'uicomponents',
      modulePkgPath: 'G:\\HarmonyOsProjects\\news_app-3a12a9aaec8f982bbbef9569988265dcb99f73e0\\commons\\uicomponents',
      belongProjectPath: 'G:\\HarmonyOsProjects\\news_app-3a12a9aaec8f982bbbef9569988265dcb99f73e0'
    },
    'G:\\HarmonyOsProjects\\news_app-3a12a9aaec8f982bbbef9569988265dcb99f73e0\\commons\\uicomponents\\build\\default\\intermediates\\src\\ohosTest\\ets': {
      moduleName: 'uicomponents_test',
      modulePkgPath: 'G:\\HarmonyOsProjects\\news_app-3a12a9aaec8f982bbbef9569988265dcb99f73e0\\commons\\uicomponents',
      belongProjectPath: 'G:\\HarmonyOsProjects\\news_app-3a12a9aaec8f982bbbef9569988265dcb99f73e0'
    },
    'G:\\HarmonyOsProjects\\news_app-3a12a9aaec8f982bbbef9569988265dcb99f73e0\\commons\\uicomponents\\src\\ohosTest': {
      moduleName: 'uicomponents_test',
      modulePkgPath: 'G:\\HarmonyOsProjects\\news_app-3a12a9aaec8f982bbbef9569988265dcb99f73e0\\commons\\uicomponents',
      belongProjectPath: 'G:\\HarmonyOsProjects\\news_app-3a12a9aaec8f982bbbef9569988265dcb99f73e0'
    },
    'G:\\HarmonyOsProjects\\news_app-3a12a9aaec8f982bbbef9569988265dcb99f73e0\\commons\\uicomponents': {
      moduleName: 'uicomponents',
      modulePkgPath: 'G:\\HarmonyOsProjects\\news_app-3a12a9aaec8f982bbbef9569988265dcb99f73e0\\commons\\uicomponents',
      belongProjectPath: 'G:\\HarmonyOsProjects\\news_app-3a12a9aaec8f982bbbef9569988265dcb99f73e0'
    },
    'G:\\HarmonyOsProjects\\news_app-3a12a9aaec8f982bbbef9569988265dcb99f73e0\\features\\mine\\src\\main': {
      moduleName: 'mine',
      modulePkgPath: 'G:\\HarmonyOsProjects\\news_app-3a12a9aaec8f982bbbef9569988265dcb99f73e0\\features\\mine',
      belongProjectPath: 'G:\\HarmonyOsProjects\\news_app-3a12a9aaec8f982bbbef9569988265dcb99f73e0'
    },
    'G:\\HarmonyOsProjects\\news_app-3a12a9aaec8f982bbbef9569988265dcb99f73e0\\features\\mine\\build\\default\\intermediates\\src\\ohosTest\\ets': {
      moduleName: 'mine_test',
      modulePkgPath: 'G:\\HarmonyOsProjects\\news_app-3a12a9aaec8f982bbbef9569988265dcb99f73e0\\features\\mine',
      belongProjectPath: 'G:\\HarmonyOsProjects\\news_app-3a12a9aaec8f982bbbef9569988265dcb99f73e0'
    },
    'G:\\HarmonyOsProjects\\news_app-3a12a9aaec8f982bbbef9569988265dcb99f73e0\\features\\mine\\src\\ohosTest': {
      moduleName: 'mine_test',
      modulePkgPath: 'G:\\HarmonyOsProjects\\news_app-3a12a9aaec8f982bbbef9569988265dcb99f73e0\\features\\mine',
      belongProjectPath: 'G:\\HarmonyOsProjects\\news_app-3a12a9aaec8f982bbbef9569988265dcb99f73e0'
    },
    'G:\\HarmonyOsProjects\\news_app-3a12a9aaec8f982bbbef9569988265dcb99f73e0\\features\\mine': {
      moduleName: 'mine',
      modulePkgPath: 'G:\\HarmonyOsProjects\\news_app-3a12a9aaec8f982bbbef9569988265dcb99f73e0\\features\\mine',
      belongProjectPath: 'G:\\HarmonyOsProjects\\news_app-3a12a9aaec8f982bbbef9569988265dcb99f73e0'
    },
    'G:\\HarmonyOsProjects\\news_app-3a12a9aaec8f982bbbef9569988265dcb99f73e0\\features\\login\\src\\main': {
      moduleName: 'login',
      modulePkgPath: 'G:\\HarmonyOsProjects\\news_app-3a12a9aaec8f982bbbef9569988265dcb99f73e0\\features\\login',
      belongProjectPath: 'G:\\HarmonyOsProjects\\news_app-3a12a9aaec8f982bbbef9569988265dcb99f73e0'
    },
    'G:\\HarmonyOsProjects\\news_app-3a12a9aaec8f982bbbef9569988265dcb99f73e0\\features\\login\\build\\default\\intermediates\\src\\ohosTest\\ets': {
      moduleName: 'login_test',
      modulePkgPath: 'G:\\HarmonyOsProjects\\news_app-3a12a9aaec8f982bbbef9569988265dcb99f73e0\\features\\login',
      belongProjectPath: 'G:\\HarmonyOsProjects\\news_app-3a12a9aaec8f982bbbef9569988265dcb99f73e0'
    },
    'G:\\HarmonyOsProjects\\news_app-3a12a9aaec8f982bbbef9569988265dcb99f73e0\\features\\login\\src\\ohosTest': {
      moduleName: 'login_test',
      modulePkgPath: 'G:\\HarmonyOsProjects\\news_app-3a12a9aaec8f982bbbef9569988265dcb99f73e0\\features\\login',
      belongProjectPath: 'G:\\HarmonyOsProjects\\news_app-3a12a9aaec8f982bbbef9569988265dcb99f73e0'
    },
    'G:\\HarmonyOsProjects\\news_app-3a12a9aaec8f982bbbef9569988265dcb99f73e0\\features\\login': {
      moduleName: 'login',
      modulePkgPath: 'G:\\HarmonyOsProjects\\news_app-3a12a9aaec8f982bbbef9569988265dcb99f73e0\\features\\login',
      belongProjectPath: 'G:\\HarmonyOsProjects\\news_app-3a12a9aaec8f982bbbef9569988265dcb99f73e0'
    },
    'G:\\HarmonyOsProjects\\news_app-3a12a9aaec8f982bbbef9569988265dcb99f73e0\\features\\follows\\src\\main': {
      moduleName: 'follows',
      modulePkgPath: 'G:\\HarmonyOsProjects\\news_app-3a12a9aaec8f982bbbef9569988265dcb99f73e0\\features\\follows',
      belongProjectPath: 'G:\\HarmonyOsProjects\\news_app-3a12a9aaec8f982bbbef9569988265dcb99f73e0'
    },
    'G:\\HarmonyOsProjects\\news_app-3a12a9aaec8f982bbbef9569988265dcb99f73e0\\features\\follows\\build\\default\\intermediates\\src\\ohosTest\\ets': {
      moduleName: 'follows_test',
      modulePkgPath: 'G:\\HarmonyOsProjects\\news_app-3a12a9aaec8f982bbbef9569988265dcb99f73e0\\features\\follows',
      belongProjectPath: 'G:\\HarmonyOsProjects\\news_app-3a12a9aaec8f982bbbef9569988265dcb99f73e0'
    },
    'G:\\HarmonyOsProjects\\news_app-3a12a9aaec8f982bbbef9569988265dcb99f73e0\\features\\follows\\src\\ohosTest': {
      moduleName: 'follows_test',
      modulePkgPath: 'G:\\HarmonyOsProjects\\news_app-3a12a9aaec8f982bbbef9569988265dcb99f73e0\\features\\follows',
      belongProjectPath: 'G:\\HarmonyOsProjects\\news_app-3a12a9aaec8f982bbbef9569988265dcb99f73e0'
    },
    'G:\\HarmonyOsProjects\\news_app-3a12a9aaec8f982bbbef9569988265dcb99f73e0\\features\\follows': {
      moduleName: 'follows',
      modulePkgPath: 'G:\\HarmonyOsProjects\\news_app-3a12a9aaec8f982bbbef9569988265dcb99f73e0\\features\\follows',
      belongProjectPath: 'G:\\HarmonyOsProjects\\news_app-3a12a9aaec8f982bbbef9569988265dcb99f73e0'
    },
    'G:\\HarmonyOsProjects\\news_app-3a12a9aaec8f982bbbef9569988265dcb99f73e0': {
      moduleName: 'news_app-3a12a9aaec8f982bbbef9569988265dcb99f73e0',
      modulePkgPath: 'G:\\HarmonyOsProjects\\news_app-3a12a9aaec8f982bbbef9569988265dcb99f73e0',
      belongProjectPath: 'G:\\HarmonyOsProjects\\news_app-3a12a9aaec8f982bbbef9569988265dcb99f73e0'
    }
  },
  pkgJsonFileHash: '59a2558a9dcbfa0b262caa1c319c7f52',
  allModulePaths: [
    'G:\\HarmonyOsProjects\\news_app-3a12a9aaec8f982bbbef9569988265dcb99f73e0\\products\\default',
    'G:\\HarmonyOsProjects\\news_app-3a12a9aaec8f982bbbef9569988265dcb99f73e0\\features\\news',
    'G:\\HarmonyOsProjects\\news_app-3a12a9aaec8f982bbbef9569988265dcb99f73e0\\features\\video',
    'G:\\HarmonyOsProjects\\news_app-3a12a9aaec8f982bbbef9569988265dcb99f73e0\\features\\quickstart',
    'G:\\HarmonyOsProjects\\news_app-3a12a9aaec8f982bbbef9569988265dcb99f73e0\\commons\\utils',
    'G:\\HarmonyOsProjects\\news_app-3a12a9aaec8f982bbbef9569988265dcb99f73e0\\commons\\uicomponents',
    'G:\\HarmonyOsProjects\\news_app-3a12a9aaec8f982bbbef9569988265dcb99f73e0\\features\\mine',
    'G:\\HarmonyOsProjects\\news_app-3a12a9aaec8f982bbbef9569988265dcb99f73e0\\features\\login',
    'G:\\HarmonyOsProjects\\news_app-3a12a9aaec8f982bbbef9569988265dcb99f73e0\\features\\follows'
  ],
  routerMap: {},
  obfuscationOptions: undefined,
  compileBlockPkg: [],
  mockParams: {
    decorator: '@MockSetup',
    packageName: '@ohos/hamock',
    etsSourceRootPath: 'src/main/ets',
    mockConfigPath: undefined,
    mockConfigKey2ModuleInfo: {}
  },
  copyCodeResourceEnable: true,
  copyCodeResourceExcludes: [],
  uiTransformOptimization: false,
  otherPaths: {
    'video/*': [
      '..\\..\\..\\..\\..\\features\\video\\src\\main\\*',
      '..\\..\\..\\..\\..\\features\\video\\build\\default\\generated\\profile\\default\\*'
    ],
    'news/*': [
      '..\\..\\..\\..\\..\\features\\news\\src\\main\\*',
      '..\\..\\..\\..\\..\\features\\news\\build\\default\\generated\\profile\\default\\*'
    ],
    'quickstart/*': [
      '..\\..\\..\\..\\..\\features\\quickstart\\src\\main\\*',
      '..\\..\\..\\..\\..\\features\\quickstart\\build\\default\\generated\\profile\\default\\*'
    ],
    'follows/*': [
      '..\\..\\..\\..\\..\\features\\follows\\src\\main\\*',
      '..\\..\\..\\..\\..\\features\\follows\\build\\default\\generated\\profile\\default\\*'
    ],
    'mine/*': [
      '..\\..\\..\\..\\..\\features\\mine\\src\\main\\*',
      '..\\..\\..\\..\\..\\features\\mine\\build\\default\\generated\\profile\\default\\*'
    ],
    'login/*': [
      '..\\..\\..\\..\\..\\features\\login\\src\\main\\*',
      '..\\..\\..\\..\\..\\features\\login\\build\\default\\generated\\profile\\default\\*'
    ],
    'uicomponents/*': [
      '..\\..\\..\\..\\..\\commons\\uicomponents\\src\\main\\*',
      '..\\..\\..\\..\\..\\commons\\uicomponents\\build\\default\\generated\\profile\\default\\*'
    ],
    'utils/*': [
      '..\\..\\..\\..\\..\\commons\\utils\\src\\main\\*',
      '..\\..\\..\\..\\..\\commons\\utils\\build\\default\\generated\\profile\\default\\*'
    ],
    'default/*': [
      '..\\*',
      '..\\..\\..\\build\\default\\generated\\profile\\default\\*'
    ]
  },
  collectImportersConfig: undefined
}
[2025-10-21T22:09:13.797] [DEBUG] debug-file - Compile arkts with external api path: G:\DevEco Studio\sdk\default\hms\ets
[2025-10-21T22:09:13.798] [DEBUG] debug-file - default@CompileArkTS work[10] is submitted.
[2025-10-21T22:09:13.800] [DEBUG] debug-file - default@CompileArkTS work[10] is pushed to ready queue.
[2025-10-21T22:09:13.800] [DEBUG] debug-file - A work dispatched to worker[15] failed because unable to get work from ready queue.
[2025-10-21T22:09:13.800] [DEBUG] debug-file - A work dispatched to worker[14] failed because unable to get work from ready queue.
[2025-10-21T22:09:13.800] [DEBUG] debug-file - A work dispatched to worker[13] failed because unable to get work from ready queue.
[2025-10-21T22:09:13.800] [DEBUG] debug-file - A work dispatched to worker[12] failed because unable to get work from ready queue.
[2025-10-21T22:09:13.800] [DEBUG] debug-file - A work dispatched to worker[11] failed because unable to get work from ready queue.
[2025-10-21T22:09:13.800] [DEBUG] debug-file - A work dispatched to worker[10] failed because unable to get work from ready queue.
[2025-10-21T22:09:13.800] [DEBUG] debug-file - A work dispatched to worker[9] failed because unable to get work from ready queue.
[2025-10-21T22:09:13.800] [DEBUG] debug-file - A work dispatched to worker[8] failed because unable to get work from ready queue.
[2025-10-21T22:09:13.800] [DEBUG] debug-file - A work dispatched to worker[7] failed because unable to get work from ready queue.
[2025-10-21T22:09:13.800] [DEBUG] debug-file - A work dispatched to worker[6] failed because unable to get work from ready queue.
[2025-10-21T22:09:13.800] [DEBUG] debug-file - A work dispatched to worker[5] failed because unable to get work from ready queue.
[2025-10-21T22:09:13.800] [DEBUG] debug-file - default@CompileArkTS work[10] has been dispatched to worker[4].
[2025-10-21T22:09:13.800] [DEBUG] debug-file - default@CompileArkTS work[10] is dispatched.
[2025-10-21T22:09:13.800] [DEBUG] debug-file - CopyResources startTime: 40712484068700
[2025-10-21T22:09:13.801] [DEBUG] debug-file - default@CompileArkTS work[11] is submitted.
[2025-10-21T22:09:13.801] [DEBUG] debug-file - default@CompileArkTS work[11] is pushed to ready queue.
[2025-10-21T22:09:13.801] [DEBUG] debug-file - A work dispatched to worker[15] failed because unable to get work from ready queue.
[2025-10-21T22:09:13.801] [DEBUG] debug-file - Create  resident worker with id: 14.
[2025-10-21T22:09:13.803] [DEBUG] debug-file - default@CompileArkTS work[11] has been dispatched to worker[14].
[2025-10-21T22:09:13.804] [DEBUG] debug-file - default@CompileArkTS work[11] is dispatched.
[2025-10-21T22:09:13.804] [DEBUG] debug-file - default : default@CompileArkTS cost memory 3.1656723022460938
[2025-10-21T22:09:13.807] [DEBUG] debug-file - jsonObjWithoutParam {"video":"file:../../features/video","news":"file:../../features/news","quickstart":"file:../../features/quickstart","follow":"file:../../features/follows","mine":"file:../../features/mine","login":"file:../../features/login","uicomponents":"file:../../commons/uicomponents","utils":"file:../../commons/utils"} at undefined
[2025-10-21T22:09:13.807] [DEBUG] debug-file - jsonObjWithoutParam {"name":"default","version":"1.0.0","description":"Please describe the basic information.","main":"","author":"","license":"","dependencies":{"video":"file:../../features/video","news":"file:../../features/news","quickstart":"file:../../features/quickstart","follow":"file:../../features/follows","mine":"file:../../features/mine","login":"file:../../features/login","uicomponents":"file:../../commons/uicomponents","utils":"file:../../commons/utils"}} at undefined
[2025-10-21T22:09:13.809] [DEBUG] debug-file - Executing task :default:default@BuildJS
[2025-10-21T22:09:13.812] [DEBUG] debug-file - default : default@BuildJS cost memory 0.2177734375
[2025-10-21T22:09:13.812] [DEBUG] debug-file - runTaskFromQueue task cost before running: 1 s 287 ms 
[2025-10-21T22:09:13.812] [INFO] debug-file - Finished :default:default@BuildJS... after 4 ms 
[2025-10-21T22:09:13.814] [DEBUG] debug-file - jsonObjWithoutParam {"utils":"file:../../commons/utils","uicomponents":"file:../../commons/uicomponents"} at undefined
[2025-10-21T22:09:13.814] [DEBUG] debug-file - jsonObjWithoutParam {"name":"news","version":"1.0.0","description":"Please describe the basic information.","main":"Index.ets","author":"","license":"Apache-2.0","dependencies":{"utils":"file:../../commons/utils","uicomponents":"file:../../commons/uicomponents"}} at undefined
[2025-10-21T22:09:13.815] [DEBUG] debug-file - Executing task :news:default@DoNativeStrip
[2025-10-21T22:09:13.815] [DEBUG] debug-file - Task 'news:default@DoNativeStrip' cost while wrapping incremental declarations: 1 ms 
[2025-10-21T22:09:13.816] [DEBUG] debug-file - Incremental task news:default@DoNativeStrip pre-execution cost: 2 ms .
[2025-10-21T22:09:13.817] [DEBUG] debug-file - news : default@DoNativeStrip cost memory 0.0766754150390625
[2025-10-21T22:09:13.817] [INFO] debug-file - UP-TO-DATE :news:default@DoNativeStrip...  
[2025-10-21T22:09:13.820] [DEBUG] debug-file - jsonObjWithoutParam {"utils":"file:../../commons/utils","uicomponents":"file:../../commons/uicomponents"} at undefined
[2025-10-21T22:09:13.820] [DEBUG] debug-file - jsonObjWithoutParam {"name":"video","version":"1.0.0","description":"Please describe the basic information.","main":"Index.ets","author":"","license":"Apache-2.0","dependencies":{"utils":"file:../../commons/utils","uicomponents":"file:../../commons/uicomponents"}} at undefined
[2025-10-21T22:09:13.822] [DEBUG] debug-file - Executing task :video:default@DoNativeStrip
[2025-10-21T22:09:13.822] [DEBUG] debug-file - Task 'video:default@DoNativeStrip' cost while wrapping incremental declarations: 1 ms 
[2025-10-21T22:09:13.823] [DEBUG] debug-file - Incremental task video:default@DoNativeStrip pre-execution cost: 1 ms .
[2025-10-21T22:09:13.823] [DEBUG] debug-file - video : default@DoNativeStrip cost memory 0.08054351806640625
[2025-10-21T22:09:13.823] [INFO] debug-file - UP-TO-DATE :video:default@DoNativeStrip...  
[2025-10-21T22:09:13.824] [DEBUG] debug-file - jsonObjWithoutParam {"utils":"file:../../commons/utils","uicomponents":"file:../../commons/uicomponents"} at undefined
[2025-10-21T22:09:13.825] [DEBUG] debug-file - jsonObjWithoutParam {"name":"quickstart","version":"1.0.0","description":"Please describe the basic information.","main":"Index.ets","author":"","license":"Apache-2.0","dependencies":{"utils":"file:../../commons/utils","uicomponents":"file:../../commons/uicomponents"}} at undefined
[2025-10-21T22:09:13.826] [DEBUG] debug-file - Executing task :quickstart:default@DoNativeStrip
[2025-10-21T22:09:13.826] [DEBUG] debug-file - Task 'quickstart:default@DoNativeStrip' cost while wrapping incremental declarations: 1 ms 
[2025-10-21T22:09:13.826] [DEBUG] debug-file - Incremental task quickstart:default@DoNativeStrip pre-execution cost: 1 ms .
[2025-10-21T22:09:13.826] [DEBUG] debug-file - quickstart : default@DoNativeStrip cost memory 0.0780181884765625
[2025-10-21T22:09:13.827] [INFO] debug-file - UP-TO-DATE :quickstart:default@DoNativeStrip...  
[2025-10-21T22:09:13.828] [DEBUG] debug-file - jsonObjWithoutParam {"uicomponents":"file:../../commons/uicomponents","utils":"file:../../commons/utils"} at undefined
[2025-10-21T22:09:13.828] [DEBUG] debug-file - jsonObjWithoutParam {"name":"follows","version":"1.0.0","description":"Please describe the basic information.","main":"Index.ets","author":"","license":"Apache-2.0","dependencies":{"uicomponents":"file:../../commons/uicomponents","utils":"file:../../commons/utils"}} at undefined
[2025-10-21T22:09:13.830] [DEBUG] debug-file - Executing task :follows:default@DoNativeStrip
[2025-10-21T22:09:13.830] [DEBUG] debug-file - Task 'follows:default@DoNativeStrip' cost while wrapping incremental declarations: 1 ms 
[2025-10-21T22:09:13.830] [DEBUG] debug-file - Incremental task follows:default@DoNativeStrip pre-execution cost: 1 ms .
[2025-10-21T22:09:13.830] [DEBUG] debug-file - follows : default@DoNativeStrip cost memory 0.077606201171875
[2025-10-21T22:09:13.830] [INFO] debug-file - UP-TO-DATE :follows:default@DoNativeStrip...  
[2025-10-21T22:09:13.832] [DEBUG] debug-file - jsonObjWithoutParam {"login":"file:../login"} at undefined
[2025-10-21T22:09:13.832] [DEBUG] debug-file - jsonObjWithoutParam {"name":"mine","version":"1.0.0","description":"Please describe the basic information.","main":"Index.ets","author":"","license":"Apache-2.0","dependencies":{"login":"file:../login"}} at undefined
[2025-10-21T22:09:13.832] [DEBUG] debug-file - Executing task :mine:default@BuildNativeWithNinja
[2025-10-21T22:09:13.833] [DEBUG] debug-file - jsonObjWithoutParam {"login":"file:../login"} at undefined
[2025-10-21T22:09:13.833] [DEBUG] debug-file - jsonObjWithoutParam {"name":"mine","version":"1.0.0","description":"Please describe the basic information.","main":"Index.ets","author":"","license":"Apache-2.0","dependencies":{"login":"file:../login"}} at undefined
[2025-10-21T22:09:13.833] [DEBUG] debug-file - mine : default@BuildNativeWithNinja cost memory 0.05805206298828125
[2025-10-21T22:09:13.833] [DEBUG] debug-file - runTaskFromQueue task cost before running: 1 s 308 ms 
[2025-10-21T22:09:13.833] [INFO] debug-file - Finished :mine:default@BuildNativeWithNinja... after 1 ms 
[2025-10-21T22:09:13.835] [DEBUG] debug-file - jsonObjWithoutParam {"login":"file:../login"} at undefined
[2025-10-21T22:09:13.835] [DEBUG] debug-file - jsonObjWithoutParam {"name":"mine","version":"1.0.0","description":"Please describe the basic information.","main":"Index.ets","author":"","license":"Apache-2.0","dependencies":{"login":"file:../login"}} at undefined
[2025-10-21T22:09:13.836] [DEBUG] debug-file - Executing task :mine:default@ProcessLibs
[2025-10-21T22:09:13.838] [DEBUG] debug-file - Incremental task mine:default@ProcessLibs pre-execution cost: 1 ms .
[2025-10-21T22:09:13.838] [DEBUG] debug-file - mine : default@ProcessLibs cost memory 0.13378143310546875
[2025-10-21T22:09:13.838] [INFO] debug-file - UP-TO-DATE :mine:default@ProcessLibs...  
[2025-10-21T22:09:13.840] [DEBUG] debug-file - jsonObjWithoutParam {"login":"file:../login"} at undefined
[2025-10-21T22:09:13.840] [DEBUG] debug-file - jsonObjWithoutParam {"name":"mine","version":"1.0.0","description":"Please describe the basic information.","main":"Index.ets","author":"","license":"Apache-2.0","dependencies":{"login":"file:../login"}} at undefined
[2025-10-21T22:09:13.842] [DEBUG] debug-file - Executing task :mine:default@DoNativeStrip
[2025-10-21T22:09:13.842] [DEBUG] debug-file - Task 'mine:default@DoNativeStrip' cost while wrapping incremental declarations: 1 ms 
[2025-10-21T22:09:13.842] [DEBUG] debug-file - Incremental task mine:default@DoNativeStrip pre-execution cost: 1 ms .
[2025-10-21T22:09:13.843] [DEBUG] debug-file - mine : default@DoNativeStrip cost memory 0.076385498046875
[2025-10-21T22:09:13.843] [INFO] debug-file - UP-TO-DATE :mine:default@DoNativeStrip...  
[2025-10-21T22:09:13.844] [DEBUG] debug-file - jsonObjWithoutParam {"video":"file:../../features/video","news":"file:../../features/news","quickstart":"file:../../features/quickstart","follow":"file:../../features/follows","mine":"file:../../features/mine","login":"file:../../features/login","uicomponents":"file:../../commons/uicomponents","utils":"file:../../commons/utils"} at undefined
[2025-10-21T22:09:13.844] [DEBUG] debug-file - jsonObjWithoutParam {"name":"default","version":"1.0.0","description":"Please describe the basic information.","main":"","author":"","license":"","dependencies":{"video":"file:../../features/video","news":"file:../../features/news","quickstart":"file:../../features/quickstart","follow":"file:../../features/follows","mine":"file:../../features/mine","login":"file:../../features/login","uicomponents":"file:../../commons/uicomponents","utils":"file:../../commons/utils"}} at undefined
[2025-10-21T22:09:13.844] [DEBUG] debug-file - Executing task :default:default@BuildNativeWithNinja
[2025-10-21T22:09:13.844] [DEBUG] debug-file - jsonObjWithoutParam {"video":"file:../../features/video","news":"file:../../features/news","quickstart":"file:../../features/quickstart","follow":"file:../../features/follows","mine":"file:../../features/mine","login":"file:../../features/login","uicomponents":"file:../../commons/uicomponents","utils":"file:../../commons/utils"} at undefined
[2025-10-21T22:09:13.845] [DEBUG] debug-file - jsonObjWithoutParam {"name":"default","version":"1.0.0","description":"Please describe the basic information.","main":"","author":"","license":"","dependencies":{"video":"file:../../features/video","news":"file:../../features/news","quickstart":"file:../../features/quickstart","follow":"file:../../features/follows","mine":"file:../../features/mine","login":"file:../../features/login","uicomponents":"file:../../commons/uicomponents","utils":"file:../../commons/utils"}} at undefined
[2025-10-21T22:09:13.845] [DEBUG] debug-file - default : default@BuildNativeWithNinja cost memory 0.0683441162109375
[2025-10-21T22:09:13.845] [DEBUG] debug-file - runTaskFromQueue task cost before running: 1 s 320 ms 
[2025-10-21T22:09:13.845] [INFO] debug-file - Finished :default:default@BuildNativeWithNinja... after 1 ms 
[2025-10-21T22:09:13.847] [DEBUG] debug-file - jsonObjWithoutParam {"video":"file:../../features/video","news":"file:../../features/news","quickstart":"file:../../features/quickstart","follow":"file:../../features/follows","mine":"file:../../features/mine","login":"file:../../features/login","uicomponents":"file:../../commons/uicomponents","utils":"file:../../commons/utils"} at undefined
[2025-10-21T22:09:13.847] [DEBUG] debug-file - jsonObjWithoutParam {"name":"default","version":"1.0.0","description":"Please describe the basic information.","main":"","author":"","license":"","dependencies":{"video":"file:../../features/video","news":"file:../../features/news","quickstart":"file:../../features/quickstart","follow":"file:../../features/follows","mine":"file:../../features/mine","login":"file:../../features/login","uicomponents":"file:../../commons/uicomponents","utils":"file:../../commons/utils"}} at undefined
[2025-10-21T22:09:13.848] [DEBUG] debug-file - Executing task :default:default@ProcessLibs
[2025-10-21T22:09:13.858] [DEBUG] debug-file - Incremental task default:default@ProcessLibs pre-execution cost: 2 ms .
[2025-10-21T22:09:13.858] [DEBUG] debug-file - default : default@ProcessLibs cost memory 1.464202880859375
[2025-10-21T22:09:13.859] [INFO] debug-file - UP-TO-DATE :default:default@ProcessLibs...  
[2025-10-21T22:09:13.860] [DEBUG] debug-file - jsonObjWithoutParam {"video":"file:../../features/video","news":"file:../../features/news","quickstart":"file:../../features/quickstart","follow":"file:../../features/follows","mine":"file:../../features/mine","login":"file:../../features/login","uicomponents":"file:../../commons/uicomponents","utils":"file:../../commons/utils"} at undefined
[2025-10-21T22:09:13.861] [DEBUG] debug-file - jsonObjWithoutParam {"name":"default","version":"1.0.0","description":"Please describe the basic information.","main":"","author":"","license":"","dependencies":{"video":"file:../../features/video","news":"file:../../features/news","quickstart":"file:../../features/quickstart","follow":"file:../../features/follows","mine":"file:../../features/mine","login":"file:../../features/login","uicomponents":"file:../../commons/uicomponents","utils":"file:../../commons/utils"}} at undefined
[2025-10-21T22:09:13.862] [DEBUG] debug-file - Executing task :default:default@DoNativeStrip
[2025-10-21T22:09:13.862] [DEBUG] debug-file - Task 'default:default@DoNativeStrip' cost while wrapping incremental declarations: 1 ms 
[2025-10-21T22:09:13.862] [DEBUG] debug-file - Incremental task default:default@DoNativeStrip pre-execution cost: 1 ms .
[2025-10-21T22:09:13.863] [DEBUG] debug-file - default : default@DoNativeStrip cost memory 0.07886505126953125
[2025-10-21T22:09:13.863] [INFO] debug-file - UP-TO-DATE :default:default@DoNativeStrip...  
[2025-10-21T22:09:13.864] [DEBUG] debug-file - jsonObjWithoutParam {"video":"file:../../features/video","news":"file:../../features/news","quickstart":"file:../../features/quickstart","follow":"file:../../features/follows","mine":"file:../../features/mine","login":"file:../../features/login","uicomponents":"file:../../commons/uicomponents","utils":"file:../../commons/utils"} at undefined
[2025-10-21T22:09:13.864] [DEBUG] debug-file - jsonObjWithoutParam {"name":"default","version":"1.0.0","description":"Please describe the basic information.","main":"","author":"","license":"","dependencies":{"video":"file:../../features/video","news":"file:../../features/news","quickstart":"file:../../features/quickstart","follow":"file:../../features/follows","mine":"file:../../features/mine","login":"file:../../features/login","uicomponents":"file:../../commons/uicomponents","utils":"file:../../commons/utils"}} at undefined
[2025-10-21T22:09:13.866] [DEBUG] debug-file - Executing task :default:default@CacheNativeLibs
[2025-10-21T22:09:13.866] [DEBUG] debug-file - Task 'default:default@CacheNativeLibs' cost while wrapping incremental declarations: 1 ms 
[2025-10-21T22:09:13.867] [DEBUG] debug-file - Incremental task default:default@CacheNativeLibs pre-execution cost: 1 ms .
[2025-10-21T22:09:13.867] [DEBUG] debug-file - default : default@CacheNativeLibs cost memory 0.09432220458984375
[2025-10-21T22:09:13.867] [INFO] debug-file - UP-TO-DATE :default:default@CacheNativeLibs...  
[2025-10-21T22:09:23.697] [DEBUG] debug-file - worker[4] has one work done.
[2025-10-21T22:09:23.700] [DEBUG] debug-file - default@CompileArkTS work[10] done.
[2025-10-21T22:09:23.700] [DEBUG] debug-file - A work dispatched to worker[4] failed because unable to get work from ready queue.
[2025-10-21T22:09:37.073] [DEBUG] debug-file - worker[14] has one work done.
[2025-10-21T22:09:37.073] [DEBUG] debug-file - CopyResources is end, endTime: 40735756713300
[2025-10-21T22:09:37.073] [DEBUG] debug-file - default@CompileArkTS work[11] done.
[2025-10-21T22:09:37.073] [DEBUG] debug-file - A work dispatched to worker[14] failed because unable to get work from ready queue.
[2025-10-21T22:09:37.076] [INFO] debug-file - Finished :default:default@CompileArkTS... after 9 s 977 ms 
[2025-10-21T22:09:37.078] [DEBUG] debug-file - jsonObjWithoutParam {"video":"file:../../features/video","news":"file:../../features/news","quickstart":"file:../../features/quickstart","follow":"file:../../features/follows","mine":"file:../../features/mine","login":"file:../../features/login","uicomponents":"file:../../commons/uicomponents","utils":"file:../../commons/utils"} at undefined
[2025-10-21T22:09:37.078] [DEBUG] debug-file - jsonObjWithoutParam {"name":"default","version":"1.0.0","description":"Please describe the basic information.","main":"","author":"","license":"","dependencies":{"video":"file:../../features/video","news":"file:../../features/news","quickstart":"file:../../features/quickstart","follow":"file:../../features/follows","mine":"file:../../features/mine","login":"file:../../features/login","uicomponents":"file:../../commons/uicomponents","utils":"file:../../commons/utils"}} at undefined
[2025-10-21T22:09:37.079] [DEBUG] debug-file - Executing task :default:default@GeneratePkgModuleJson
[2025-10-21T22:09:37.080] [DEBUG] debug-file - Task 'default:default@GeneratePkgModuleJson' cost while wrapping incremental declarations: 1 ms 
[2025-10-21T22:09:37.081] [DEBUG] debug-file - Incremental task default:default@GeneratePkgModuleJson pre-execution cost: 1 ms .
[2025-10-21T22:09:37.081] [DEBUG] debug-file - default : default@GeneratePkgModuleJson cost memory 0.07404327392578125
[2025-10-21T22:09:37.081] [INFO] debug-file - UP-TO-DATE :default:default@GeneratePkgModuleJson...  
[2025-10-21T22:09:37.082] [DEBUG] debug-file - jsonObjWithoutParam {"video":"file:../../features/video","news":"file:../../features/news","quickstart":"file:../../features/quickstart","follow":"file:../../features/follows","mine":"file:../../features/mine","login":"file:../../features/login","uicomponents":"file:../../commons/uicomponents","utils":"file:../../commons/utils"} at undefined
[2025-10-21T22:09:37.082] [DEBUG] debug-file - jsonObjWithoutParam {"name":"default","version":"1.0.0","description":"Please describe the basic information.","main":"","author":"","license":"","dependencies":{"video":"file:../../features/video","news":"file:../../features/news","quickstart":"file:../../features/quickstart","follow":"file:../../features/follows","mine":"file:../../features/mine","login":"file:../../features/login","uicomponents":"file:../../commons/uicomponents","utils":"file:../../commons/utils"}} at undefined
[2025-10-21T22:09:37.087] [DEBUG] debug-file - Executing task :default:default@PackageHap
[2025-10-21T22:09:37.092] [DEBUG] debug-file - default:default@PackageHap is not up-to-date, since the input file 'G:\HarmonyOsProjects\news_app-3a12a9aaec8f982bbbef9569988265dcb99f73e0\products\default\build\default\intermediates\loader_out\default\ets' has been changed.
[2025-10-21T22:09:37.093] [DEBUG] debug-file - Incremental task default:default@PackageHap pre-execution cost: 6 ms .
[2025-10-21T22:09:37.093] [DEBUG] debug-file - jsonObjWithoutParam {"video":"file:../../features/video","news":"file:../../features/news","quickstart":"file:../../features/quickstart","follow":"file:../../features/follows","mine":"file:../../features/mine","login":"file:../../features/login","uicomponents":"file:../../commons/uicomponents","utils":"file:../../commons/utils"} at undefined
[2025-10-21T22:09:37.093] [DEBUG] debug-file - jsonObjWithoutParam {"name":"default","version":"1.0.0","description":"Please describe the basic information.","main":"","author":"","license":"","dependencies":{"video":"file:../../features/video","news":"file:../../features/news","quickstart":"file:../../features/quickstart","follow":"file:../../features/follows","mine":"file:../../features/mine","login":"file:../../features/login","uicomponents":"file:../../commons/uicomponents","utils":"file:../../commons/utils"}} at undefined
[2025-10-21T22:09:37.094] [DEBUG] debug-file - Use tool [G:\DevEco Studio\sdk\default\openharmony\toolchains\lib\app_packing_tool.jar]
 [
  'java',
  '-Dfile.encoding=GBK',
  '-jar',
  'G:\\DevEco Studio\\sdk\\default\\openharmony\\toolchains\\lib\\app_packing_tool.jar',
  '--mode',
  'hap',
  '--force',
  'true',
  '--lib-path',
  'G:\\HarmonyOsProjects\\news_app-3a12a9aaec8f982bbbef9569988265dcb99f73e0\\products\\default\\build\\default\\intermediates\\stripped_native_libs\\default',
  '--json-path',
  'G:\\HarmonyOsProjects\\news_app-3a12a9aaec8f982bbbef9569988265dcb99f73e0\\products\\default\\build\\default\\intermediates\\package\\default\\module.json',
  '--resources-path',
  'G:\\HarmonyOsProjects\\news_app-3a12a9aaec8f982bbbef9569988265dcb99f73e0\\products\\default\\build\\default\\intermediates\\res\\default\\resources',
  '--index-path',
  'G:\\HarmonyOsProjects\\news_app-3a12a9aaec8f982bbbef9569988265dcb99f73e0\\products\\default\\build\\default\\intermediates\\res\\default\\resources.index',
  '--pack-info-path',
  'G:\\HarmonyOsProjects\\news_app-3a12a9aaec8f982bbbef9569988265dcb99f73e0\\products\\default\\build\\default\\outputs\\default\\pack.info',
  '--out-path',
  'G:\\HarmonyOsProjects\\news_app-3a12a9aaec8f982bbbef9569988265dcb99f73e0\\products\\default\\build\\default\\outputs\\default\\default-default-unsigned.hap',
  '--ets-path',
  'G:\\HarmonyOsProjects\\news_app-3a12a9aaec8f982bbbef9569988265dcb99f73e0\\products\\default\\build\\default\\intermediates\\loader_out\\default\\ets'
]
[2025-10-21T22:09:37.656] [DEBUG] debug-file - java daemon socket received message:{"code":0,"message":"pack success"}
[2025-10-21T22:09:37.660] [DEBUG] debug-file - default : default@PackageHap cost memory 1.4880599975585938
[2025-10-21T22:09:37.660] [DEBUG] debug-file - runTaskFromQueue task cost before running: 25 s 134 ms 
[2025-10-21T22:09:37.661] [INFO] debug-file - Finished :default:default@PackageHap... after 574 ms 
[2025-10-21T22:09:37.662] [DEBUG] debug-file - jsonObjWithoutParam {"video":"file:../../features/video","news":"file:../../features/news","quickstart":"file:../../features/quickstart","follow":"file:../../features/follows","mine":"file:../../features/mine","login":"file:../../features/login","uicomponents":"file:../../commons/uicomponents","utils":"file:../../commons/utils"} at undefined
[2025-10-21T22:09:37.662] [DEBUG] debug-file - jsonObjWithoutParam {"name":"default","version":"1.0.0","description":"Please describe the basic information.","main":"","author":"","license":"","dependencies":{"video":"file:../../features/video","news":"file:../../features/news","quickstart":"file:../../features/quickstart","follow":"file:../../features/follows","mine":"file:../../features/mine","login":"file:../../features/login","uicomponents":"file:../../commons/uicomponents","utils":"file:../../commons/utils"}} at undefined
[2025-10-21T22:09:37.664] [DEBUG] debug-file - Executing task :default:default@SignHap
[2025-10-21T22:09:37.664] [WARN] debug-file - Will skip sign 'hos_hap'. No signingConfigs profile is configured in current project.
             If needed, configure the signingConfigs in G:\HarmonyOsProjects\news_app-3a12a9aaec8f982bbbef9569988265dcb99f73e0\build-profile.json5.
[2025-10-21T22:09:37.664] [DEBUG] debug-file - default:default@SignHap is not up-to-date, since the input file 'G:\HarmonyOsProjects\news_app-3a12a9aaec8f982bbbef9569988265dcb99f73e0\products\default\build\default\outputs\default\default-default-unsigned.hap' has been changed.
[2025-10-21T22:09:37.664] [DEBUG] debug-file - Incremental task default:default@SignHap pre-execution cost: 1 ms .
[2025-10-21T22:09:37.664] [DEBUG] debug-file - jsonObjWithoutParam {"video":"file:../../features/video","news":"file:../../features/news","quickstart":"file:../../features/quickstart","follow":"file:../../features/follows","mine":"file:../../features/mine","login":"file:../../features/login","uicomponents":"file:../../commons/uicomponents","utils":"file:../../commons/utils"} at undefined
[2025-10-21T22:09:37.664] [DEBUG] debug-file - jsonObjWithoutParam {"name":"default","version":"1.0.0","description":"Please describe the basic information.","main":"","author":"","license":"","dependencies":{"video":"file:../../features/video","news":"file:../../features/news","quickstart":"file:../../features/quickstart","follow":"file:../../features/follows","mine":"file:../../features/mine","login":"file:../../features/login","uicomponents":"file:../../commons/uicomponents","utils":"file:../../commons/utils"}} at undefined
[2025-10-21T22:09:37.664] [DEBUG] debug-file - default : default@SignHap cost memory 0.13297271728515625
[2025-10-21T22:09:37.665] [DEBUG] debug-file - runTaskFromQueue task cost before running: 25 s 139 ms 
[2025-10-21T22:09:37.665] [INFO] debug-file - Finished :default:default@SignHap... after 1 ms 
[2025-10-21T22:09:37.666] [DEBUG] debug-file - jsonObjWithoutParam {"video":"file:../../features/video","news":"file:../../features/news","quickstart":"file:../../features/quickstart","follow":"file:../../features/follows","mine":"file:../../features/mine","login":"file:../../features/login","uicomponents":"file:../../commons/uicomponents","utils":"file:../../commons/utils"} at undefined
[2025-10-21T22:09:37.666] [DEBUG] debug-file - jsonObjWithoutParam {"name":"default","version":"1.0.0","description":"Please describe the basic information.","main":"","author":"","license":"","dependencies":{"video":"file:../../features/video","news":"file:../../features/news","quickstart":"file:../../features/quickstart","follow":"file:../../features/follows","mine":"file:../../features/mine","login":"file:../../features/login","uicomponents":"file:../../commons/uicomponents","utils":"file:../../commons/utils"}} at undefined
[2025-10-21T22:09:37.667] [DEBUG] debug-file - Executing task :default:default@CollectDebugSymbol
[2025-10-21T22:09:37.669] [DEBUG] debug-file - jsonObjWithoutParam {"video":"file:../../features/video","news":"file:../../features/news","quickstart":"file:../../features/quickstart","follow":"file:../../features/follows","mine":"file:../../features/mine","login":"file:../../features/login","uicomponents":"file:../../commons/uicomponents","utils":"file:../../commons/utils"} at undefined
[2025-10-21T22:09:37.669] [DEBUG] debug-file - jsonObjWithoutParam {"name":"default","version":"1.0.0","description":"Please describe the basic information.","main":"","author":"","license":"","dependencies":{"video":"file:../../features/video","news":"file:../../features/news","quickstart":"file:../../features/quickstart","follow":"file:../../features/follows","mine":"file:../../features/mine","login":"file:../../features/login","uicomponents":"file:../../commons/uicomponents","utils":"file:../../commons/utils"}} at undefined
[2025-10-21T22:09:37.669] [DEBUG] debug-file - default : default@CollectDebugSymbol cost memory 0.24155426025390625
[2025-10-21T22:09:37.669] [DEBUG] debug-file - runTaskFromQueue task cost before running: 25 s 144 ms 
[2025-10-21T22:09:37.669] [INFO] debug-file - Finished :default:default@CollectDebugSymbol... after 3 ms 
[2025-10-21T22:09:37.670] [DEBUG] debug-file - Executing task :default:assembleHap
[2025-10-21T22:09:37.670] [DEBUG] debug-file - default : assembleHap cost memory 0.01132965087890625
[2025-10-21T22:09:37.670] [DEBUG] debug-file - runTaskFromQueue task cost before running: 25 s 145 ms 
[2025-10-21T22:09:37.670] [INFO] debug-file - Finished :default:assembleHap... after 1 ms 
[2025-10-21T22:09:37.681] [DEBUG] debug-file - BUILD SUCCESSFUL in 25 s 155 ms 
[2025-10-21T22:09:37.681] [DEBUG] debug-file - There is no need to refresh cache, since the incremental task default:default@PreBuild is up-to-date.
[2025-10-21T22:09:37.681] [DEBUG] debug-file - There is no need to refresh cache, since the incremental task video:default@PreBuild is up-to-date.
[2025-10-21T22:09:37.681] [DEBUG] debug-file - There is no need to refresh cache, since the incremental task utils:default@PreBuild is up-to-date.
[2025-10-21T22:09:37.681] [DEBUG] debug-file - There is no need to refresh cache, since the incremental task uicomponents:default@PreBuild is up-to-date.
[2025-10-21T22:09:37.681] [DEBUG] debug-file - There is no need to refresh cache, since the incremental task news:default@PreBuild is up-to-date.
[2025-10-21T22:09:37.681] [DEBUG] debug-file - There is no need to refresh cache, since the incremental task quickstart:default@PreBuild is up-to-date.
[2025-10-21T22:09:37.681] [DEBUG] debug-file - There is no need to refresh cache, since the incremental task follows:default@PreBuild is up-to-date.
[2025-10-21T22:09:37.681] [DEBUG] debug-file - There is no need to refresh cache, since the incremental task mine:default@PreBuild is up-to-date.
[2025-10-21T22:09:37.681] [DEBUG] debug-file - There is no need to refresh cache, since the incremental task login:default@PreBuild is up-to-date.
[2025-10-21T22:09:37.681] [DEBUG] debug-file - Update task default:default@CreateModuleInfo output file:G:\HarmonyOsProjects\news_app-3a12a9aaec8f982bbbef9569988265dcb99f73e0\products\default\build\default\generated\profile\default\ModuleInfo.ts cache.
[2025-10-21T22:09:37.681] [DEBUG] debug-file - Incremental task default:default@CreateModuleInfo post-execution cost:1 ms .
[2025-10-21T22:09:37.681] [DEBUG] debug-file - There is no need to refresh cache, since the incremental task default:default@GenerateMetadata is up-to-date.
[2025-10-21T22:09:37.681] [DEBUG] debug-file - Update task default:default@GeneratePkgContextInfo output file:G:\HarmonyOsProjects\news_app-3a12a9aaec8f982bbbef9569988265dcb99f73e0\products\default\build\default\intermediates\loader\default\pkgContextInfo.json cache.
[2025-10-21T22:09:37.681] [DEBUG] debug-file - Incremental task default:default@GeneratePkgContextInfo post-execution cost:1 ms .
[2025-10-21T22:09:37.682] [DEBUG] debug-file - Update task default:default@ProcessIntegratedHsp output file:G:\HarmonyOsProjects\news_app-3a12a9aaec8f982bbbef9569988265dcb99f73e0\build\cache\default\integrated_hsp\integratedHspCache.json cache.
[2025-10-21T22:09:37.682] [DEBUG] debug-file - Incremental task default:default@ProcessIntegratedHsp post-execution cost:1 ms .
[2025-10-21T22:09:37.682] [DEBUG] debug-file - There is no need to refresh cache, since the incremental task utils:default@CreateHarBuildProfile is up-to-date.
[2025-10-21T22:09:37.682] [DEBUG] debug-file - There is no need to refresh cache, since the incremental task utils:default@MergeProfile is up-to-date.
[2025-10-21T22:09:37.682] [DEBUG] debug-file - There is no need to refresh cache, since the incremental task uicomponents:default@CreateHarBuildProfile is up-to-date.
[2025-10-21T22:09:37.682] [DEBUG] debug-file - There is no need to refresh cache, since the incremental task uicomponents:default@MergeProfile is up-to-date.
[2025-10-21T22:09:37.682] [DEBUG] debug-file - Update task default:default@SyscapTransform input file:G:\DevEco Studio\sdk\default\openharmony\toolchains\syscap_tool.exe cache by regenerate.
[2025-10-21T22:09:37.682] [DEBUG] debug-file - Update task default:default@SyscapTransform input file:G:\DevEco Studio\sdk\default\openharmony\ets\api\device-define cache by regenerate.
[2025-10-21T22:09:37.682] [DEBUG] debug-file - Update task default:default@SyscapTransform output file:G:\HarmonyOsProjects\news_app-3a12a9aaec8f982bbbef9569988265dcb99f73e0\products\default\build\default\intermediates\syscap\default\rpcid.sc cache.
[2025-10-21T22:09:37.683] [DEBUG] debug-file - Incremental task default:default@SyscapTransform post-execution cost:1 ms .
[2025-10-21T22:09:37.683] [DEBUG] debug-file - There is no need to refresh cache, since the incremental task default:default@ProcessRouterMap is up-to-date.
[2025-10-21T22:09:37.683] [DEBUG] debug-file - Update task default:default@ProcessStartupConfig output file:G:\HarmonyOsProjects\news_app-3a12a9aaec8f982bbbef9569988265dcb99f73e0\products\default\build\default\intermediates\startup\default\startup_config.json cache.
[2025-10-21T22:09:37.683] [DEBUG] debug-file - Incremental task default:default@ProcessStartupConfig post-execution cost:1 ms .
[2025-10-21T22:09:37.683] [DEBUG] debug-file - There is no need to refresh cache, since the incremental task login:default@CreateHarBuildProfile is up-to-date.
[2025-10-21T22:09:37.683] [DEBUG] debug-file - There is no need to refresh cache, since the incremental task login:default@MergeProfile is up-to-date.
[2025-10-21T22:09:37.683] [DEBUG] debug-file - There is no need to refresh cache, since the incremental task news:default@CreateHarBuildProfile is up-to-date.
[2025-10-21T22:09:37.683] [DEBUG] debug-file - There is no need to refresh cache, since the incremental task video:default@CreateHarBuildProfile is up-to-date.
[2025-10-21T22:09:37.683] [DEBUG] debug-file - There is no need to refresh cache, since the incremental task quickstart:default@CreateHarBuildProfile is up-to-date.
[2025-10-21T22:09:37.683] [DEBUG] debug-file - There is no need to refresh cache, since the incremental task follows:default@CreateHarBuildProfile is up-to-date.
[2025-10-21T22:09:37.683] [DEBUG] debug-file - There is no need to refresh cache, since the incremental task news:default@MergeProfile is up-to-date.
[2025-10-21T22:09:37.683] [DEBUG] debug-file - There is no need to refresh cache, since the incremental task video:default@MergeProfile is up-to-date.
[2025-10-21T22:09:37.683] [DEBUG] debug-file - There is no need to refresh cache, since the incremental task quickstart:default@MergeProfile is up-to-date.
[2025-10-21T22:09:37.683] [DEBUG] debug-file - There is no need to refresh cache, since the incremental task follows:default@MergeProfile is up-to-date.
[2025-10-21T22:09:37.683] [DEBUG] debug-file - There is no need to refresh cache, since the incremental task default:default@GenerateLoaderJson is up-to-date.
[2025-10-21T22:09:37.683] [DEBUG] debug-file - There is no need to refresh cache, since the incremental task mine:default@CreateHarBuildProfile is up-to-date.
[2025-10-21T22:09:37.683] [DEBUG] debug-file - There is no need to refresh cache, since the incremental task mine:default@MergeProfile is up-to-date.
[2025-10-21T22:09:37.683] [DEBUG] debug-file - There is no need to refresh cache, since the incremental task default:default@CreateBuildProfile is up-to-date.
[2025-10-21T22:09:37.683] [DEBUG] debug-file - There is no need to refresh cache, since the incremental task utils:default@ProcessLibs is up-to-date.
[2025-10-21T22:09:37.683] [DEBUG] debug-file - There is no need to refresh cache, since the incremental task default:default@MergeProfile is up-to-date.
[2025-10-21T22:09:37.683] [DEBUG] debug-file - There is no need to refresh cache, since the incremental task uicomponents:default@ProcessLibs is up-to-date.
[2025-10-21T22:09:37.683] [DEBUG] debug-file - There is no need to refresh cache, since the incremental task utils:default@DoNativeStrip is up-to-date.
[2025-10-21T22:09:37.683] [DEBUG] debug-file - There is no need to refresh cache, since the incremental task default:default@MakePackInfo is up-to-date.
[2025-10-21T22:09:37.683] [DEBUG] debug-file - There is no need to refresh cache, since the incremental task default:default@ProcessProfile is up-to-date.
[2025-10-21T22:09:37.684] [DEBUG] debug-file - There is no need to refresh cache, since the incremental task uicomponents:default@DoNativeStrip is up-to-date.
[2025-10-21T22:09:37.684] [DEBUG] debug-file - There is no need to refresh cache, since the incremental task default:default@ProcessResource is up-to-date.
[2025-10-21T22:09:37.684] [DEBUG] debug-file - There is no need to refresh cache, since the incremental task login:default@ProcessLibs is up-to-date.
[2025-10-21T22:09:37.684] [DEBUG] debug-file - There is no need to refresh cache, since the incremental task default:default@CompileResource is up-to-date.
[2025-10-21T22:09:37.684] [DEBUG] debug-file - There is no need to refresh cache, since the incremental task news:default@ProcessLibs is up-to-date.
[2025-10-21T22:09:37.684] [DEBUG] debug-file - There is no need to refresh cache, since the incremental task video:default@ProcessLibs is up-to-date.
[2025-10-21T22:09:37.684] [DEBUG] debug-file - There is no need to refresh cache, since the incremental task quickstart:default@ProcessLibs is up-to-date.
[2025-10-21T22:09:37.684] [DEBUG] debug-file - There is no need to refresh cache, since the incremental task follows:default@ProcessLibs is up-to-date.
[2025-10-21T22:09:37.684] [DEBUG] debug-file - There is no need to refresh cache, since the incremental task login:default@DoNativeStrip is up-to-date.
[2025-10-21T22:09:37.685] [DEBUG] debug-file - Update task default:default@CompileArkTS input file:G:\HarmonyOsProjects\news_app-3a12a9aaec8f982bbbef9569988265dcb99f73e0\products\default\build\default\intermediates\loader\default cache by regenerate.
[2025-10-21T22:09:37.685] [DEBUG] debug-file - Update task default:default@CompileArkTS input file:G:\HarmonyOsProjects\news_app-3a12a9aaec8f982bbbef9569988265dcb99f73e0\features\video\Index.ets cache by regenerate.
[2025-10-21T22:09:37.686] [DEBUG] debug-file - Update task default:default@CompileArkTS input file:G:\HarmonyOsProjects\news_app-3a12a9aaec8f982bbbef9569988265dcb99f73e0\features\news\Index.ets cache by regenerate.
[2025-10-21T22:09:37.686] [DEBUG] debug-file - Update task default:default@CompileArkTS input file:G:\HarmonyOsProjects\news_app-3a12a9aaec8f982bbbef9569988265dcb99f73e0\features\quickstart\Index.ets cache by regenerate.
[2025-10-21T22:09:37.686] [DEBUG] debug-file - Update task default:default@CompileArkTS input file:G:\HarmonyOsProjects\news_app-3a12a9aaec8f982bbbef9569988265dcb99f73e0\features\follows\Index.ets cache by regenerate.
[2025-10-21T22:09:37.686] [DEBUG] debug-file - Update task default:default@CompileArkTS input file:G:\HarmonyOsProjects\news_app-3a12a9aaec8f982bbbef9569988265dcb99f73e0\features\mine\Index.ets cache by regenerate.
[2025-10-21T22:09:37.686] [DEBUG] debug-file - Update task default:default@CompileArkTS input file:G:\HarmonyOsProjects\news_app-3a12a9aaec8f982bbbef9569988265dcb99f73e0\features\login\Index.ets cache by regenerate.
[2025-10-21T22:09:37.686] [DEBUG] debug-file - Update task default:default@CompileArkTS input file:G:\HarmonyOsProjects\news_app-3a12a9aaec8f982bbbef9569988265dcb99f73e0\commons\uicomponents\Index.ets cache by regenerate.
[2025-10-21T22:09:37.686] [DEBUG] debug-file - Update task default:default@CompileArkTS input file:G:\HarmonyOsProjects\news_app-3a12a9aaec8f982bbbef9569988265dcb99f73e0\commons\utils\Index.ets cache by regenerate.
[2025-10-21T22:09:37.686] [DEBUG] debug-file - Update task default:default@CompileArkTS input file:G:\HarmonyOsProjects\news_app-3a12a9aaec8f982bbbef9569988265dcb99f73e0\features\video\src\main\ets cache by regenerate.
[2025-10-21T22:09:37.686] [DEBUG] debug-file - Update task default:default@CompileArkTS input file:G:\HarmonyOsProjects\news_app-3a12a9aaec8f982bbbef9569988265dcb99f73e0\features\news\src\main\ets cache by regenerate.
[2025-10-21T22:09:37.687] [DEBUG] debug-file - Update task default:default@CompileArkTS input file:G:\HarmonyOsProjects\news_app-3a12a9aaec8f982bbbef9569988265dcb99f73e0\features\quickstart\src\main\ets cache by regenerate.
[2025-10-21T22:09:37.687] [DEBUG] debug-file - Update task default:default@CompileArkTS input file:G:\HarmonyOsProjects\news_app-3a12a9aaec8f982bbbef9569988265dcb99f73e0\features\follows\src\main\ets cache by regenerate.
[2025-10-21T22:09:37.688] [DEBUG] debug-file - Update task default:default@CompileArkTS input file:G:\HarmonyOsProjects\news_app-3a12a9aaec8f982bbbef9569988265dcb99f73e0\features\mine\src\main\ets cache from map.
[2025-10-21T22:09:37.688] [DEBUG] debug-file - Update task default:default@CompileArkTS input file:G:\HarmonyOsProjects\news_app-3a12a9aaec8f982bbbef9569988265dcb99f73e0\features\login\src\main\ets cache by regenerate.
[2025-10-21T22:09:37.688] [DEBUG] debug-file - Update task default:default@CompileArkTS input file:G:\HarmonyOsProjects\news_app-3a12a9aaec8f982bbbef9569988265dcb99f73e0\commons\uicomponents\src\main\ets cache by regenerate.
[2025-10-21T22:09:37.689] [DEBUG] debug-file - Update task default:default@CompileArkTS input file:G:\HarmonyOsProjects\news_app-3a12a9aaec8f982bbbef9569988265dcb99f73e0\commons\utils\src\main\ets cache by regenerate.
[2025-10-21T22:09:37.689] [DEBUG] debug-file - Update task default:default@CompileArkTS input file:G:\HarmonyOsProjects\news_app-3a12a9aaec8f982bbbef9569988265dcb99f73e0\products\default\build\default\intermediates\res\default\resources\rawfile cache by regenerate.
[2025-10-21T22:09:37.690] [DEBUG] debug-file - Update task default:default@CompileArkTS input file:G:\HarmonyOsProjects\news_app-3a12a9aaec8f982bbbef9569988265dcb99f73e0\products\default\build\default\intermediates\res\default\ResourceTable.txt cache by regenerate.
[2025-10-21T22:09:37.690] [DEBUG] debug-file - Update task default:default@CompileArkTS input file:G:\HarmonyOsProjects\news_app-3a12a9aaec8f982bbbef9569988265dcb99f73e0\products\default\build\default\intermediates\res\default\ark_module.json cache by regenerate.
[2025-10-21T22:09:37.690] [DEBUG] debug-file - Update task default:default@CompileArkTS input file:G:\HarmonyOsProjects\news_app-3a12a9aaec8f982bbbef9569988265dcb99f73e0\products\default\build\default\intermediates\res\default\resources\base\profile cache by regenerate.
[2025-10-21T22:09:37.690] [DEBUG] debug-file - Update task default:default@CompileArkTS input file:G:\HarmonyOsProjects\news_app-3a12a9aaec8f982bbbef9569988265dcb99f73e0\products\default\src\main\ets cache by regenerate.
[2025-10-21T22:09:37.690] [DEBUG] debug-file - Update task default:default@CompileArkTS input file:G:\HarmonyOsProjects\news_app-3a12a9aaec8f982bbbef9569988265dcb99f73e0\products\default\build\default\generated\profile\default\BuildProfile.ets cache by regenerate.
[2025-10-21T22:09:37.690] [DEBUG] debug-file - Update task default:default@CompileArkTS input file:G:\HarmonyOsProjects\news_app-3a12a9aaec8f982bbbef9569988265dcb99f73e0\features\video\BuildProfile.ets cache by regenerate.
[2025-10-21T22:09:37.690] [DEBUG] debug-file - Update task default:default@CompileArkTS input file:G:\HarmonyOsProjects\news_app-3a12a9aaec8f982bbbef9569988265dcb99f73e0\features\news\BuildProfile.ets cache by regenerate.
[2025-10-21T22:09:37.691] [DEBUG] debug-file - Update task default:default@CompileArkTS input file:G:\HarmonyOsProjects\news_app-3a12a9aaec8f982bbbef9569988265dcb99f73e0\features\quickstart\BuildProfile.ets cache by regenerate.
[2025-10-21T22:09:37.691] [DEBUG] debug-file - Update task default:default@CompileArkTS input file:G:\HarmonyOsProjects\news_app-3a12a9aaec8f982bbbef9569988265dcb99f73e0\features\follows\BuildProfile.ets cache by regenerate.
[2025-10-21T22:09:37.691] [DEBUG] debug-file - Update task default:default@CompileArkTS input file:G:\HarmonyOsProjects\news_app-3a12a9aaec8f982bbbef9569988265dcb99f73e0\features\mine\BuildProfile.ets cache by regenerate.
[2025-10-21T22:09:37.691] [DEBUG] debug-file - Update task default:default@CompileArkTS input file:G:\HarmonyOsProjects\news_app-3a12a9aaec8f982bbbef9569988265dcb99f73e0\features\login\BuildProfile.ets cache by regenerate.
[2025-10-21T22:09:37.691] [DEBUG] debug-file - Update task default:default@CompileArkTS input file:G:\HarmonyOsProjects\news_app-3a12a9aaec8f982bbbef9569988265dcb99f73e0\commons\uicomponents\BuildProfile.ets cache by regenerate.
[2025-10-21T22:09:37.691] [DEBUG] debug-file - Update task default:default@CompileArkTS input file:G:\HarmonyOsProjects\news_app-3a12a9aaec8f982bbbef9569988265dcb99f73e0\commons\utils\BuildProfile.ets cache by regenerate.
[2025-10-21T22:09:37.691] [DEBUG] debug-file - Update task default:default@CompileArkTS output file:G:\HarmonyOsProjects\news_app-3a12a9aaec8f982bbbef9569988265dcb99f73e0\products\default\build\default\intermediates\loader_out\default\ets cache.
[2025-10-21T22:09:37.692] [DEBUG] debug-file - Incremental task default:default@CompileArkTS post-execution cost:8 ms .
[2025-10-21T22:09:37.693] [DEBUG] debug-file - Update task default:default@BuildJS input file:G:\HarmonyOsProjects\news_app-3a12a9aaec8f982bbbef9569988265dcb99f73e0\products\default\build\default\intermediates\loader\default cache by regenerate.
[2025-10-21T22:09:37.693] [DEBUG] debug-file - Update task default:default@BuildJS input file:G:\HarmonyOsProjects\news_app-3a12a9aaec8f982bbbef9569988265dcb99f73e0\features\video\Index.ets cache by regenerate.
[2025-10-21T22:09:37.693] [DEBUG] debug-file - Update task default:default@BuildJS input file:G:\HarmonyOsProjects\news_app-3a12a9aaec8f982bbbef9569988265dcb99f73e0\features\news\Index.ets cache by regenerate.
[2025-10-21T22:09:37.693] [DEBUG] debug-file - Update task default:default@BuildJS input file:G:\HarmonyOsProjects\news_app-3a12a9aaec8f982bbbef9569988265dcb99f73e0\features\quickstart\Index.ets cache by regenerate.
[2025-10-21T22:09:37.693] [DEBUG] debug-file - Update task default:default@BuildJS input file:G:\HarmonyOsProjects\news_app-3a12a9aaec8f982bbbef9569988265dcb99f73e0\features\follows\Index.ets cache by regenerate.
[2025-10-21T22:09:37.693] [DEBUG] debug-file - Update task default:default@BuildJS input file:G:\HarmonyOsProjects\news_app-3a12a9aaec8f982bbbef9569988265dcb99f73e0\features\mine\Index.ets cache by regenerate.
[2025-10-21T22:09:37.693] [DEBUG] debug-file - Update task default:default@BuildJS input file:G:\HarmonyOsProjects\news_app-3a12a9aaec8f982bbbef9569988265dcb99f73e0\features\login\Index.ets cache by regenerate.
[2025-10-21T22:09:37.693] [DEBUG] debug-file - Update task default:default@BuildJS input file:G:\HarmonyOsProjects\news_app-3a12a9aaec8f982bbbef9569988265dcb99f73e0\commons\uicomponents\Index.ets cache by regenerate.
[2025-10-21T22:09:37.693] [DEBUG] debug-file - Update task default:default@BuildJS input file:G:\HarmonyOsProjects\news_app-3a12a9aaec8f982bbbef9569988265dcb99f73e0\commons\utils\Index.ets cache by regenerate.
[2025-10-21T22:09:37.693] [DEBUG] debug-file - Update task default:default@BuildJS input file:G:\HarmonyOsProjects\news_app-3a12a9aaec8f982bbbef9569988265dcb99f73e0\products\default\build\default\intermediates\res\default\resources\rawfile cache by regenerate.
[2025-10-21T22:09:37.694] [DEBUG] debug-file - Update task default:default@BuildJS input file:G:\HarmonyOsProjects\news_app-3a12a9aaec8f982bbbef9569988265dcb99f73e0\products\default\build\default\intermediates\res\default\ResourceTable.txt cache by regenerate.
[2025-10-21T22:09:37.694] [DEBUG] debug-file - Update task default:default@BuildJS input file:G:\HarmonyOsProjects\news_app-3a12a9aaec8f982bbbef9569988265dcb99f73e0\products\default\build\default\intermediates\res\default\ark_module.json cache by regenerate.
[2025-10-21T22:09:37.694] [DEBUG] debug-file - Update task default:default@BuildJS input file:G:\HarmonyOsProjects\news_app-3a12a9aaec8f982bbbef9569988265dcb99f73e0\products\default\build\default\intermediates\res\default\resources\base\profile cache by regenerate.
[2025-10-21T22:09:37.694] [DEBUG] debug-file - Update task default:default@BuildJS output file:G:\HarmonyOsProjects\news_app-3a12a9aaec8f982bbbef9569988265dcb99f73e0\products\default\build\default\intermediates\loader_out\default\js cache.
[2025-10-21T22:09:37.694] [DEBUG] debug-file - Incremental task default:default@BuildJS post-execution cost:3 ms .
[2025-10-21T22:09:37.694] [DEBUG] debug-file - There is no need to refresh cache, since the incremental task news:default@DoNativeStrip is up-to-date.
[2025-10-21T22:09:37.694] [DEBUG] debug-file - There is no need to refresh cache, since the incremental task video:default@DoNativeStrip is up-to-date.
[2025-10-21T22:09:37.694] [DEBUG] debug-file - There is no need to refresh cache, since the incremental task quickstart:default@DoNativeStrip is up-to-date.
[2025-10-21T22:09:37.695] [DEBUG] debug-file - There is no need to refresh cache, since the incremental task follows:default@DoNativeStrip is up-to-date.
[2025-10-21T22:09:37.695] [DEBUG] debug-file - There is no need to refresh cache, since the incremental task mine:default@ProcessLibs is up-to-date.
[2025-10-21T22:09:37.695] [DEBUG] debug-file - There is no need to refresh cache, since the incremental task mine:default@DoNativeStrip is up-to-date.
[2025-10-21T22:09:37.695] [DEBUG] debug-file - There is no need to refresh cache, since the incremental task default:default@ProcessLibs is up-to-date.
[2025-10-21T22:09:37.695] [DEBUG] debug-file - There is no need to refresh cache, since the incremental task default:default@DoNativeStrip is up-to-date.
[2025-10-21T22:09:37.695] [DEBUG] debug-file - There is no need to refresh cache, since the incremental task default:default@CacheNativeLibs is up-to-date.
[2025-10-21T22:09:37.695] [DEBUG] debug-file - There is no need to refresh cache, since the incremental task default:default@GeneratePkgModuleJson is up-to-date.
[2025-10-21T22:09:37.695] [DEBUG] debug-file - Update task default:default@PackageHap input file:G:\HarmonyOsProjects\news_app-3a12a9aaec8f982bbbef9569988265dcb99f73e0\products\default\build\default\intermediates\stripped_native_libs\default cache by regenerate.
[2025-10-21T22:09:37.695] [DEBUG] debug-file - Update task default:default@PackageHap input file:G:\HarmonyOsProjects\news_app-3a12a9aaec8f982bbbef9569988265dcb99f73e0\products\default\build\default\intermediates\res\default\module.json cache by regenerate.
[2025-10-21T22:09:37.695] [DEBUG] debug-file - Update task default:default@PackageHap input file:G:\HarmonyOsProjects\news_app-3a12a9aaec8f982bbbef9569988265dcb99f73e0\products\default\build\default\intermediates\res\default\resources cache by regenerate.
[2025-10-21T22:09:37.699] [DEBUG] debug-file - Update task default:default@PackageHap input file:G:\HarmonyOsProjects\news_app-3a12a9aaec8f982bbbef9569988265dcb99f73e0\products\default\build\default\intermediates\res\default\resources.index cache by regenerate.
[2025-10-21T22:09:37.699] [DEBUG] debug-file - Update task default:default@PackageHap input file:G:\HarmonyOsProjects\news_app-3a12a9aaec8f982bbbef9569988265dcb99f73e0\products\default\build\default\outputs\default\pack.info cache by regenerate.
[2025-10-21T22:09:37.700] [DEBUG] debug-file - Update task default:default@PackageHap input file:G:\HarmonyOsProjects\news_app-3a12a9aaec8f982bbbef9569988265dcb99f73e0\products\default\build\default\intermediates\loader_out\default\ets cache from map.
[2025-10-21T22:09:37.700] [DEBUG] debug-file - Update task default:default@PackageHap input file:G:\HarmonyOsProjects\news_app-3a12a9aaec8f982bbbef9569988265dcb99f73e0\products\default\build\default\intermediates\loader_out\default\ets\sourceMaps.map cache by regenerate.
[2025-10-21T22:09:37.700] [DEBUG] debug-file - Update task default:default@PackageHap input file:G:\HarmonyOsProjects\news_app-3a12a9aaec8f982bbbef9569988265dcb99f73e0\products\default\build\default\generated\profile\default\BuildProfile.ets cache by regenerate.
[2025-10-21T22:09:37.700] [DEBUG] debug-file - Update task default:default@PackageHap output file:G:\HarmonyOsProjects\news_app-3a12a9aaec8f982bbbef9569988265dcb99f73e0\products\default\build\default\outputs\default\default-default-unsigned.hap cache.
[2025-10-21T22:09:37.700] [DEBUG] debug-file - Update task default:default@PackageHap output file:G:\HarmonyOsProjects\news_app-3a12a9aaec8f982bbbef9569988265dcb99f73e0\products\default\build\default\intermediates\source_map\default\sourceMaps.map cache.
[2025-10-21T22:09:37.701] [DEBUG] debug-file - Update task default:default@PackageHap output file:G:\HarmonyOsProjects\news_app-3a12a9aaec8f982bbbef9569988265dcb99f73e0\products\default\build\default\outputs\default\mapping\sourceMaps.map cache.
[2025-10-21T22:09:37.701] [DEBUG] debug-file - Incremental task default:default@PackageHap post-execution cost:7 ms .
[2025-10-21T22:09:37.701] [DEBUG] debug-file - Update task default:default@SignHap input file:G:\HarmonyOsProjects\news_app-3a12a9aaec8f982bbbef9569988265dcb99f73e0\products\default\build\default\outputs\default\default-default-unsigned.hap cache from map.
[2025-10-21T22:09:37.701] [DEBUG] debug-file - Update task default:default@SignHap output file:G:\HarmonyOsProjects\news_app-3a12a9aaec8f982bbbef9569988265dcb99f73e0\products\default\build\default\outputs\default\default-default-signed.hap cache.
[2025-10-21T22:09:37.701] [DEBUG] debug-file - Incremental task default:default@SignHap post-execution cost:1 ms .
[2025-10-21T22:09:37.702] [DEBUG] debug-file - Update task default:default@CollectDebugSymbol input file:G:\HarmonyOsProjects\news_app-3a12a9aaec8f982bbbef9569988265dcb99f73e0\products\default\build\default\intermediates\loader_out\default\ets\sourceMaps.map cache by regenerate.
[2025-10-21T22:09:37.702] [DEBUG] debug-file - Update task default:default@CollectDebugSymbol input file:G:\HarmonyOsProjects\news_app-3a12a9aaec8f982bbbef9569988265dcb99f73e0\products\default\build\default\intermediates\libs\default cache by regenerate.
[2025-10-21T22:09:37.702] [DEBUG] debug-file - Update task default:default@CollectDebugSymbol output file:G:\HarmonyOsProjects\news_app-3a12a9aaec8f982bbbef9569988265dcb99f73e0\products\default\build\default\outputs\default\symbol cache.
[2025-10-21T22:09:37.703] [DEBUG] debug-file - Incremental task default:default@CollectDebugSymbol post-execution cost:2 ms .
[2025-10-21T22:09:37.747] [DEBUG] debug-file - Cleanup worker 14.
[2025-10-21T22:09:37.747] [DEBUG] debug-file - Worker 14 has been cleaned up.
[2025-10-21T22:09:37.747] [DEBUG] debug-file - Current idle worker size: 1.
[2025-10-21T22:09:37.747] [DEBUG] debug-file - Current resident worker size: 2.
[2025-10-21T22:09:37.748] [DEBUG] debug-file - hvigor build process will be closed.
[2025-10-21T22:09:37.749] [DEBUG] debug-file - java daemon socket close code:1000 reason:close by user
[2025-10-21T22:09:37.752] [DEBUG] debug-file - session manager: send message to worker process.
[2025-10-21T22:09:37.752] [DEBUG] debug-file - session manager: send message to worker process.
[2025-10-21T22:09:37.752] [DEBUG] debug-file - watch worker: worker id should be larger than 0. Nothing will be sent to any worker thread.
[2025-10-21T22:09:37.752] [DEBUG] debug-file - watch worker: worker id should be larger than 0. Nothing will be sent to any worker thread.
[2025-10-21T22:09:37.753] [DEBUG] debug-file - worker[14] exits with exit code 1.
[2025-10-21T22:10:11.642] [DEBUG] debug-file - session manager: set active socket. socketId=QWjtXlomwFJz7heDAAAV
[2025-10-21T22:10:11.660] [DEBUG] debug-file - watch worker: worker id should be larger than 0. Nothing will be sent to any worker thread.
[2025-10-21T22:10:11.684] [DEBUG] debug-file - Hvigor init with startParameters:{
  hvigorfileTypeCheck: false,
  parallelExecution: true,
  incrementalExecution: true,
  printStackTrace: false,
  daemon: true,
  analyze: 0,
  logLevel: Level { level: 20000, levelStr: 'INFO', colour: 'green' }
}
[2025-10-21T22:10:11.701] [DEBUG] debug-file - Cache service initialization finished in 17 ms 
[2025-10-21T22:10:11.709] [DEBUG] debug-file - hvigorfile, resolving G:\HarmonyOsProjects\news_app-3a12a9aaec8f982bbbef9569988265dcb99f73e0\hvigorfile.ts
[2025-10-21T22:10:11.713] [DEBUG] debug-file - hvigorfile, require result:  { default: { plugins: [] } }
[2025-10-21T22:10:11.713] [DEBUG] debug-file - hvigorfile, binding system plugins null
[2025-10-21T22:10:11.720] [DEBUG] debug-file - Start initialize project's product build option map with build mode debug.
[2025-10-21T22:10:11.720] [DEBUG] debug-file - Picking option from product 'default' with build mode 'debug'.
[2025-10-21T22:10:11.720] [DEBUG] debug-file - Product 'default' build option: {}
[2025-10-21T22:10:11.720] [DEBUG] debug-file - End initialize project's product build option map with build mode 'debug'.
[2025-10-21T22:10:11.721] [DEBUG] debug-file - Product 'default' using build option: {
  "debuggable": true
} in this build.
[2025-10-21T22:10:11.721] [DEBUG] debug-file - not found resModel json file in : G:\HarmonyOsProjects\news_app-3a12a9aaec8f982bbbef9569988265dcb99f73e0\products\default\src\ohosTest\module.json5
[2025-10-21T22:10:11.722] [DEBUG] debug-file - not found resModel json file in : G:\HarmonyOsProjects\news_app-3a12a9aaec8f982bbbef9569988265dcb99f73e0\features\news\src\ohosTest\module.json5
[2025-10-21T22:10:11.723] [DEBUG] debug-file - not found resModel json file in : G:\HarmonyOsProjects\news_app-3a12a9aaec8f982bbbef9569988265dcb99f73e0\features\video\src\ohosTest\module.json5
[2025-10-21T22:10:11.725] [DEBUG] debug-file - not found resModel json file in : G:\HarmonyOsProjects\news_app-3a12a9aaec8f982bbbef9569988265dcb99f73e0\features\quickstart\src\ohosTest\module.json5
[2025-10-21T22:10:11.731] [DEBUG] debug-file - No signingConfig found, initRemoteHspCache failed.
[2025-10-21T22:10:11.735] [DEBUG] debug-file - Start recording SDK configuration permission data.
[2025-10-21T22:10:11.752] [DEBUG] debug-file - Sdk init in 21 ms 
[2025-10-21T22:10:11.764] [DEBUG] debug-file - Project task initialization takes 11 ms 
[2025-10-21T22:10:11.764] [DEBUG] debug-file - hvigorfile, binding custom plugins []
[2025-10-21T22:10:11.764] [DEBUG] debug-file - hvigorfile, no custom plugins were found in G:\HarmonyOsProjects\news_app-3a12a9aaec8f982bbbef9569988265dcb99f73e0\hvigorfile.ts
[2025-10-21T22:10:11.764] [DEBUG] debug-file - hvigorfile, resolve finished G:\HarmonyOsProjects\news_app-3a12a9aaec8f982bbbef9569988265dcb99f73e0\hvigorfile.ts
[2025-10-21T22:10:11.767] [DEBUG] debug-file - hvigorfile, resolving G:\HarmonyOsProjects\news_app-3a12a9aaec8f982bbbef9569988265dcb99f73e0\products\default\hvigorfile.ts
[2025-10-21T22:10:11.769] [DEBUG] debug-file - hvigorfile, require result:  { default: { plugins: [] } }
[2025-10-21T22:10:11.769] [DEBUG] debug-file - hvigorfile, binding system plugins null
[2025-10-21T22:10:11.773] [DEBUG] debug-file - Start initialize module-target build option map, moduleName=default, buildMode=debug
[2025-10-21T22:10:11.773] [DEBUG] debug-file - Target 'default' config: {}
[2025-10-21T22:10:11.773] [DEBUG] debug-file - Target 'ohosTest' config: {}
[2025-10-21T22:10:11.773] [DEBUG] debug-file - Module 'default' target 'default' build option: {
  "debuggable": true,
  "copyFrom": "default",
  "name": "debug"
}
[2025-10-21T22:10:11.773] [DEBUG] debug-file - Module 'default' target 'ohosTest' build option: {
  "debuggable": true,
  "name": "default"
}
[2025-10-21T22:10:11.773] [DEBUG] debug-file - End initialize module-target build option map, moduleName=default
[2025-10-21T22:10:11.773] [DEBUG] debug-file - Start initialize module-target build option map, moduleName=default, buildMode=release
[2025-10-21T22:10:11.773] [DEBUG] debug-file - Target 'default' config: {}
[2025-10-21T22:10:11.773] [DEBUG] debug-file - Target 'ohosTest' config: {}
[2025-10-21T22:10:11.773] [DEBUG] debug-file - Module 'default' target 'default' build option: {
  "debuggable": false,
  "copyFrom": "default",
  "name": "release",
  "arkOptions": {
    "obfuscation": {
      "ruleOptions": {
        "enable": true,
        "files": [
          "./obfuscation-rules.txt"
        ]
      }
    }
  }
}
[2025-10-21T22:10:11.773] [DEBUG] debug-file - Module 'default' target 'ohosTest' build option: {
  "debuggable": true,
  "name": "default"
}
[2025-10-21T22:10:11.773] [DEBUG] debug-file - End initialize module-target build option map, moduleName=default
[2025-10-21T22:10:11.773] [DEBUG] debug-file - Start initialize module-target build option map, moduleName=default, buildMode=debug
[2025-10-21T22:10:11.773] [DEBUG] debug-file - Target 'default' config: {}
[2025-10-21T22:10:11.773] [DEBUG] debug-file - Target 'ohosTest' config: {}
[2025-10-21T22:10:11.773] [DEBUG] debug-file - Module 'default' target 'default' build option: {
  "debuggable": true,
  "copyFrom": "default",
  "name": "debug"
}
[2025-10-21T22:10:11.773] [DEBUG] debug-file - Module 'default' target 'ohosTest' build option: {
  "debuggable": true,
  "name": "default"
}
[2025-10-21T22:10:11.773] [DEBUG] debug-file - End initialize module-target build option map, moduleName=default
[2025-10-21T22:10:11.773] [DEBUG] debug-file - Module 'default' target 'default' using build option: {
  "debuggable": true,
  "copyFrom": "default",
  "name": "debug"
} in this build.
[2025-10-21T22:10:11.775] [DEBUG] debug-file - Module default task initialization takes 1 ms 
[2025-10-21T22:10:11.775] [DEBUG] debug-file - hvigorfile, binding custom plugins []
[2025-10-21T22:10:11.775] [DEBUG] debug-file - hvigorfile, no custom plugins were found in G:\HarmonyOsProjects\news_app-3a12a9aaec8f982bbbef9569988265dcb99f73e0\products\default\hvigorfile.ts
[2025-10-21T22:10:11.775] [DEBUG] debug-file - hvigorfile, resolve finished G:\HarmonyOsProjects\news_app-3a12a9aaec8f982bbbef9569988265dcb99f73e0\products\default\hvigorfile.ts
[2025-10-21T22:10:11.779] [DEBUG] debug-file - hvigorfile, resolving G:\HarmonyOsProjects\news_app-3a12a9aaec8f982bbbef9569988265dcb99f73e0\features\news\hvigorfile.ts
[2025-10-21T22:10:11.781] [DEBUG] debug-file - hvigorfile, require result:  { default: { plugins: [] } }
[2025-10-21T22:10:11.781] [DEBUG] debug-file - hvigorfile, binding system plugins null
[2025-10-21T22:10:11.784] [DEBUG] debug-file - Start initialize module-target build option map, moduleName=news, buildMode=debug
[2025-10-21T22:10:11.784] [DEBUG] debug-file - Target 'default' config: {}
[2025-10-21T22:10:11.784] [DEBUG] debug-file - Target 'ohosTest' config: {}
[2025-10-21T22:10:11.784] [DEBUG] debug-file - Module 'news' target 'default' build option: {
  "debuggable": true,
  "copyFrom": "default",
  "name": "debug"
}
[2025-10-21T22:10:11.784] [DEBUG] debug-file - Module 'news' target 'ohosTest' build option: {
  "debuggable": true,
  "name": "default"
}
[2025-10-21T22:10:11.784] [DEBUG] debug-file - End initialize module-target build option map, moduleName=news
[2025-10-21T22:10:11.784] [DEBUG] debug-file - Start initialize module-target build option map, moduleName=news, buildMode=release
[2025-10-21T22:10:11.784] [DEBUG] debug-file - Target 'default' config: {}
[2025-10-21T22:10:11.785] [DEBUG] debug-file - Target 'ohosTest' config: {}
[2025-10-21T22:10:11.785] [DEBUG] debug-file - Module 'news' target 'default' build option: {
  "debuggable": false,
  "copyFrom": "default",
  "name": "release",
  "arkOptions": {
    "obfuscation": {
      "ruleOptions": {
        "enable": true,
        "files": [
          "./obfuscation-rules.txt"
        ]
      },
      "consumerFiles": [
        "./consumer-rules.txt"
      ]
    }
  }
}
[2025-10-21T22:10:11.785] [DEBUG] debug-file - Module 'news' target 'ohosTest' build option: {
  "debuggable": true,
  "name": "default"
}
[2025-10-21T22:10:11.785] [DEBUG] debug-file - End initialize module-target build option map, moduleName=news
[2025-10-21T22:10:11.785] [DEBUG] debug-file - Start initialize module-target build option map, moduleName=news, buildMode=debug
[2025-10-21T22:10:11.785] [DEBUG] debug-file - Target 'default' config: {}
[2025-10-21T22:10:11.785] [DEBUG] debug-file - Target 'ohosTest' config: {}
[2025-10-21T22:10:11.785] [DEBUG] debug-file - Module 'news' target 'default' build option: {
  "debuggable": true,
  "copyFrom": "default",
  "name": "debug"
}
[2025-10-21T22:10:11.785] [DEBUG] debug-file - Module 'news' target 'ohosTest' build option: {
  "debuggable": true,
  "name": "default"
}
[2025-10-21T22:10:11.785] [DEBUG] debug-file - End initialize module-target build option map, moduleName=news
[2025-10-21T22:10:11.785] [DEBUG] debug-file - Module 'news' target 'default' using build option: {
  "debuggable": true,
  "copyFrom": "default",
  "name": "debug"
} in this build.
[2025-10-21T22:10:11.786] [DEBUG] debug-file - Module news task initialization takes 1 ms 
[2025-10-21T22:10:11.786] [DEBUG] debug-file - hvigorfile, binding custom plugins []
[2025-10-21T22:10:11.786] [DEBUG] debug-file - hvigorfile, no custom plugins were found in G:\HarmonyOsProjects\news_app-3a12a9aaec8f982bbbef9569988265dcb99f73e0\features\news\hvigorfile.ts
[2025-10-21T22:10:11.786] [DEBUG] debug-file - hvigorfile, resolve finished G:\HarmonyOsProjects\news_app-3a12a9aaec8f982bbbef9569988265dcb99f73e0\features\news\hvigorfile.ts
[2025-10-21T22:10:11.790] [DEBUG] debug-file - hvigorfile, resolving G:\HarmonyOsProjects\news_app-3a12a9aaec8f982bbbef9569988265dcb99f73e0\features\video\hvigorfile.ts
[2025-10-21T22:10:11.792] [DEBUG] debug-file - hvigorfile, require result:  { default: { plugins: [] } }
[2025-10-21T22:10:11.792] [DEBUG] debug-file - hvigorfile, binding system plugins null
[2025-10-21T22:10:11.795] [DEBUG] debug-file - Start initialize module-target build option map, moduleName=video, buildMode=debug
[2025-10-21T22:10:11.795] [DEBUG] debug-file - Target 'default' config: {}
[2025-10-21T22:10:11.795] [DEBUG] debug-file - Target 'ohosTest' config: {}
[2025-10-21T22:10:11.795] [DEBUG] debug-file - Module 'video' target 'default' build option: {
  "debuggable": true,
  "copyFrom": "default",
  "name": "debug"
}
[2025-10-21T22:10:11.795] [DEBUG] debug-file - Module 'video' target 'ohosTest' build option: {
  "debuggable": true,
  "name": "default"
}
[2025-10-21T22:10:11.795] [DEBUG] debug-file - End initialize module-target build option map, moduleName=video
[2025-10-21T22:10:11.795] [DEBUG] debug-file - Start initialize module-target build option map, moduleName=video, buildMode=release
[2025-10-21T22:10:11.795] [DEBUG] debug-file - Target 'default' config: {}
[2025-10-21T22:10:11.795] [DEBUG] debug-file - Target 'ohosTest' config: {}
[2025-10-21T22:10:11.795] [DEBUG] debug-file - Module 'video' target 'default' build option: {
  "debuggable": false,
  "copyFrom": "default",
  "name": "release",
  "arkOptions": {
    "obfuscation": {
      "ruleOptions": {
        "enable": true,
        "files": [
          "./obfuscation-rules.txt"
        ]
      },
      "consumerFiles": [
        "./consumer-rules.txt"
      ]
    }
  }
}
[2025-10-21T22:10:11.795] [DEBUG] debug-file - Module 'video' target 'ohosTest' build option: {
  "debuggable": true,
  "name": "default"
}
[2025-10-21T22:10:11.795] [DEBUG] debug-file - End initialize module-target build option map, moduleName=video
[2025-10-21T22:10:11.795] [DEBUG] debug-file - Start initialize module-target build option map, moduleName=video, buildMode=debug
[2025-10-21T22:10:11.795] [DEBUG] debug-file - Target 'default' config: {}
[2025-10-21T22:10:11.795] [DEBUG] debug-file - Target 'ohosTest' config: {}
[2025-10-21T22:10:11.795] [DEBUG] debug-file - Module 'video' target 'default' build option: {
  "debuggable": true,
  "copyFrom": "default",
  "name": "debug"
}
[2025-10-21T22:10:11.795] [DEBUG] debug-file - Module 'video' target 'ohosTest' build option: {
  "debuggable": true,
  "name": "default"
}
[2025-10-21T22:10:11.796] [DEBUG] debug-file - End initialize module-target build option map, moduleName=video
[2025-10-21T22:10:11.796] [DEBUG] debug-file - Module 'video' target 'default' using build option: {
  "debuggable": true,
  "copyFrom": "default",
  "name": "debug"
} in this build.
[2025-10-21T22:10:11.798] [DEBUG] debug-file - Module video task initialization takes 1 ms 
[2025-10-21T22:10:11.798] [DEBUG] debug-file - hvigorfile, binding custom plugins []
[2025-10-21T22:10:11.798] [DEBUG] debug-file - hvigorfile, no custom plugins were found in G:\HarmonyOsProjects\news_app-3a12a9aaec8f982bbbef9569988265dcb99f73e0\features\video\hvigorfile.ts
[2025-10-21T22:10:11.798] [DEBUG] debug-file - hvigorfile, resolve finished G:\HarmonyOsProjects\news_app-3a12a9aaec8f982bbbef9569988265dcb99f73e0\features\video\hvigorfile.ts
[2025-10-21T22:10:11.801] [DEBUG] debug-file - hvigorfile, resolving G:\HarmonyOsProjects\news_app-3a12a9aaec8f982bbbef9569988265dcb99f73e0\features\quickstart\hvigorfile.ts
[2025-10-21T22:10:11.803] [DEBUG] debug-file - hvigorfile, require result:  { default: { plugins: [] } }
[2025-10-21T22:10:11.803] [DEBUG] debug-file - hvigorfile, binding system plugins null
[2025-10-21T22:10:11.806] [DEBUG] debug-file - Start initialize module-target build option map, moduleName=quickstart, buildMode=debug
[2025-10-21T22:10:11.806] [DEBUG] debug-file - Target 'default' config: {}
[2025-10-21T22:10:11.806] [DEBUG] debug-file - Target 'ohosTest' config: {}
[2025-10-21T22:10:11.806] [DEBUG] debug-file - Module 'quickstart' target 'default' build option: {
  "debuggable": true,
  "copyFrom": "default",
  "name": "debug"
}
[2025-10-21T22:10:11.806] [DEBUG] debug-file - Module 'quickstart' target 'ohosTest' build option: {
  "debuggable": true,
  "name": "default"
}
[2025-10-21T22:10:11.806] [DEBUG] debug-file - End initialize module-target build option map, moduleName=quickstart
[2025-10-21T22:10:11.806] [DEBUG] debug-file - Start initialize module-target build option map, moduleName=quickstart, buildMode=release
[2025-10-21T22:10:11.806] [DEBUG] debug-file - Target 'default' config: {}
[2025-10-21T22:10:11.806] [DEBUG] debug-file - Target 'ohosTest' config: {}
[2025-10-21T22:10:11.806] [DEBUG] debug-file - Module 'quickstart' target 'default' build option: {
  "debuggable": false,
  "copyFrom": "default",
  "name": "release",
  "arkOptions": {
    "obfuscation": {
      "ruleOptions": {
        "enable": true,
        "files": [
          "./obfuscation-rules.txt"
        ]
      },
      "consumerFiles": [
        "./consumer-rules.txt"
      ]
    }
  }
}
[2025-10-21T22:10:11.806] [DEBUG] debug-file - Module 'quickstart' target 'ohosTest' build option: {
  "debuggable": true,
  "name": "default"
}
[2025-10-21T22:10:11.806] [DEBUG] debug-file - End initialize module-target build option map, moduleName=quickstart
[2025-10-21T22:10:11.806] [DEBUG] debug-file - Start initialize module-target build option map, moduleName=quickstart, buildMode=debug
[2025-10-21T22:10:11.806] [DEBUG] debug-file - Target 'default' config: {}
[2025-10-21T22:10:11.806] [DEBUG] debug-file - Target 'ohosTest' config: {}
[2025-10-21T22:10:11.806] [DEBUG] debug-file - Module 'quickstart' target 'default' build option: {
  "debuggable": true,
  "copyFrom": "default",
  "name": "debug"
}
[2025-10-21T22:10:11.806] [DEBUG] debug-file - Module 'quickstart' target 'ohosTest' build option: {
  "debuggable": true,
  "name": "default"
}
[2025-10-21T22:10:11.806] [DEBUG] debug-file - End initialize module-target build option map, moduleName=quickstart
[2025-10-21T22:10:11.807] [DEBUG] debug-file - Module 'quickstart' target 'default' using build option: {
  "debuggable": true,
  "copyFrom": "default",
  "name": "debug"
} in this build.
[2025-10-21T22:10:11.808] [DEBUG] debug-file - Module quickstart task initialization takes 1 ms 
[2025-10-21T22:10:11.808] [DEBUG] debug-file - hvigorfile, binding custom plugins []
[2025-10-21T22:10:11.808] [DEBUG] debug-file - hvigorfile, no custom plugins were found in G:\HarmonyOsProjects\news_app-3a12a9aaec8f982bbbef9569988265dcb99f73e0\features\quickstart\hvigorfile.ts
[2025-10-21T22:10:11.808] [DEBUG] debug-file - hvigorfile, resolve finished G:\HarmonyOsProjects\news_app-3a12a9aaec8f982bbbef9569988265dcb99f73e0\features\quickstart\hvigorfile.ts
[2025-10-21T22:10:11.811] [DEBUG] debug-file - hvigorfile, resolving G:\HarmonyOsProjects\news_app-3a12a9aaec8f982bbbef9569988265dcb99f73e0\commons\utils\hvigorfile.ts
[2025-10-21T22:10:11.813] [DEBUG] debug-file - hvigorfile, require result:  { default: { plugins: [] } }
[2025-10-21T22:10:11.813] [DEBUG] debug-file - hvigorfile, binding system plugins null
[2025-10-21T22:10:11.816] [DEBUG] debug-file - Start initialize module-target build option map, moduleName=utils, buildMode=debug
[2025-10-21T22:10:11.817] [DEBUG] debug-file - Target 'default' config: {}
[2025-10-21T22:10:11.817] [DEBUG] debug-file - Target 'ohosTest' config: {}
[2025-10-21T22:10:11.817] [DEBUG] debug-file - Module 'utils' target 'default' build option: {
  "debuggable": true,
  "copyFrom": "default",
  "name": "debug"
}
[2025-10-21T22:10:11.817] [DEBUG] debug-file - Module 'utils' target 'ohosTest' build option: {
  "debuggable": true,
  "name": "default"
}
[2025-10-21T22:10:11.817] [DEBUG] debug-file - End initialize module-target build option map, moduleName=utils
[2025-10-21T22:10:11.817] [DEBUG] debug-file - Start initialize module-target build option map, moduleName=utils, buildMode=release
[2025-10-21T22:10:11.817] [DEBUG] debug-file - Target 'default' config: {}
[2025-10-21T22:10:11.817] [DEBUG] debug-file - Target 'ohosTest' config: {}
[2025-10-21T22:10:11.817] [DEBUG] debug-file - Module 'utils' target 'default' build option: {
  "debuggable": false,
  "copyFrom": "default",
  "name": "release",
  "arkOptions": {
    "obfuscation": {
      "ruleOptions": {
        "enable": false,
        "files": [
          "./obfuscation-rules.txt"
        ]
      },
      "consumerFiles": [
        "./consumer-rules.txt"
      ]
    }
  }
}
[2025-10-21T22:10:11.817] [DEBUG] debug-file - Module 'utils' target 'ohosTest' build option: {
  "debuggable": true,
  "name": "default"
}
[2025-10-21T22:10:11.817] [DEBUG] debug-file - End initialize module-target build option map, moduleName=utils
[2025-10-21T22:10:11.817] [DEBUG] debug-file - Start initialize module-target build option map, moduleName=utils, buildMode=debug
[2025-10-21T22:10:11.817] [DEBUG] debug-file - Target 'default' config: {}
[2025-10-21T22:10:11.817] [DEBUG] debug-file - Target 'ohosTest' config: {}
[2025-10-21T22:10:11.817] [DEBUG] debug-file - Module 'utils' target 'default' build option: {
  "debuggable": true,
  "copyFrom": "default",
  "name": "debug"
}
[2025-10-21T22:10:11.817] [DEBUG] debug-file - Module 'utils' target 'ohosTest' build option: {
  "debuggable": true,
  "name": "default"
}
[2025-10-21T22:10:11.817] [DEBUG] debug-file - End initialize module-target build option map, moduleName=utils
[2025-10-21T22:10:11.817] [DEBUG] debug-file - Module 'utils' target 'default' using build option: {
  "debuggable": true,
  "copyFrom": "default",
  "name": "debug"
} in this build.
[2025-10-21T22:10:11.819] [DEBUG] debug-file - Module utils task initialization takes 1 ms 
[2025-10-21T22:10:11.819] [DEBUG] debug-file - hvigorfile, binding custom plugins []
[2025-10-21T22:10:11.819] [DEBUG] debug-file - hvigorfile, no custom plugins were found in G:\HarmonyOsProjects\news_app-3a12a9aaec8f982bbbef9569988265dcb99f73e0\commons\utils\hvigorfile.ts
[2025-10-21T22:10:11.819] [DEBUG] debug-file - hvigorfile, resolve finished G:\HarmonyOsProjects\news_app-3a12a9aaec8f982bbbef9569988265dcb99f73e0\commons\utils\hvigorfile.ts
[2025-10-21T22:10:11.824] [DEBUG] debug-file - hvigorfile, resolving G:\HarmonyOsProjects\news_app-3a12a9aaec8f982bbbef9569988265dcb99f73e0\commons\uicomponents\hvigorfile.ts
[2025-10-21T22:10:11.826] [DEBUG] debug-file - hvigorfile, require result:  { default: { plugins: [] } }
[2025-10-21T22:10:11.826] [DEBUG] debug-file - hvigorfile, binding system plugins null
[2025-10-21T22:10:11.829] [DEBUG] debug-file - Start initialize module-target build option map, moduleName=uicomponents, buildMode=debug
[2025-10-21T22:10:11.829] [DEBUG] debug-file - Target 'default' config: {}
[2025-10-21T22:10:11.829] [DEBUG] debug-file - Target 'ohosTest' config: {}
[2025-10-21T22:10:11.829] [DEBUG] debug-file - Module 'uicomponents' target 'default' build option: {
  "debuggable": true,
  "copyFrom": "default",
  "name": "debug"
}
[2025-10-21T22:10:11.829] [DEBUG] debug-file - Module 'uicomponents' target 'ohosTest' build option: {
  "debuggable": true,
  "name": "default"
}
[2025-10-21T22:10:11.829] [DEBUG] debug-file - End initialize module-target build option map, moduleName=uicomponents
[2025-10-21T22:10:11.829] [DEBUG] debug-file - Start initialize module-target build option map, moduleName=uicomponents, buildMode=release
[2025-10-21T22:10:11.829] [DEBUG] debug-file - Target 'default' config: {}
[2025-10-21T22:10:11.829] [DEBUG] debug-file - Target 'ohosTest' config: {}
[2025-10-21T22:10:11.829] [DEBUG] debug-file - Module 'uicomponents' target 'default' build option: {
  "debuggable": false,
  "copyFrom": "default",
  "name": "release",
  "arkOptions": {
    "obfuscation": {
      "ruleOptions": {
        "enable": false,
        "files": [
          "./obfuscation-rules.txt"
        ]
      },
      "consumerFiles": [
        "./consumer-rules.txt"
      ]
    }
  }
}
[2025-10-21T22:10:11.829] [DEBUG] debug-file - Module 'uicomponents' target 'ohosTest' build option: {
  "debuggable": true,
  "name": "default"
}
[2025-10-21T22:10:11.829] [DEBUG] debug-file - End initialize module-target build option map, moduleName=uicomponents
[2025-10-21T22:10:11.829] [DEBUG] debug-file - Start initialize module-target build option map, moduleName=uicomponents, buildMode=debug
[2025-10-21T22:10:11.830] [DEBUG] debug-file - Target 'default' config: {}
[2025-10-21T22:10:11.830] [DEBUG] debug-file - Target 'ohosTest' config: {}
[2025-10-21T22:10:11.830] [DEBUG] debug-file - Module 'uicomponents' target 'default' build option: {
  "debuggable": true,
  "copyFrom": "default",
  "name": "debug"
}
[2025-10-21T22:10:11.830] [DEBUG] debug-file - Module 'uicomponents' target 'ohosTest' build option: {
  "debuggable": true,
  "name": "default"
}
[2025-10-21T22:10:11.830] [DEBUG] debug-file - End initialize module-target build option map, moduleName=uicomponents
[2025-10-21T22:10:11.830] [DEBUG] debug-file - Module 'uicomponents' target 'default' using build option: {
  "debuggable": true,
  "copyFrom": "default",
  "name": "debug"
} in this build.
[2025-10-21T22:10:11.832] [DEBUG] debug-file - Module uicomponents task initialization takes 1 ms 
[2025-10-21T22:10:11.832] [DEBUG] debug-file - hvigorfile, binding custom plugins []
[2025-10-21T22:10:11.832] [DEBUG] debug-file - hvigorfile, no custom plugins were found in G:\HarmonyOsProjects\news_app-3a12a9aaec8f982bbbef9569988265dcb99f73e0\commons\uicomponents\hvigorfile.ts
[2025-10-21T22:10:11.832] [DEBUG] debug-file - hvigorfile, resolve finished G:\HarmonyOsProjects\news_app-3a12a9aaec8f982bbbef9569988265dcb99f73e0\commons\uicomponents\hvigorfile.ts
[2025-10-21T22:10:11.835] [DEBUG] debug-file - hvigorfile, resolving G:\HarmonyOsProjects\news_app-3a12a9aaec8f982bbbef9569988265dcb99f73e0\features\mine\hvigorfile.ts
[2025-10-21T22:10:11.837] [DEBUG] debug-file - hvigorfile, require result:  { default: { plugins: [] } }
[2025-10-21T22:10:11.837] [DEBUG] debug-file - hvigorfile, binding system plugins null
[2025-10-21T22:10:11.840] [DEBUG] debug-file - Start initialize module-target build option map, moduleName=mine, buildMode=debug
[2025-10-21T22:10:11.840] [DEBUG] debug-file - Target 'default' config: {}
[2025-10-21T22:10:11.840] [DEBUG] debug-file - Target 'ohosTest' config: {}
[2025-10-21T22:10:11.840] [DEBUG] debug-file - Module 'mine' target 'default' build option: {
  "debuggable": true,
  "copyFrom": "default",
  "name": "debug"
}
[2025-10-21T22:10:11.840] [DEBUG] debug-file - Module 'mine' target 'ohosTest' build option: {
  "debuggable": true,
  "name": "default"
}
[2025-10-21T22:10:11.840] [DEBUG] debug-file - End initialize module-target build option map, moduleName=mine
[2025-10-21T22:10:11.840] [DEBUG] debug-file - Start initialize module-target build option map, moduleName=mine, buildMode=release
[2025-10-21T22:10:11.840] [DEBUG] debug-file - Target 'default' config: {}
[2025-10-21T22:10:11.840] [DEBUG] debug-file - Target 'ohosTest' config: {}
[2025-10-21T22:10:11.840] [DEBUG] debug-file - Module 'mine' target 'default' build option: {
  "debuggable": false,
  "copyFrom": "default",
  "name": "release",
  "arkOptions": {
    "obfuscation": {
      "ruleOptions": {
        "enable": false,
        "files": [
          "./obfuscation-rules.txt"
        ]
      },
      "consumerFiles": [
        "./consumer-rules.txt"
      ]
    }
  }
}
[2025-10-21T22:10:11.840] [DEBUG] debug-file - Module 'mine' target 'ohosTest' build option: {
  "debuggable": true,
  "name": "default"
}
[2025-10-21T22:10:11.841] [DEBUG] debug-file - End initialize module-target build option map, moduleName=mine
[2025-10-21T22:10:11.841] [DEBUG] debug-file - Start initialize module-target build option map, moduleName=mine, buildMode=debug
[2025-10-21T22:10:11.841] [DEBUG] debug-file - Target 'default' config: {}
[2025-10-21T22:10:11.841] [DEBUG] debug-file - Target 'ohosTest' config: {}
[2025-10-21T22:10:11.841] [DEBUG] debug-file - Module 'mine' target 'default' build option: {
  "debuggable": true,
  "copyFrom": "default",
  "name": "debug"
}
[2025-10-21T22:10:11.841] [DEBUG] debug-file - Module 'mine' target 'ohosTest' build option: {
  "debuggable": true,
  "name": "default"
}
[2025-10-21T22:10:11.841] [DEBUG] debug-file - End initialize module-target build option map, moduleName=mine
[2025-10-21T22:10:11.841] [DEBUG] debug-file - Module 'mine' target 'default' using build option: {
  "debuggable": true,
  "copyFrom": "default",
  "name": "debug"
} in this build.
[2025-10-21T22:10:11.842] [DEBUG] debug-file - Module mine task initialization takes 1 ms 
[2025-10-21T22:10:11.842] [DEBUG] debug-file - hvigorfile, binding custom plugins []
[2025-10-21T22:10:11.842] [DEBUG] debug-file - hvigorfile, no custom plugins were found in G:\HarmonyOsProjects\news_app-3a12a9aaec8f982bbbef9569988265dcb99f73e0\features\mine\hvigorfile.ts
[2025-10-21T22:10:11.842] [DEBUG] debug-file - hvigorfile, resolve finished G:\HarmonyOsProjects\news_app-3a12a9aaec8f982bbbef9569988265dcb99f73e0\features\mine\hvigorfile.ts
[2025-10-21T22:10:11.845] [DEBUG] debug-file - hvigorfile, resolving G:\HarmonyOsProjects\news_app-3a12a9aaec8f982bbbef9569988265dcb99f73e0\features\login\hvigorfile.ts
[2025-10-21T22:10:11.848] [DEBUG] debug-file - hvigorfile, require result:  { default: { plugins: [] } }
[2025-10-21T22:10:11.848] [DEBUG] debug-file - hvigorfile, binding system plugins null
[2025-10-21T22:10:11.851] [DEBUG] debug-file - Start initialize module-target build option map, moduleName=login, buildMode=debug
[2025-10-21T22:10:11.851] [DEBUG] debug-file - Target 'default' config: {}
[2025-10-21T22:10:11.851] [DEBUG] debug-file - Target 'ohosTest' config: {}
[2025-10-21T22:10:11.851] [DEBUG] debug-file - Module 'login' target 'default' build option: {
  "debuggable": true,
  "copyFrom": "default",
  "name": "debug"
}
[2025-10-21T22:10:11.851] [DEBUG] debug-file - Module 'login' target 'ohosTest' build option: {
  "debuggable": true,
  "name": "default"
}
[2025-10-21T22:10:11.851] [DEBUG] debug-file - End initialize module-target build option map, moduleName=login
[2025-10-21T22:10:11.851] [DEBUG] debug-file - Start initialize module-target build option map, moduleName=login, buildMode=release
[2025-10-21T22:10:11.851] [DEBUG] debug-file - Target 'default' config: {}
[2025-10-21T22:10:11.851] [DEBUG] debug-file - Target 'ohosTest' config: {}
[2025-10-21T22:10:11.851] [DEBUG] debug-file - Module 'login' target 'default' build option: {
  "debuggable": false,
  "copyFrom": "default",
  "name": "release",
  "arkOptions": {
    "obfuscation": {
      "ruleOptions": {
        "enable": false,
        "files": [
          "./obfuscation-rules.txt"
        ]
      },
      "consumerFiles": [
        "./consumer-rules.txt"
      ]
    }
  }
}
[2025-10-21T22:10:11.851] [DEBUG] debug-file - Module 'login' target 'ohosTest' build option: {
  "debuggable": true,
  "name": "default"
}
[2025-10-21T22:10:11.851] [DEBUG] debug-file - End initialize module-target build option map, moduleName=login
[2025-10-21T22:10:11.852] [DEBUG] debug-file - Start initialize module-target build option map, moduleName=login, buildMode=debug
[2025-10-21T22:10:11.852] [DEBUG] debug-file - Target 'default' config: {}
[2025-10-21T22:10:11.852] [DEBUG] debug-file - Target 'ohosTest' config: {}
[2025-10-21T22:10:11.852] [DEBUG] debug-file - Module 'login' target 'default' build option: {
  "debuggable": true,
  "copyFrom": "default",
  "name": "debug"
}
[2025-10-21T22:10:11.852] [DEBUG] debug-file - Module 'login' target 'ohosTest' build option: {
  "debuggable": true,
  "name": "default"
}
[2025-10-21T22:10:11.852] [DEBUG] debug-file - End initialize module-target build option map, moduleName=login
[2025-10-21T22:10:11.852] [DEBUG] debug-file - Module 'login' target 'default' using build option: {
  "debuggable": true,
  "copyFrom": "default",
  "name": "debug"
} in this build.
[2025-10-21T22:10:11.853] [DEBUG] debug-file - Module login task initialization takes 1 ms 
[2025-10-21T22:10:11.853] [DEBUG] debug-file - hvigorfile, binding custom plugins []
[2025-10-21T22:10:11.853] [DEBUG] debug-file - hvigorfile, no custom plugins were found in G:\HarmonyOsProjects\news_app-3a12a9aaec8f982bbbef9569988265dcb99f73e0\features\login\hvigorfile.ts
[2025-10-21T22:10:11.853] [DEBUG] debug-file - hvigorfile, resolve finished G:\HarmonyOsProjects\news_app-3a12a9aaec8f982bbbef9569988265dcb99f73e0\features\login\hvigorfile.ts
[2025-10-21T22:10:11.859] [DEBUG] debug-file - hvigorfile, resolving G:\HarmonyOsProjects\news_app-3a12a9aaec8f982bbbef9569988265dcb99f73e0\features\follows\hvigorfile.ts
[2025-10-21T22:10:11.861] [DEBUG] debug-file - hvigorfile, require result:  { default: { plugins: [] } }
[2025-10-21T22:10:11.861] [DEBUG] debug-file - hvigorfile, binding system plugins null
[2025-10-21T22:10:11.866] [DEBUG] debug-file - Start initialize module-target build option map, moduleName=follows, buildMode=debug
[2025-10-21T22:10:11.866] [DEBUG] debug-file - Target 'default' config: {}
[2025-10-21T22:10:11.866] [DEBUG] debug-file - Target 'ohosTest' config: {}
[2025-10-21T22:10:11.866] [DEBUG] debug-file - Module 'follows' target 'default' build option: {
  "debuggable": true,
  "copyFrom": "default",
  "name": "debug"
}
[2025-10-21T22:10:11.866] [DEBUG] debug-file - Module 'follows' target 'ohosTest' build option: {
  "debuggable": true,
  "name": "default"
}
[2025-10-21T22:10:11.866] [DEBUG] debug-file - End initialize module-target build option map, moduleName=follows
[2025-10-21T22:10:11.866] [DEBUG] debug-file - Start initialize module-target build option map, moduleName=follows, buildMode=release
[2025-10-21T22:10:11.866] [DEBUG] debug-file - Target 'default' config: {}
[2025-10-21T22:10:11.866] [DEBUG] debug-file - Target 'ohosTest' config: {}
[2025-10-21T22:10:11.867] [DEBUG] debug-file - Module 'follows' target 'default' build option: {
  "debuggable": false,
  "copyFrom": "default",
  "name": "release",
  "arkOptions": {
    "obfuscation": {
      "ruleOptions": {
        "enable": false,
        "files": [
          "./obfuscation-rules.txt"
        ]
      },
      "consumerFiles": [
        "./consumer-rules.txt"
      ]
    }
  }
}
[2025-10-21T22:10:11.867] [DEBUG] debug-file - Module 'follows' target 'ohosTest' build option: {
  "debuggable": true,
  "name": "default"
}
[2025-10-21T22:10:11.867] [DEBUG] debug-file - End initialize module-target build option map, moduleName=follows
[2025-10-21T22:10:11.867] [DEBUG] debug-file - Start initialize module-target build option map, moduleName=follows, buildMode=debug
[2025-10-21T22:10:11.867] [DEBUG] debug-file - Target 'default' config: {}
[2025-10-21T22:10:11.867] [DEBUG] debug-file - Target 'ohosTest' config: {}
[2025-10-21T22:10:11.867] [DEBUG] debug-file - Module 'follows' target 'default' build option: {
  "debuggable": true,
  "copyFrom": "default",
  "name": "debug"
}
[2025-10-21T22:10:11.867] [DEBUG] debug-file - Module 'follows' target 'ohosTest' build option: {
  "debuggable": true,
  "name": "default"
}
[2025-10-21T22:10:11.867] [DEBUG] debug-file - End initialize module-target build option map, moduleName=follows
[2025-10-21T22:10:11.867] [DEBUG] debug-file - Module 'follows' target 'default' using build option: {
  "debuggable": true,
  "copyFrom": "default",
  "name": "debug"
} in this build.
[2025-10-21T22:10:11.874] [DEBUG] debug-file - Module follows task initialization takes 5 ms 
[2025-10-21T22:10:11.874] [DEBUG] debug-file - hvigorfile, binding custom plugins []
[2025-10-21T22:10:11.874] [DEBUG] debug-file - hvigorfile, no custom plugins were found in G:\HarmonyOsProjects\news_app-3a12a9aaec8f982bbbef9569988265dcb99f73e0\features\follows\hvigorfile.ts
[2025-10-21T22:10:11.874] [DEBUG] debug-file - hvigorfile, resolve finished G:\HarmonyOsProjects\news_app-3a12a9aaec8f982bbbef9569988265dcb99f73e0\features\follows\hvigorfile.ts
[2025-10-21T22:10:11.889] [DEBUG] debug-file - hvigorfile, resolve hvigorfile dependencies in 14 ms 
[2025-10-21T22:10:11.890] [DEBUG] debug-file - project has submodules:default,news,video,quickstart,utils,uicomponents,mine,login,follows
[2025-10-21T22:10:11.890] [DEBUG] debug-file - module:news no need to execute packageHap
[2025-10-21T22:10:11.890] [DEBUG] debug-file - module:video no need to execute packageHap
[2025-10-21T22:10:11.890] [DEBUG] debug-file - module:quickstart no need to execute packageHap
[2025-10-21T22:10:11.890] [DEBUG] debug-file - module:utils no need to execute packageHap
[2025-10-21T22:10:11.890] [DEBUG] debug-file - module:uicomponents no need to execute packageHap
[2025-10-21T22:10:11.890] [DEBUG] debug-file - module:mine no need to execute packageHap
[2025-10-21T22:10:11.890] [DEBUG] debug-file - module:login no need to execute packageHap
[2025-10-21T22:10:11.890] [DEBUG] debug-file - module:follows no need to execute packageHap
[2025-10-21T22:10:11.891] [DEBUG] debug-file - start to load updatedOhPackageInfo to the disk
[2025-10-21T22:10:11.902] [DEBUG] debug-file - load to the disk finished
[2025-10-21T22:10:11.903] [DEBUG] debug-file - Start to initialize dependency information.
[2025-10-21T22:10:11.903] [DEBUG] debug-file - Module news_app-3a12a9aaec8f982bbbef9569988265dcb99f73e0 Collected Dependency: 
[2025-10-21T22:10:11.903] [DEBUG] debug-file - Module news_app-3a12a9aaec8f982bbbef9569988265dcb99f73e0's total dependency: 0
[2025-10-21T22:10:11.904] [DEBUG] debug-file - Start to initialize dependency information.
[2025-10-21T22:10:11.914] [DEBUG] debug-file - Module default Collected Dependency: G:\HarmonyOsProjects\news_app-3a12a9aaec8f982bbbef9569988265dcb99f73e0\features\video,G:\HarmonyOsProjects\news_app-3a12a9aaec8f982bbbef9569988265dcb99f73e0\features\news,G:\HarmonyOsProjects\news_app-3a12a9aaec8f982bbbef9569988265dcb99f73e0\features\quickstart,G:\HarmonyOsProjects\news_app-3a12a9aaec8f982bbbef9569988265dcb99f73e0\features\follows,G:\HarmonyOsProjects\news_app-3a12a9aaec8f982bbbef9569988265dcb99f73e0\features\mine,G:\HarmonyOsProjects\news_app-3a12a9aaec8f982bbbef9569988265dcb99f73e0\features\login,G:\HarmonyOsProjects\news_app-3a12a9aaec8f982bbbef9569988265dcb99f73e0\commons\uicomponents,G:\HarmonyOsProjects\news_app-3a12a9aaec8f982bbbef9569988265dcb99f73e0\commons\utils
[2025-10-21T22:10:11.914] [DEBUG] debug-file - Module default's total dependency: 8
[2025-10-21T22:10:11.916] [DEBUG] debug-file - Start to initialize dependency information.
[2025-10-21T22:10:11.916] [DEBUG] debug-file - Module news Collected Dependency: G:\HarmonyOsProjects\news_app-3a12a9aaec8f982bbbef9569988265dcb99f73e0\commons\utils,G:\HarmonyOsProjects\news_app-3a12a9aaec8f982bbbef9569988265dcb99f73e0\commons\uicomponents
[2025-10-21T22:10:11.917] [DEBUG] debug-file - Module news's total dependency: 2
[2025-10-21T22:10:11.918] [DEBUG] debug-file - Start to initialize dependency information.
[2025-10-21T22:10:11.919] [DEBUG] debug-file - Module video Collected Dependency: G:\HarmonyOsProjects\news_app-3a12a9aaec8f982bbbef9569988265dcb99f73e0\commons\utils,G:\HarmonyOsProjects\news_app-3a12a9aaec8f982bbbef9569988265dcb99f73e0\commons\uicomponents
[2025-10-21T22:10:11.919] [DEBUG] debug-file - Module video's total dependency: 2
[2025-10-21T22:10:11.920] [DEBUG] debug-file - Start to initialize dependency information.
[2025-10-21T22:10:11.921] [DEBUG] debug-file - Module quickstart Collected Dependency: G:\HarmonyOsProjects\news_app-3a12a9aaec8f982bbbef9569988265dcb99f73e0\commons\utils,G:\HarmonyOsProjects\news_app-3a12a9aaec8f982bbbef9569988265dcb99f73e0\commons\uicomponents
[2025-10-21T22:10:11.921] [DEBUG] debug-file - Module quickstart's total dependency: 2
[2025-10-21T22:10:11.922] [DEBUG] debug-file - Start to initialize dependency information.
[2025-10-21T22:10:11.922] [DEBUG] debug-file - Module utils Collected Dependency: 
[2025-10-21T22:10:11.922] [DEBUG] debug-file - Module utils's total dependency: 0
[2025-10-21T22:10:11.923] [DEBUG] debug-file - Start to initialize dependency information.
[2025-10-21T22:10:11.924] [DEBUG] debug-file - Module uicomponents Collected Dependency: 
[2025-10-21T22:10:11.924] [DEBUG] debug-file - Module uicomponents's total dependency: 0
[2025-10-21T22:10:11.925] [DEBUG] debug-file - Start to initialize dependency information.
[2025-10-21T22:10:11.926] [DEBUG] debug-file - Module mine Collected Dependency: G:\HarmonyOsProjects\news_app-3a12a9aaec8f982bbbef9569988265dcb99f73e0\features\login,G:\HarmonyOsProjects\news_app-3a12a9aaec8f982bbbef9569988265dcb99f73e0\commons\utils
[2025-10-21T22:10:11.926] [DEBUG] debug-file - Module mine's total dependency: 2
[2025-10-21T22:10:11.927] [DEBUG] debug-file - Start to initialize dependency information.
[2025-10-21T22:10:11.929] [DEBUG] debug-file - Module login Collected Dependency: G:\HarmonyOsProjects\news_app-3a12a9aaec8f982bbbef9569988265dcb99f73e0\commons\utils
[2025-10-21T22:10:11.930] [DEBUG] debug-file - Module login's total dependency: 1
[2025-10-21T22:10:11.932] [DEBUG] debug-file - Start to initialize dependency information.
[2025-10-21T22:10:11.933] [DEBUG] debug-file - Module follows Collected Dependency: G:\HarmonyOsProjects\news_app-3a12a9aaec8f982bbbef9569988265dcb99f73e0\commons\uicomponents,G:\HarmonyOsProjects\news_app-3a12a9aaec8f982bbbef9569988265dcb99f73e0\commons\utils
[2025-10-21T22:10:11.933] [DEBUG] debug-file - Module follows's total dependency: 2
[2025-10-21T22:10:11.934] [DEBUG] debug-file - Configuration phase cost:230 ms 
[2025-10-21T22:10:11.943] [DEBUG] debug-file - Configuration task cost before running: 281 ms 
[2025-10-21T22:10:11.946] [DEBUG] debug-file - jsonObjWithoutParam {"video":"file:../../features/video","news":"file:../../features/news","quickstart":"file:../../features/quickstart","follow":"file:../../features/follows","mine":"file:../../features/mine","login":"file:../../features/login","uicomponents":"file:../../commons/uicomponents","utils":"file:../../commons/utils"} at undefined
[2025-10-21T22:10:11.946] [DEBUG] debug-file - jsonObjWithoutParam {"name":"default","version":"1.0.0","description":"Please describe the basic information.","main":"","author":"","license":"","dependencies":{"video":"file:../../features/video","news":"file:../../features/news","quickstart":"file:../../features/quickstart","follow":"file:../../features/follows","mine":"file:../../features/mine","login":"file:../../features/login","uicomponents":"file:../../commons/uicomponents","utils":"file:../../commons/utils"}} at undefined
[2025-10-21T22:10:11.949] [DEBUG] debug-file - Executing task :default:default@PreBuild
[2025-10-21T22:10:11.957] [DEBUG] debug-file - Incremental task default:default@PreBuild pre-execution cost: 2 ms .
[2025-10-21T22:10:11.958] [DEBUG] debug-file - default : default@PreBuild cost memory 0.9319686889648438
[2025-10-21T22:10:11.958] [INFO] debug-file - UP-TO-DATE :default:default@PreBuild...  
[2025-10-21T22:10:11.960] [DEBUG] debug-file - jsonObjWithoutParam {"utils":"file:../../commons/utils","uicomponents":"file:../../commons/uicomponents"} at undefined
[2025-10-21T22:10:11.960] [DEBUG] debug-file - jsonObjWithoutParam {"name":"video","version":"1.0.0","description":"Please describe the basic information.","main":"Index.ets","author":"","license":"Apache-2.0","dependencies":{"utils":"file:../../commons/utils","uicomponents":"file:../../commons/uicomponents"}} at undefined
[2025-10-21T22:10:11.961] [DEBUG] debug-file - Executing task :video:default@PreBuild
[2025-10-21T22:10:11.963] [DEBUG] debug-file - Incremental task video:default@PreBuild pre-execution cost: 2 ms .
[2025-10-21T22:10:11.963] [DEBUG] debug-file - video : default@PreBuild cost memory 0.22217559814453125
[2025-10-21T22:10:11.964] [INFO] debug-file - UP-TO-DATE :video:default@PreBuild...  
[2025-10-21T22:10:11.965] [DEBUG] debug-file - jsonObjWithoutParam {} at undefined
[2025-10-21T22:10:11.965] [DEBUG] debug-file - jsonObjWithoutParam {"name":"utils","version":"1.0.0","description":"Please describe the basic information.","main":"Index.ets","author":"","license":"Apache-2.0","dependencies":{}} at undefined
[2025-10-21T22:10:11.967] [DEBUG] debug-file - Executing task :utils:default@PreBuild
[2025-10-21T22:10:11.969] [DEBUG] debug-file - Incremental task utils:default@PreBuild pre-execution cost: 2 ms .
[2025-10-21T22:10:11.969] [DEBUG] debug-file - utils : default@PreBuild cost memory 0.21489715576171875
[2025-10-21T22:10:11.970] [INFO] debug-file - UP-TO-DATE :utils:default@PreBuild...  
[2025-10-21T22:10:11.971] [DEBUG] debug-file - jsonObjWithoutParam {} at undefined
[2025-10-21T22:10:11.971] [DEBUG] debug-file - jsonObjWithoutParam {"name":"uicomponents","version":"1.0.0","description":"Please describe the basic information.","main":"Index.ets","author":"","license":"Apache-2.0","dependencies":{}} at undefined
[2025-10-21T22:10:11.972] [DEBUG] debug-file - Executing task :uicomponents:default@PreBuild
[2025-10-21T22:10:11.974] [DEBUG] debug-file - Incremental task uicomponents:default@PreBuild pre-execution cost: 2 ms .
[2025-10-21T22:10:11.975] [DEBUG] debug-file - uicomponents : default@PreBuild cost memory 0.22089385986328125
[2025-10-21T22:10:11.975] [INFO] debug-file - UP-TO-DATE :uicomponents:default@PreBuild...  
[2025-10-21T22:10:11.977] [DEBUG] debug-file - jsonObjWithoutParam {"utils":"file:../../commons/utils","uicomponents":"file:../../commons/uicomponents"} at undefined
[2025-10-21T22:10:11.977] [DEBUG] debug-file - jsonObjWithoutParam {"name":"news","version":"1.0.0","description":"Please describe the basic information.","main":"Index.ets","author":"","license":"Apache-2.0","dependencies":{"utils":"file:../../commons/utils","uicomponents":"file:../../commons/uicomponents"}} at undefined
[2025-10-21T22:10:11.978] [DEBUG] debug-file - Executing task :news:default@PreBuild
[2025-10-21T22:10:11.982] [DEBUG] debug-file - Incremental task news:default@PreBuild pre-execution cost: 3 ms .
[2025-10-21T22:10:11.982] [DEBUG] debug-file - news : default@PreBuild cost memory 0.22362518310546875
[2025-10-21T22:10:11.983] [INFO] debug-file - UP-TO-DATE :news:default@PreBuild...  
[2025-10-21T22:10:11.985] [DEBUG] debug-file - jsonObjWithoutParam {"utils":"file:../../commons/utils","uicomponents":"file:../../commons/uicomponents"} at undefined
[2025-10-21T22:10:11.986] [DEBUG] debug-file - jsonObjWithoutParam {"name":"quickstart","version":"1.0.0","description":"Please describe the basic information.","main":"Index.ets","author":"","license":"Apache-2.0","dependencies":{"utils":"file:../../commons/utils","uicomponents":"file:../../commons/uicomponents"}} at undefined
[2025-10-21T22:10:11.987] [DEBUG] debug-file - Executing task :quickstart:default@PreBuild
[2025-10-21T22:10:11.990] [DEBUG] debug-file - Incremental task quickstart:default@PreBuild pre-execution cost: 2 ms .
[2025-10-21T22:10:11.990] [DEBUG] debug-file - quickstart : default@PreBuild cost memory 0.22412109375
[2025-10-21T22:10:11.992] [INFO] debug-file - UP-TO-DATE :quickstart:default@PreBuild...  
[2025-10-21T22:10:11.993] [DEBUG] debug-file - jsonObjWithoutParam {"uicomponents":"file:../../commons/uicomponents","utils":"file:../../commons/utils"} at undefined
[2025-10-21T22:10:11.993] [DEBUG] debug-file - jsonObjWithoutParam {"name":"follows","version":"1.0.0","description":"Please describe the basic information.","main":"Index.ets","author":"","license":"Apache-2.0","dependencies":{"uicomponents":"file:../../commons/uicomponents","utils":"file:../../commons/utils"}} at undefined
[2025-10-21T22:10:11.994] [DEBUG] debug-file - Executing task :follows:default@PreBuild
[2025-10-21T22:10:11.996] [DEBUG] debug-file - Incremental task follows:default@PreBuild pre-execution cost: 2 ms .
[2025-10-21T22:10:11.996] [DEBUG] debug-file - follows : default@PreBuild cost memory 0.22344207763671875
[2025-10-21T22:10:11.997] [INFO] debug-file - UP-TO-DATE :follows:default@PreBuild...  
[2025-10-21T22:10:11.998] [DEBUG] debug-file - jsonObjWithoutParam {"login":"file:../login"} at undefined
[2025-10-21T22:10:11.998] [DEBUG] debug-file - jsonObjWithoutParam {"name":"mine","version":"1.0.0","description":"Please describe the basic information.","main":"Index.ets","author":"","license":"Apache-2.0","dependencies":{"login":"file:../login"}} at undefined
[2025-10-21T22:10:11.999] [DEBUG] debug-file - Executing task :mine:default@PreBuild
[2025-10-21T22:10:12.001] [DEBUG] debug-file - Incremental task mine:default@PreBuild pre-execution cost: 2 ms .
[2025-10-21T22:10:12.001] [DEBUG] debug-file - mine : default@PreBuild cost memory 0.2182464599609375
[2025-10-21T22:10:12.003] [INFO] debug-file - UP-TO-DATE :mine:default@PreBuild...  
[2025-10-21T22:10:12.005] [DEBUG] debug-file - jsonObjWithoutParam {"utils":"file:../../commons/utils","BackendConfig":"file:../../commons/utils"} at undefined
[2025-10-21T22:10:12.005] [DEBUG] debug-file - jsonObjWithoutParam {"name":"login","version":"1.0.0","description":"Please describe the basic information.","main":"Index.ets","author":"","license":"Apache-2.0","dependencies":{"utils":"file:../../commons/utils","BackendConfig":"file:../../commons/utils"}} at undefined
[2025-10-21T22:10:12.008] [DEBUG] debug-file - Executing task :login:default@PreBuild
[2025-10-21T22:10:12.010] [DEBUG] debug-file - Incremental task login:default@PreBuild pre-execution cost: 2 ms .
[2025-10-21T22:10:12.010] [DEBUG] debug-file - login : default@PreBuild cost memory 0.22582244873046875
[2025-10-21T22:10:12.010] [INFO] debug-file - UP-TO-DATE :login:default@PreBuild...  
[2025-10-21T22:10:12.012] [DEBUG] debug-file - jsonObjWithoutParam {"video":"file:../../features/video","news":"file:../../features/news","quickstart":"file:../../features/quickstart","follow":"file:../../features/follows","mine":"file:../../features/mine","login":"file:../../features/login","uicomponents":"file:../../commons/uicomponents","utils":"file:../../commons/utils"} at undefined
[2025-10-21T22:10:12.012] [DEBUG] debug-file - jsonObjWithoutParam {"name":"default","version":"1.0.0","description":"Please describe the basic information.","main":"","author":"","license":"","dependencies":{"video":"file:../../features/video","news":"file:../../features/news","quickstart":"file:../../features/quickstart","follow":"file:../../features/follows","mine":"file:../../features/mine","login":"file:../../features/login","uicomponents":"file:../../commons/uicomponents","utils":"file:../../commons/utils"}} at undefined
[2025-10-21T22:10:12.012] [DEBUG] debug-file - Executing task :default:default@CreateModuleInfo
[2025-10-21T22:10:12.012] [DEBUG] debug-file - Task 'default:default@CreateModuleInfo' cost while wrapping incremental declarations: 1 ms 
[2025-10-21T22:10:12.013] [DEBUG] debug-file - default : default@CreateModuleInfo cost memory 0.05743408203125
[2025-10-21T22:10:12.013] [DEBUG] debug-file - runTaskFromQueue task cost before running: 351 ms 
[2025-10-21T22:10:12.013] [INFO] debug-file - Finished :default:default@CreateModuleInfo... after 1 ms 
[2025-10-21T22:10:12.015] [DEBUG] debug-file - jsonObjWithoutParam {"video":"file:../../features/video","news":"file:../../features/news","quickstart":"file:../../features/quickstart","follow":"file:../../features/follows","mine":"file:../../features/mine","login":"file:../../features/login","uicomponents":"file:../../commons/uicomponents","utils":"file:../../commons/utils"} at undefined
[2025-10-21T22:10:12.015] [DEBUG] debug-file - jsonObjWithoutParam {"name":"default","version":"1.0.0","description":"Please describe the basic information.","main":"","author":"","license":"","dependencies":{"video":"file:../../features/video","news":"file:../../features/news","quickstart":"file:../../features/quickstart","follow":"file:../../features/follows","mine":"file:../../features/mine","login":"file:../../features/login","uicomponents":"file:../../commons/uicomponents","utils":"file:../../commons/utils"}} at undefined
[2025-10-21T22:10:12.015] [DEBUG] debug-file - Executing task :default:default@GenerateMetadata
[2025-10-21T22:10:12.016] [DEBUG] debug-file - Task 'default:default@GenerateMetadata' cost while wrapping incremental declarations: 1 ms 
[2025-10-21T22:10:12.016] [DEBUG] debug-file - Incremental task default:default@GenerateMetadata pre-execution cost: 1 ms .
[2025-10-21T22:10:12.016] [DEBUG] debug-file - default : default@GenerateMetadata cost memory 0.09375762939453125
[2025-10-21T22:10:12.016] [INFO] debug-file - UP-TO-DATE :default:default@GenerateMetadata...  
[2025-10-21T22:10:12.017] [DEBUG] debug-file - jsonObjWithoutParam {"video":"file:../../features/video","news":"file:../../features/news","quickstart":"file:../../features/quickstart","follow":"file:../../features/follows","mine":"file:../../features/mine","login":"file:../../features/login","uicomponents":"file:../../commons/uicomponents","utils":"file:../../commons/utils"} at undefined
[2025-10-21T22:10:12.017] [DEBUG] debug-file - jsonObjWithoutParam {"name":"default","version":"1.0.0","description":"Please describe the basic information.","main":"","author":"","license":"","dependencies":{"video":"file:../../features/video","news":"file:../../features/news","quickstart":"file:../../features/quickstart","follow":"file:../../features/follows","mine":"file:../../features/mine","login":"file:../../features/login","uicomponents":"file:../../commons/uicomponents","utils":"file:../../commons/utils"}} at undefined
[2025-10-21T22:10:12.018] [DEBUG] debug-file - Executing task :default:default@PreCheckSyscap
[2025-10-21T22:10:12.018] [DEBUG] debug-file - jsonObjWithoutParam {"video":"file:../../features/video","news":"file:../../features/news","quickstart":"file:../../features/quickstart","follow":"file:../../features/follows","mine":"file:../../features/mine","login":"file:../../features/login","uicomponents":"file:../../commons/uicomponents","utils":"file:../../commons/utils"} at undefined
[2025-10-21T22:10:12.018] [DEBUG] debug-file - jsonObjWithoutParam {"name":"default","version":"1.0.0","description":"Please describe the basic information.","main":"","author":"","license":"","dependencies":{"video":"file:../../features/video","news":"file:../../features/news","quickstart":"file:../../features/quickstart","follow":"file:../../features/follows","mine":"file:../../features/mine","login":"file:../../features/login","uicomponents":"file:../../commons/uicomponents","utils":"file:../../commons/utils"}} at undefined
[2025-10-21T22:10:12.018] [DEBUG] debug-file - default : default@PreCheckSyscap cost memory 0.04994964599609375
[2025-10-21T22:10:12.018] [DEBUG] debug-file - runTaskFromQueue task cost before running: 356 ms 
[2025-10-21T22:10:12.018] [INFO] debug-file - Finished :default:default@PreCheckSyscap... after 1 ms 
[2025-10-21T22:10:12.019] [DEBUG] debug-file - jsonObjWithoutParam {"video":"file:../../features/video","news":"file:../../features/news","quickstart":"file:../../features/quickstart","follow":"file:../../features/follows","mine":"file:../../features/mine","login":"file:../../features/login","uicomponents":"file:../../commons/uicomponents","utils":"file:../../commons/utils"} at undefined
[2025-10-21T22:10:12.020] [DEBUG] debug-file - jsonObjWithoutParam {"name":"default","version":"1.0.0","description":"Please describe the basic information.","main":"","author":"","license":"","dependencies":{"video":"file:../../features/video","news":"file:../../features/news","quickstart":"file:../../features/quickstart","follow":"file:../../features/follows","mine":"file:../../features/mine","login":"file:../../features/login","uicomponents":"file:../../commons/uicomponents","utils":"file:../../commons/utils"}} at undefined
[2025-10-21T22:10:12.021] [DEBUG] debug-file - Executing task :default:default@GeneratePkgContextInfo
[2025-10-21T22:10:12.025] [DEBUG] debug-file - Task 'default:default@GeneratePkgContextInfo' cost while wrapping incremental declarations: 1 ms 
[2025-10-21T22:10:12.025] [DEBUG] debug-file - default : default@GeneratePkgContextInfo cost memory 0.7775802612304688
[2025-10-21T22:10:12.025] [DEBUG] debug-file - runTaskFromQueue task cost before running: 363 ms 
[2025-10-21T22:10:12.025] [INFO] debug-file - Finished :default:default@GeneratePkgContextInfo... after 5 ms 
[2025-10-21T22:10:12.027] [DEBUG] debug-file - jsonObjWithoutParam {"video":"file:../../features/video","news":"file:../../features/news","quickstart":"file:../../features/quickstart","follow":"file:../../features/follows","mine":"file:../../features/mine","login":"file:../../features/login","uicomponents":"file:../../commons/uicomponents","utils":"file:../../commons/utils"} at undefined
[2025-10-21T22:10:12.027] [DEBUG] debug-file - jsonObjWithoutParam {"name":"default","version":"1.0.0","description":"Please describe the basic information.","main":"","author":"","license":"","dependencies":{"video":"file:../../features/video","news":"file:../../features/news","quickstart":"file:../../features/quickstart","follow":"file:../../features/follows","mine":"file:../../features/mine","login":"file:../../features/login","uicomponents":"file:../../commons/uicomponents","utils":"file:../../commons/utils"}} at undefined
[2025-10-21T22:10:12.029] [DEBUG] debug-file - Executing task :default:default@ProcessIntegratedHsp
[2025-10-21T22:10:12.030] [DEBUG] debug-file - default:default@ProcessIntegratedHsp is not up-to-date, since the output file 'G:\HarmonyOsProjects\news_app-3a12a9aaec8f982bbbef9569988265dcb99f73e0\build\cache\default\integrated_hsp\integratedHspCache.json' does not exist.
[2025-10-21T22:10:12.030] [DEBUG] debug-file - Incremental task default:default@ProcessIntegratedHsp pre-execution cost: 1 ms .
[2025-10-21T22:10:12.031] [DEBUG] debug-file - jsonObjWithoutParam {"video":"file:../../features/video","news":"file:../../features/news","quickstart":"file:../../features/quickstart","follow":"file:../../features/follows","mine":"file:../../features/mine","login":"file:../../features/login","uicomponents":"file:../../commons/uicomponents","utils":"file:../../commons/utils"} at undefined
[2025-10-21T22:10:12.031] [DEBUG] debug-file - jsonObjWithoutParam {"name":"default","version":"1.0.0","description":"Please describe the basic information.","main":"","author":"","license":"","dependencies":{"video":"file:../../features/video","news":"file:../../features/news","quickstart":"file:../../features/quickstart","follow":"file:../../features/follows","mine":"file:../../features/mine","login":"file:../../features/login","uicomponents":"file:../../commons/uicomponents","utils":"file:../../commons/utils"}} at undefined
[2025-10-21T22:10:12.031] [DEBUG] debug-file - default : default@ProcessIntegratedHsp cost memory 0.12823486328125
[2025-10-21T22:10:12.031] [DEBUG] debug-file - runTaskFromQueue task cost before running: 369 ms 
[2025-10-21T22:10:12.031] [INFO] debug-file - Finished :default:default@ProcessIntegratedHsp... after 2 ms 
[2025-10-21T22:10:12.033] [DEBUG] debug-file - jsonObjWithoutParam {} at undefined
[2025-10-21T22:10:12.033] [DEBUG] debug-file - jsonObjWithoutParam {"name":"utils","version":"1.0.0","description":"Please describe the basic information.","main":"Index.ets","author":"","license":"Apache-2.0","dependencies":{}} at undefined
[2025-10-21T22:10:12.033] [DEBUG] debug-file - Executing task :utils:default@CreateHarBuildProfile
[2025-10-21T22:10:12.034] [DEBUG] debug-file - Task 'utils:default@CreateHarBuildProfile' cost while wrapping incremental declarations: 1 ms 
[2025-10-21T22:10:12.034] [DEBUG] debug-file - Incremental task utils:default@CreateHarBuildProfile pre-execution cost: 1 ms .
[2025-10-21T22:10:12.034] [DEBUG] debug-file - utils : default@CreateHarBuildProfile cost memory 0.08209228515625
[2025-10-21T22:10:12.034] [INFO] debug-file - UP-TO-DATE :utils:default@CreateHarBuildProfile...  
[2025-10-21T22:10:12.036] [DEBUG] debug-file - jsonObjWithoutParam {} at undefined
[2025-10-21T22:10:12.036] [DEBUG] debug-file - jsonObjWithoutParam {"name":"utils","version":"1.0.0","description":"Please describe the basic information.","main":"Index.ets","author":"","license":"Apache-2.0","dependencies":{}} at undefined
[2025-10-21T22:10:12.036] [DEBUG] debug-file - Executing task :utils:default@ConfigureCmake
[2025-10-21T22:10:12.036] [DEBUG] debug-file - jsonObjWithoutParam {} at undefined
[2025-10-21T22:10:12.036] [DEBUG] debug-file - jsonObjWithoutParam {"name":"utils","version":"1.0.0","description":"Please describe the basic information.","main":"Index.ets","author":"","license":"Apache-2.0","dependencies":{}} at undefined
[2025-10-21T22:10:12.036] [DEBUG] debug-file - utils : default@ConfigureCmake cost memory 0.03841400146484375
[2025-10-21T22:10:12.036] [DEBUG] debug-file - runTaskFromQueue task cost before running: 375 ms 
[2025-10-21T22:10:12.036] [INFO] debug-file - Finished :utils:default@ConfigureCmake... after 1 ms 
[2025-10-21T22:10:12.038] [DEBUG] debug-file - jsonObjWithoutParam {} at undefined
[2025-10-21T22:10:12.038] [DEBUG] debug-file - jsonObjWithoutParam {"name":"utils","version":"1.0.0","description":"Please describe the basic information.","main":"Index.ets","author":"","license":"Apache-2.0","dependencies":{}} at undefined
[2025-10-21T22:10:12.039] [DEBUG] debug-file - Executing task :utils:default@MergeProfile
[2025-10-21T22:10:12.040] [DEBUG] debug-file - Incremental task utils:default@MergeProfile pre-execution cost: 1 ms .
[2025-10-21T22:10:12.040] [DEBUG] debug-file - utils : default@MergeProfile cost memory 0.09677886962890625
[2025-10-21T22:10:12.040] [INFO] debug-file - UP-TO-DATE :utils:default@MergeProfile...  
[2025-10-21T22:10:12.042] [DEBUG] debug-file - jsonObjWithoutParam {} at undefined
[2025-10-21T22:10:12.042] [DEBUG] debug-file - jsonObjWithoutParam {"name":"uicomponents","version":"1.0.0","description":"Please describe the basic information.","main":"Index.ets","author":"","license":"Apache-2.0","dependencies":{}} at undefined
[2025-10-21T22:10:12.042] [DEBUG] debug-file - Executing task :uicomponents:default@CreateHarBuildProfile
[2025-10-21T22:10:12.042] [DEBUG] debug-file - Task 'uicomponents:default@CreateHarBuildProfile' cost while wrapping incremental declarations: 1 ms 
[2025-10-21T22:10:12.043] [DEBUG] debug-file - Incremental task uicomponents:default@CreateHarBuildProfile pre-execution cost: 1 ms .
[2025-10-21T22:10:12.043] [DEBUG] debug-file - uicomponents : default@CreateHarBuildProfile cost memory 0.0819549560546875
[2025-10-21T22:10:12.043] [INFO] debug-file - UP-TO-DATE :uicomponents:default@CreateHarBuildProfile...  
[2025-10-21T22:10:12.044] [DEBUG] debug-file - jsonObjWithoutParam {} at undefined
[2025-10-21T22:10:12.045] [DEBUG] debug-file - jsonObjWithoutParam {"name":"uicomponents","version":"1.0.0","description":"Please describe the basic information.","main":"Index.ets","author":"","license":"Apache-2.0","dependencies":{}} at undefined
[2025-10-21T22:10:12.045] [DEBUG] debug-file - Executing task :uicomponents:default@ConfigureCmake
[2025-10-21T22:10:12.045] [DEBUG] debug-file - jsonObjWithoutParam {} at undefined
[2025-10-21T22:10:12.045] [DEBUG] debug-file - jsonObjWithoutParam {"name":"uicomponents","version":"1.0.0","description":"Please describe the basic information.","main":"Index.ets","author":"","license":"Apache-2.0","dependencies":{}} at undefined
[2025-10-21T22:10:12.045] [DEBUG] debug-file - uicomponents : default@ConfigureCmake cost memory 0.03759765625
[2025-10-21T22:10:12.045] [DEBUG] debug-file - runTaskFromQueue task cost before running: 383 ms 
[2025-10-21T22:10:12.045] [INFO] debug-file - Finished :uicomponents:default@ConfigureCmake... after 1 ms 
[2025-10-21T22:10:12.046] [DEBUG] debug-file - jsonObjWithoutParam {} at undefined
[2025-10-21T22:10:12.046] [DEBUG] debug-file - jsonObjWithoutParam {"name":"uicomponents","version":"1.0.0","description":"Please describe the basic information.","main":"Index.ets","author":"","license":"Apache-2.0","dependencies":{}} at undefined
[2025-10-21T22:10:12.047] [DEBUG] debug-file - Executing task :uicomponents:default@MergeProfile
[2025-10-21T22:10:12.047] [DEBUG] debug-file - Incremental task uicomponents:default@MergeProfile pre-execution cost: 1 ms .
[2025-10-21T22:10:12.047] [DEBUG] debug-file - uicomponents : default@MergeProfile cost memory 0.098968505859375
[2025-10-21T22:10:12.048] [INFO] debug-file - UP-TO-DATE :uicomponents:default@MergeProfile...  
[2025-10-21T22:10:12.049] [DEBUG] debug-file - jsonObjWithoutParam {"video":"file:../../features/video","news":"file:../../features/news","quickstart":"file:../../features/quickstart","follow":"file:../../features/follows","mine":"file:../../features/mine","login":"file:../../features/login","uicomponents":"file:../../commons/uicomponents","utils":"file:../../commons/utils"} at undefined
[2025-10-21T22:10:12.049] [DEBUG] debug-file - jsonObjWithoutParam {"name":"default","version":"1.0.0","description":"Please describe the basic information.","main":"","author":"","license":"","dependencies":{"video":"file:../../features/video","news":"file:../../features/news","quickstart":"file:../../features/quickstart","follow":"file:../../features/follows","mine":"file:../../features/mine","login":"file:../../features/login","uicomponents":"file:../../commons/uicomponents","utils":"file:../../commons/utils"}} at undefined
[2025-10-21T22:10:12.050] [DEBUG] debug-file - Executing task :default:default@SyscapTransform
[2025-10-21T22:10:12.050] [DEBUG] debug-file - File: 'G:\HarmonyOsProjects\news_app-3a12a9aaec8f982bbbef9569988265dcb99f73e0\products\default\src\main\syscap.json' from 'sysCapJsonPath' is not exists, just ignore.
[2025-10-21T22:10:12.050] [DEBUG] debug-file - Task 'default:default@SyscapTransform' cost while wrapping incremental declarations: 1 ms 
[2025-10-21T22:10:12.051] [DEBUG] debug-file - default:default@SyscapTransform is not up-to-date, since the output file 'G:\HarmonyOsProjects\news_app-3a12a9aaec8f982bbbef9569988265dcb99f73e0\products\default\build\default\intermediates\syscap\default\rpcid.sc' does not exist.
[2025-10-21T22:10:12.051] [DEBUG] debug-file - Incremental task default:default@SyscapTransform pre-execution cost: 1 ms .
[2025-10-21T22:10:12.051] [DEBUG] debug-file - jsonObjWithoutParam {"video":"file:../../features/video","news":"file:../../features/news","quickstart":"file:../../features/quickstart","follow":"file:../../features/follows","mine":"file:../../features/mine","login":"file:../../features/login","uicomponents":"file:../../commons/uicomponents","utils":"file:../../commons/utils"} at undefined
[2025-10-21T22:10:12.051] [DEBUG] debug-file - jsonObjWithoutParam {"name":"default","version":"1.0.0","description":"Please describe the basic information.","main":"","author":"","license":"","dependencies":{"video":"file:../../features/video","news":"file:../../features/news","quickstart":"file:../../features/quickstart","follow":"file:../../features/follows","mine":"file:../../features/mine","login":"file:../../features/login","uicomponents":"file:../../commons/uicomponents","utils":"file:../../commons/utils"}} at undefined
[2025-10-21T22:10:12.051] [DEBUG] debug-file - default : default@SyscapTransform cost memory 0.1702117919921875
[2025-10-21T22:10:12.051] [DEBUG] debug-file - runTaskFromQueue task cost before running: 389 ms 
[2025-10-21T22:10:12.051] [INFO] debug-file - Finished :default:default@SyscapTransform... after 2 ms 
[2025-10-21T22:10:12.053] [DEBUG] debug-file - jsonObjWithoutParam {"video":"file:../../features/video","news":"file:../../features/news","quickstart":"file:../../features/quickstart","follow":"file:../../features/follows","mine":"file:../../features/mine","login":"file:../../features/login","uicomponents":"file:../../commons/uicomponents","utils":"file:../../commons/utils"} at undefined
[2025-10-21T22:10:12.053] [DEBUG] debug-file - jsonObjWithoutParam {"name":"default","version":"1.0.0","description":"Please describe the basic information.","main":"","author":"","license":"","dependencies":{"video":"file:../../features/video","news":"file:../../features/news","quickstart":"file:../../features/quickstart","follow":"file:../../features/follows","mine":"file:../../features/mine","login":"file:../../features/login","uicomponents":"file:../../commons/uicomponents","utils":"file:../../commons/utils"}} at undefined
[2025-10-21T22:10:12.054] [DEBUG] debug-file - Executing task :default:default@ProcessRouterMap
[2025-10-21T22:10:12.056] [DEBUG] debug-file - Incremental task default:default@ProcessRouterMap pre-execution cost: 2 ms .
[2025-10-21T22:10:12.056] [DEBUG] debug-file - default : default@ProcessRouterMap cost memory 0.19532012939453125
[2025-10-21T22:10:12.057] [INFO] debug-file - UP-TO-DATE :default:default@ProcessRouterMap...  
[2025-10-21T22:10:12.059] [DEBUG] debug-file - jsonObjWithoutParam {"video":"file:../../features/video","news":"file:../../features/news","quickstart":"file:../../features/quickstart","follow":"file:../../features/follows","mine":"file:../../features/mine","login":"file:../../features/login","uicomponents":"file:../../commons/uicomponents","utils":"file:../../commons/utils"} at undefined
[2025-10-21T22:10:12.059] [DEBUG] debug-file - jsonObjWithoutParam {"name":"default","version":"1.0.0","description":"Please describe the basic information.","main":"","author":"","license":"","dependencies":{"video":"file:../../features/video","news":"file:../../features/news","quickstart":"file:../../features/quickstart","follow":"file:../../features/follows","mine":"file:../../features/mine","login":"file:../../features/login","uicomponents":"file:../../commons/uicomponents","utils":"file:../../commons/utils"}} at undefined
[2025-10-21T22:10:12.059] [DEBUG] debug-file - Executing task :default:default@ProcessStartupConfig
[2025-10-21T22:10:12.059] [DEBUG] debug-file - Task 'default:default@ProcessStartupConfig' cost while wrapping incremental declarations: 1 ms 
[2025-10-21T22:10:12.060] [DEBUG] debug-file - default:default@ProcessStartupConfig is not up-to-date, since the output file 'G:\HarmonyOsProjects\news_app-3a12a9aaec8f982bbbef9569988265dcb99f73e0\products\default\build\default\intermediates\startup\default\startup_config.json' does not exist.
[2025-10-21T22:10:12.060] [DEBUG] debug-file - Incremental task default:default@ProcessStartupConfig pre-execution cost: 1 ms .
[2025-10-21T22:10:12.060] [DEBUG] debug-file - jsonObjWithoutParam {"video":"file:../../features/video","news":"file:../../features/news","quickstart":"file:../../features/quickstart","follow":"file:../../features/follows","mine":"file:../../features/mine","login":"file:../../features/login","uicomponents":"file:../../commons/uicomponents","utils":"file:../../commons/utils"} at undefined
[2025-10-21T22:10:12.060] [DEBUG] debug-file - jsonObjWithoutParam {"name":"default","version":"1.0.0","description":"Please describe the basic information.","main":"","author":"","license":"","dependencies":{"video":"file:../../features/video","news":"file:../../features/news","quickstart":"file:../../features/quickstart","follow":"file:../../features/follows","mine":"file:../../features/mine","login":"file:../../features/login","uicomponents":"file:../../commons/uicomponents","utils":"file:../../commons/utils"}} at undefined
[2025-10-21T22:10:12.060] [DEBUG] debug-file - default : default@ProcessStartupConfig cost memory 0.21260833740234375
[2025-10-21T22:10:12.061] [DEBUG] debug-file - runTaskFromQueue task cost before running: 399 ms 
[2025-10-21T22:10:12.061] [INFO] debug-file - Finished :default:default@ProcessStartupConfig... after 2 ms 
[2025-10-21T22:10:12.063] [DEBUG] debug-file - jsonObjWithoutParam {"utils":"file:../../commons/utils","BackendConfig":"file:../../commons/utils"} at undefined
[2025-10-21T22:10:12.063] [DEBUG] debug-file - jsonObjWithoutParam {"name":"login","version":"1.0.0","description":"Please describe the basic information.","main":"Index.ets","author":"","license":"Apache-2.0","dependencies":{"utils":"file:../../commons/utils","BackendConfig":"file:../../commons/utils"}} at undefined
[2025-10-21T22:10:12.063] [DEBUG] debug-file - Executing task :login:default@CreateHarBuildProfile
[2025-10-21T22:10:12.064] [DEBUG] debug-file - Task 'login:default@CreateHarBuildProfile' cost while wrapping incremental declarations: 1 ms 
[2025-10-21T22:10:12.064] [DEBUG] debug-file - Incremental task login:default@CreateHarBuildProfile pre-execution cost: 1 ms .
[2025-10-21T22:10:12.064] [DEBUG] debug-file - login : default@CreateHarBuildProfile cost memory 0.082794189453125
[2025-10-21T22:10:12.064] [INFO] debug-file - UP-TO-DATE :login:default@CreateHarBuildProfile...  
[2025-10-21T22:10:12.067] [DEBUG] debug-file - jsonObjWithoutParam {} at undefined
[2025-10-21T22:10:12.067] [DEBUG] debug-file - jsonObjWithoutParam {"name":"utils","version":"1.0.0","description":"Please describe the basic information.","main":"Index.ets","author":"","license":"Apache-2.0","dependencies":{}} at undefined
[2025-10-21T22:10:12.067] [DEBUG] debug-file - Executing task :utils:default@BuildNativeWithCmake
[2025-10-21T22:10:12.067] [DEBUG] debug-file - jsonObjWithoutParam {} at undefined
[2025-10-21T22:10:12.067] [DEBUG] debug-file - jsonObjWithoutParam {"name":"utils","version":"1.0.0","description":"Please describe the basic information.","main":"Index.ets","author":"","license":"Apache-2.0","dependencies":{}} at undefined
[2025-10-21T22:10:12.068] [DEBUG] debug-file - utils : default@BuildNativeWithCmake cost memory 0.03762054443359375
[2025-10-21T22:10:12.068] [DEBUG] debug-file - runTaskFromQueue task cost before running: 406 ms 
[2025-10-21T22:10:12.068] [INFO] debug-file - Finished :utils:default@BuildNativeWithCmake... after 1 ms 
[2025-10-21T22:10:12.069] [DEBUG] debug-file - jsonObjWithoutParam {"utils":"file:../../commons/utils","BackendConfig":"file:../../commons/utils"} at undefined
[2025-10-21T22:10:12.069] [DEBUG] debug-file - jsonObjWithoutParam {"name":"login","version":"1.0.0","description":"Please describe the basic information.","main":"Index.ets","author":"","license":"Apache-2.0","dependencies":{"utils":"file:../../commons/utils","BackendConfig":"file:../../commons/utils"}} at undefined
[2025-10-21T22:10:12.070] [DEBUG] debug-file - Executing task :login:default@MergeProfile
[2025-10-21T22:10:12.071] [DEBUG] debug-file - Incremental task login:default@MergeProfile pre-execution cost: 1 ms .
[2025-10-21T22:10:12.071] [DEBUG] debug-file - login : default@MergeProfile cost memory 0.13378143310546875
[2025-10-21T22:10:12.071] [INFO] debug-file - UP-TO-DATE :login:default@MergeProfile...  
[2025-10-21T22:10:12.072] [DEBUG] debug-file - jsonObjWithoutParam {"utils":"file:../../commons/utils","uicomponents":"file:../../commons/uicomponents"} at undefined
[2025-10-21T22:10:12.073] [DEBUG] debug-file - jsonObjWithoutParam {"name":"news","version":"1.0.0","description":"Please describe the basic information.","main":"Index.ets","author":"","license":"Apache-2.0","dependencies":{"utils":"file:../../commons/utils","uicomponents":"file:../../commons/uicomponents"}} at undefined
[2025-10-21T22:10:12.073] [DEBUG] debug-file - Executing task :news:default@CreateHarBuildProfile
[2025-10-21T22:10:12.073] [DEBUG] debug-file - Task 'news:default@CreateHarBuildProfile' cost while wrapping incremental declarations: 1 ms 
[2025-10-21T22:10:12.074] [DEBUG] debug-file - Incremental task news:default@CreateHarBuildProfile pre-execution cost: 1 ms .
[2025-10-21T22:10:12.074] [DEBUG] debug-file - news : default@CreateHarBuildProfile cost memory 0.0827789306640625
[2025-10-21T22:10:12.074] [INFO] debug-file - UP-TO-DATE :news:default@CreateHarBuildProfile...  
[2025-10-21T22:10:12.075] [DEBUG] debug-file - jsonObjWithoutParam {"utils":"file:../../commons/utils","uicomponents":"file:../../commons/uicomponents"} at undefined
[2025-10-21T22:10:12.075] [DEBUG] debug-file - jsonObjWithoutParam {"name":"video","version":"1.0.0","description":"Please describe the basic information.","main":"Index.ets","author":"","license":"Apache-2.0","dependencies":{"utils":"file:../../commons/utils","uicomponents":"file:../../commons/uicomponents"}} at undefined
[2025-10-21T22:10:12.076] [DEBUG] debug-file - Executing task :video:default@CreateHarBuildProfile
[2025-10-21T22:10:12.076] [DEBUG] debug-file - Task 'video:default@CreateHarBuildProfile' cost while wrapping incremental declarations: 1 ms 
[2025-10-21T22:10:12.076] [DEBUG] debug-file - Incremental task video:default@CreateHarBuildProfile pre-execution cost: 1 ms .
[2025-10-21T22:10:12.076] [DEBUG] debug-file - video : default@CreateHarBuildProfile cost memory 0.08708953857421875
[2025-10-21T22:10:12.077] [INFO] debug-file - UP-TO-DATE :video:default@CreateHarBuildProfile...  
[2025-10-21T22:10:12.078] [DEBUG] debug-file - jsonObjWithoutParam {"utils":"file:../../commons/utils","uicomponents":"file:../../commons/uicomponents"} at undefined
[2025-10-21T22:10:12.078] [DEBUG] debug-file - jsonObjWithoutParam {"name":"quickstart","version":"1.0.0","description":"Please describe the basic information.","main":"Index.ets","author":"","license":"Apache-2.0","dependencies":{"utils":"file:../../commons/utils","uicomponents":"file:../../commons/uicomponents"}} at undefined
[2025-10-21T22:10:12.078] [DEBUG] debug-file - Executing task :quickstart:default@CreateHarBuildProfile
[2025-10-21T22:10:12.079] [DEBUG] debug-file - Task 'quickstart:default@CreateHarBuildProfile' cost while wrapping incremental declarations: 1 ms 
[2025-10-21T22:10:12.079] [DEBUG] debug-file - Incremental task quickstart:default@CreateHarBuildProfile pre-execution cost: 1 ms .
[2025-10-21T22:10:12.079] [DEBUG] debug-file - quickstart : default@CreateHarBuildProfile cost memory 0.08298492431640625
[2025-10-21T22:10:12.079] [INFO] debug-file - UP-TO-DATE :quickstart:default@CreateHarBuildProfile...  
[2025-10-21T22:10:12.081] [DEBUG] debug-file - jsonObjWithoutParam {"uicomponents":"file:../../commons/uicomponents","utils":"file:../../commons/utils"} at undefined
[2025-10-21T22:10:12.081] [DEBUG] debug-file - jsonObjWithoutParam {"name":"follows","version":"1.0.0","description":"Please describe the basic information.","main":"Index.ets","author":"","license":"Apache-2.0","dependencies":{"uicomponents":"file:../../commons/uicomponents","utils":"file:../../commons/utils"}} at undefined
[2025-10-21T22:10:12.081] [DEBUG] debug-file - Executing task :follows:default@CreateHarBuildProfile
[2025-10-21T22:10:12.082] [DEBUG] debug-file - Task 'follows:default@CreateHarBuildProfile' cost while wrapping incremental declarations: 1 ms 
[2025-10-21T22:10:12.082] [DEBUG] debug-file - Incremental task follows:default@CreateHarBuildProfile pre-execution cost: 1 ms .
[2025-10-21T22:10:12.082] [DEBUG] debug-file - follows : default@CreateHarBuildProfile cost memory 0.082855224609375
[2025-10-21T22:10:12.082] [INFO] debug-file - UP-TO-DATE :follows:default@CreateHarBuildProfile...  
[2025-10-21T22:10:12.083] [DEBUG] debug-file - jsonObjWithoutParam {} at undefined
[2025-10-21T22:10:12.084] [DEBUG] debug-file - jsonObjWithoutParam {"name":"uicomponents","version":"1.0.0","description":"Please describe the basic information.","main":"Index.ets","author":"","license":"Apache-2.0","dependencies":{}} at undefined
[2025-10-21T22:10:12.084] [DEBUG] debug-file - Executing task :uicomponents:default@BuildNativeWithCmake
[2025-10-21T22:10:12.084] [DEBUG] debug-file - jsonObjWithoutParam {} at undefined
[2025-10-21T22:10:12.084] [DEBUG] debug-file - jsonObjWithoutParam {"name":"uicomponents","version":"1.0.0","description":"Please describe the basic information.","main":"Index.ets","author":"","license":"Apache-2.0","dependencies":{}} at undefined
[2025-10-21T22:10:12.084] [DEBUG] debug-file - uicomponents : default@BuildNativeWithCmake cost memory 0.037628173828125
[2025-10-21T22:10:12.084] [DEBUG] debug-file - runTaskFromQueue task cost before running: 422 ms 
[2025-10-21T22:10:12.084] [INFO] debug-file - Finished :uicomponents:default@BuildNativeWithCmake... after 1 ms 
[2025-10-21T22:10:12.086] [DEBUG] debug-file - jsonObjWithoutParam {"utils":"file:../../commons/utils","uicomponents":"file:../../commons/uicomponents"} at undefined
[2025-10-21T22:10:12.086] [DEBUG] debug-file - jsonObjWithoutParam {"name":"news","version":"1.0.0","description":"Please describe the basic information.","main":"Index.ets","author":"","license":"Apache-2.0","dependencies":{"utils":"file:../../commons/utils","uicomponents":"file:../../commons/uicomponents"}} at undefined
[2025-10-21T22:10:12.086] [DEBUG] debug-file - Executing task :news:default@MergeProfile
[2025-10-21T22:10:12.088] [DEBUG] debug-file - Incremental task news:default@MergeProfile pre-execution cost: 1 ms .
[2025-10-21T22:10:12.088] [DEBUG] debug-file - news : default@MergeProfile cost memory 0.17063140869140625
[2025-10-21T22:10:12.088] [INFO] debug-file - UP-TO-DATE :news:default@MergeProfile...  
[2025-10-21T22:10:12.089] [DEBUG] debug-file - jsonObjWithoutParam {"utils":"file:../../commons/utils","uicomponents":"file:../../commons/uicomponents"} at undefined
[2025-10-21T22:10:12.090] [DEBUG] debug-file - jsonObjWithoutParam {"name":"video","version":"1.0.0","description":"Please describe the basic information.","main":"Index.ets","author":"","license":"Apache-2.0","dependencies":{"utils":"file:../../commons/utils","uicomponents":"file:../../commons/uicomponents"}} at undefined
[2025-10-21T22:10:12.090] [DEBUG] debug-file - Executing task :video:default@MergeProfile
[2025-10-21T22:10:12.091] [DEBUG] debug-file - Incremental task video:default@MergeProfile pre-execution cost: 1 ms .
[2025-10-21T22:10:12.092] [DEBUG] debug-file - video : default@MergeProfile cost memory 0.1664276123046875
[2025-10-21T22:10:12.092] [INFO] debug-file - UP-TO-DATE :video:default@MergeProfile...  
[2025-10-21T22:10:12.093] [DEBUG] debug-file - jsonObjWithoutParam {"utils":"file:../../commons/utils","uicomponents":"file:../../commons/uicomponents"} at undefined
[2025-10-21T22:10:12.093] [DEBUG] debug-file - jsonObjWithoutParam {"name":"quickstart","version":"1.0.0","description":"Please describe the basic information.","main":"Index.ets","author":"","license":"Apache-2.0","dependencies":{"utils":"file:../../commons/utils","uicomponents":"file:../../commons/uicomponents"}} at undefined
[2025-10-21T22:10:12.094] [DEBUG] debug-file - Executing task :quickstart:default@MergeProfile
[2025-10-21T22:10:12.095] [DEBUG] debug-file - Incremental task quickstart:default@MergeProfile pre-execution cost: 1 ms .
[2025-10-21T22:10:12.095] [DEBUG] debug-file - quickstart : default@MergeProfile cost memory 0.16777801513671875
[2025-10-21T22:10:12.096] [INFO] debug-file - UP-TO-DATE :quickstart:default@MergeProfile...  
[2025-10-21T22:10:12.097] [DEBUG] debug-file - jsonObjWithoutParam {"uicomponents":"file:../../commons/uicomponents","utils":"file:../../commons/utils"} at undefined
[2025-10-21T22:10:12.097] [DEBUG] debug-file - jsonObjWithoutParam {"name":"follows","version":"1.0.0","description":"Please describe the basic information.","main":"Index.ets","author":"","license":"Apache-2.0","dependencies":{"uicomponents":"file:../../commons/uicomponents","utils":"file:../../commons/utils"}} at undefined
[2025-10-21T22:10:12.097] [DEBUG] debug-file - Executing task :follows:default@MergeProfile
[2025-10-21T22:10:12.099] [DEBUG] debug-file - Incremental task follows:default@MergeProfile pre-execution cost: 1 ms .
[2025-10-21T22:10:12.099] [DEBUG] debug-file - follows : default@MergeProfile cost memory 0.16674041748046875
[2025-10-21T22:10:12.099] [INFO] debug-file - UP-TO-DATE :follows:default@MergeProfile...  
[2025-10-21T22:10:12.101] [DEBUG] debug-file - jsonObjWithoutParam {"video":"file:../../features/video","news":"file:../../features/news","quickstart":"file:../../features/quickstart","follow":"file:../../features/follows","mine":"file:../../features/mine","login":"file:../../features/login","uicomponents":"file:../../commons/uicomponents","utils":"file:../../commons/utils"} at undefined
[2025-10-21T22:10:12.101] [DEBUG] debug-file - jsonObjWithoutParam {"name":"default","version":"1.0.0","description":"Please describe the basic information.","main":"","author":"","license":"","dependencies":{"video":"file:../../features/video","news":"file:../../features/news","quickstart":"file:../../features/quickstart","follow":"file:../../features/follows","mine":"file:../../features/mine","login":"file:../../features/login","uicomponents":"file:../../commons/uicomponents","utils":"file:../../commons/utils"}} at undefined
[2025-10-21T22:10:12.102] [DEBUG] debug-file - Module 'video' target 'default' using build option: {
  "debuggable": true,
  "copyFrom": "default",
  "name": "debug"
} in this build.
[2025-10-21T22:10:12.102] [DEBUG] debug-file - Module 'news' target 'default' using build option: {
  "debuggable": true,
  "copyFrom": "default",
  "name": "debug"
} in this build.
[2025-10-21T22:10:12.102] [DEBUG] debug-file - Module 'quickstart' target 'default' using build option: {
  "debuggable": true,
  "copyFrom": "default",
  "name": "debug"
} in this build.
[2025-10-21T22:10:12.102] [DEBUG] debug-file - Module 'follows' target 'default' using build option: {
  "debuggable": true,
  "copyFrom": "default",
  "name": "debug"
} in this build.
[2025-10-21T22:10:12.102] [DEBUG] debug-file - Module 'mine' target 'default' using build option: {
  "debuggable": true,
  "copyFrom": "default",
  "name": "debug"
} in this build.
[2025-10-21T22:10:12.102] [DEBUG] debug-file - Module 'login' target 'default' using build option: {
  "debuggable": true,
  "copyFrom": "default",
  "name": "debug"
} in this build.
[2025-10-21T22:10:12.102] [DEBUG] debug-file - Module 'uicomponents' target 'default' using build option: {
  "debuggable": true,
  "copyFrom": "default",
  "name": "debug"
} in this build.
[2025-10-21T22:10:12.102] [DEBUG] debug-file - Module 'utils' target 'default' using build option: {
  "debuggable": true,
  "copyFrom": "default",
  "name": "debug"
} in this build.
[2025-10-21T22:10:12.104] [DEBUG] debug-file - Executing task :default:default@GenerateLoaderJson
[2025-10-21T22:10:12.106] [DEBUG] debug-file - Module 'video' target 'default' using build option: {
  "debuggable": true,
  "copyFrom": "default",
  "name": "debug"
} in this build.
[2025-10-21T22:10:12.106] [DEBUG] debug-file - Module 'news' target 'default' using build option: {
  "debuggable": true,
  "copyFrom": "default",
  "name": "debug"
} in this build.
[2025-10-21T22:10:12.106] [DEBUG] debug-file - Module 'quickstart' target 'default' using build option: {
  "debuggable": true,
  "copyFrom": "default",
  "name": "debug"
} in this build.
[2025-10-21T22:10:12.107] [DEBUG] debug-file - Module 'follows' target 'default' using build option: {
  "debuggable": true,
  "copyFrom": "default",
  "name": "debug"
} in this build.
[2025-10-21T22:10:12.107] [DEBUG] debug-file - Module 'mine' target 'default' using build option: {
  "debuggable": true,
  "copyFrom": "default",
  "name": "debug"
} in this build.
[2025-10-21T22:10:12.107] [DEBUG] debug-file - Module 'login' target 'default' using build option: {
  "debuggable": true,
  "copyFrom": "default",
  "name": "debug"
} in this build.
[2025-10-21T22:10:12.107] [DEBUG] debug-file - Module 'uicomponents' target 'default' using build option: {
  "debuggable": true,
  "copyFrom": "default",
  "name": "debug"
} in this build.
[2025-10-21T22:10:12.107] [DEBUG] debug-file - Module 'utils' target 'default' using build option: {
  "debuggable": true,
  "copyFrom": "default",
  "name": "debug"
} in this build.
[2025-10-21T22:10:12.108] [DEBUG] debug-file - Module 'video' target 'default' using build option: {
  "debuggable": true,
  "copyFrom": "default",
  "name": "debug"
} in this build.
[2025-10-21T22:10:12.108] [DEBUG] debug-file - Module 'news' target 'default' using build option: {
  "debuggable": true,
  "copyFrom": "default",
  "name": "debug"
} in this build.
[2025-10-21T22:10:12.108] [DEBUG] debug-file - Module 'quickstart' target 'default' using build option: {
  "debuggable": true,
  "copyFrom": "default",
  "name": "debug"
} in this build.
[2025-10-21T22:10:12.108] [DEBUG] debug-file - Module 'follows' target 'default' using build option: {
  "debuggable": true,
  "copyFrom": "default",
  "name": "debug"
} in this build.
[2025-10-21T22:10:12.108] [DEBUG] debug-file - Module 'mine' target 'default' using build option: {
  "debuggable": true,
  "copyFrom": "default",
  "name": "debug"
} in this build.
[2025-10-21T22:10:12.108] [DEBUG] debug-file - Module 'login' target 'default' using build option: {
  "debuggable": true,
  "copyFrom": "default",
  "name": "debug"
} in this build.
[2025-10-21T22:10:12.108] [DEBUG] debug-file - Module 'uicomponents' target 'default' using build option: {
  "debuggable": true,
  "copyFrom": "default",
  "name": "debug"
} in this build.
[2025-10-21T22:10:12.108] [DEBUG] debug-file - Module 'utils' target 'default' using build option: {
  "debuggable": true,
  "copyFrom": "default",
  "name": "debug"
} in this build.
[2025-10-21T22:10:12.110] [DEBUG] debug-file - Module 'video' target 'default' using build option: {
  "debuggable": true,
  "copyFrom": "default",
  "name": "debug"
} in this build.
[2025-10-21T22:10:12.110] [DEBUG] debug-file - Module 'news' target 'default' using build option: {
  "debuggable": true,
  "copyFrom": "default",
  "name": "debug"
} in this build.
[2025-10-21T22:10:12.110] [DEBUG] debug-file - Module 'quickstart' target 'default' using build option: {
  "debuggable": true,
  "copyFrom": "default",
  "name": "debug"
} in this build.
[2025-10-21T22:10:12.110] [DEBUG] debug-file - Module 'follows' target 'default' using build option: {
  "debuggable": true,
  "copyFrom": "default",
  "name": "debug"
} in this build.
[2025-10-21T22:10:12.110] [DEBUG] debug-file - Module 'mine' target 'default' using build option: {
  "debuggable": true,
  "copyFrom": "default",
  "name": "debug"
} in this build.
[2025-10-21T22:10:12.110] [DEBUG] debug-file - Module 'login' target 'default' using build option: {
  "debuggable": true,
  "copyFrom": "default",
  "name": "debug"
} in this build.
[2025-10-21T22:10:12.110] [DEBUG] debug-file - Module 'uicomponents' target 'default' using build option: {
  "debuggable": true,
  "copyFrom": "default",
  "name": "debug"
} in this build.
[2025-10-21T22:10:12.110] [DEBUG] debug-file - Module 'utils' target 'default' using build option: {
  "debuggable": true,
  "copyFrom": "default",
  "name": "debug"
} in this build.
[2025-10-21T22:10:12.112] [DEBUG] debug-file - Module 'video' target 'default' using build option: {
  "debuggable": true,
  "copyFrom": "default",
  "name": "debug"
} in this build.
[2025-10-21T22:10:12.112] [DEBUG] debug-file - Module 'news' target 'default' using build option: {
  "debuggable": true,
  "copyFrom": "default",
  "name": "debug"
} in this build.
[2025-10-21T22:10:12.112] [DEBUG] debug-file - Module 'quickstart' target 'default' using build option: {
  "debuggable": true,
  "copyFrom": "default",
  "name": "debug"
} in this build.
[2025-10-21T22:10:12.112] [DEBUG] debug-file - Module 'follows' target 'default' using build option: {
  "debuggable": true,
  "copyFrom": "default",
  "name": "debug"
} in this build.
[2025-10-21T22:10:12.112] [DEBUG] debug-file - Module 'mine' target 'default' using build option: {
  "debuggable": true,
  "copyFrom": "default",
  "name": "debug"
} in this build.
[2025-10-21T22:10:12.112] [DEBUG] debug-file - Module 'login' target 'default' using build option: {
  "debuggable": true,
  "copyFrom": "default",
  "name": "debug"
} in this build.
[2025-10-21T22:10:12.112] [DEBUG] debug-file - Module 'uicomponents' target 'default' using build option: {
  "debuggable": true,
  "copyFrom": "default",
  "name": "debug"
} in this build.
[2025-10-21T22:10:12.112] [DEBUG] debug-file - Module 'utils' target 'default' using build option: {
  "debuggable": true,
  "copyFrom": "default",
  "name": "debug"
} in this build.
[2025-10-21T22:10:12.113] [DEBUG] debug-file - Module 'video' target 'default' using build option: {
  "debuggable": true,
  "copyFrom": "default",
  "name": "debug"
} in this build.
[2025-10-21T22:10:12.113] [DEBUG] debug-file - Module 'news' target 'default' using build option: {
  "debuggable": true,
  "copyFrom": "default",
  "name": "debug"
} in this build.
[2025-10-21T22:10:12.113] [DEBUG] debug-file - Module 'quickstart' target 'default' using build option: {
  "debuggable": true,
  "copyFrom": "default",
  "name": "debug"
} in this build.
[2025-10-21T22:10:12.114] [DEBUG] debug-file - Module 'follows' target 'default' using build option: {
  "debuggable": true,
  "copyFrom": "default",
  "name": "debug"
} in this build.
[2025-10-21T22:10:12.114] [DEBUG] debug-file - Module 'mine' target 'default' using build option: {
  "debuggable": true,
  "copyFrom": "default",
  "name": "debug"
} in this build.
[2025-10-21T22:10:12.114] [DEBUG] debug-file - Module 'login' target 'default' using build option: {
  "debuggable": true,
  "copyFrom": "default",
  "name": "debug"
} in this build.
[2025-10-21T22:10:12.114] [DEBUG] debug-file - Module 'uicomponents' target 'default' using build option: {
  "debuggable": true,
  "copyFrom": "default",
  "name": "debug"
} in this build.
[2025-10-21T22:10:12.114] [DEBUG] debug-file - Module 'utils' target 'default' using build option: {
  "debuggable": true,
  "copyFrom": "default",
  "name": "debug"
} in this build.
[2025-10-21T22:10:12.114] [DEBUG] debug-file - Incremental task default:default@GenerateLoaderJson pre-execution cost: 6 ms .
[2025-10-21T22:10:12.114] [DEBUG] debug-file - default : default@GenerateLoaderJson cost memory 1.244354248046875
[2025-10-21T22:10:12.116] [DEBUG] debug-file - Module 'video' target 'default' using build option: {
  "debuggable": true,
  "copyFrom": "default",
  "name": "debug"
} in this build.
[2025-10-21T22:10:12.117] [DEBUG] debug-file - Module 'news' target 'default' using build option: {
  "debuggable": true,
  "copyFrom": "default",
  "name": "debug"
} in this build.
[2025-10-21T22:10:12.117] [DEBUG] debug-file - Module 'quickstart' target 'default' using build option: {
  "debuggable": true,
  "copyFrom": "default",
  "name": "debug"
} in this build.
[2025-10-21T22:10:12.117] [DEBUG] debug-file - Module 'follows' target 'default' using build option: {
  "debuggable": true,
  "copyFrom": "default",
  "name": "debug"
} in this build.
[2025-10-21T22:10:12.117] [DEBUG] debug-file - Module 'mine' target 'default' using build option: {
  "debuggable": true,
  "copyFrom": "default",
  "name": "debug"
} in this build.
[2025-10-21T22:10:12.117] [DEBUG] debug-file - Module 'login' target 'default' using build option: {
  "debuggable": true,
  "copyFrom": "default",
  "name": "debug"
} in this build.
[2025-10-21T22:10:12.117] [DEBUG] debug-file - Module 'uicomponents' target 'default' using build option: {
  "debuggable": true,
  "copyFrom": "default",
  "name": "debug"
} in this build.
[2025-10-21T22:10:12.117] [DEBUG] debug-file - Module 'utils' target 'default' using build option: {
  "debuggable": true,
  "copyFrom": "default",
  "name": "debug"
} in this build.
[2025-10-21T22:10:12.119] [DEBUG] debug-file - Module 'video' target 'default' using build option: {
  "debuggable": true,
  "copyFrom": "default",
  "name": "debug"
} in this build.
[2025-10-21T22:10:12.119] [DEBUG] debug-file - Module 'news' target 'default' using build option: {
  "debuggable": true,
  "copyFrom": "default",
  "name": "debug"
} in this build.
[2025-10-21T22:10:12.119] [DEBUG] debug-file - Module 'quickstart' target 'default' using build option: {
  "debuggable": true,
  "copyFrom": "default",
  "name": "debug"
} in this build.
[2025-10-21T22:10:12.119] [DEBUG] debug-file - Module 'follows' target 'default' using build option: {
  "debuggable": true,
  "copyFrom": "default",
  "name": "debug"
} in this build.
[2025-10-21T22:10:12.119] [DEBUG] debug-file - Module 'mine' target 'default' using build option: {
  "debuggable": true,
  "copyFrom": "default",
  "name": "debug"
} in this build.
[2025-10-21T22:10:12.119] [DEBUG] debug-file - Module 'login' target 'default' using build option: {
  "debuggable": true,
  "copyFrom": "default",
  "name": "debug"
} in this build.
[2025-10-21T22:10:12.119] [DEBUG] debug-file - Module 'uicomponents' target 'default' using build option: {
  "debuggable": true,
  "copyFrom": "default",
  "name": "debug"
} in this build.
[2025-10-21T22:10:12.119] [DEBUG] debug-file - Module 'utils' target 'default' using build option: {
  "debuggable": true,
  "copyFrom": "default",
  "name": "debug"
} in this build.
[2025-10-21T22:10:12.120] [INFO] debug-file - UP-TO-DATE :default:default@GenerateLoaderJson...  
[2025-10-21T22:10:12.121] [DEBUG] debug-file - jsonObjWithoutParam {"login":"file:../login"} at undefined
[2025-10-21T22:10:12.121] [DEBUG] debug-file - jsonObjWithoutParam {"name":"mine","version":"1.0.0","description":"Please describe the basic information.","main":"Index.ets","author":"","license":"Apache-2.0","dependencies":{"login":"file:../login"}} at undefined
[2025-10-21T22:10:12.122] [DEBUG] debug-file - Executing task :mine:default@CreateHarBuildProfile
[2025-10-21T22:10:12.122] [DEBUG] debug-file - Task 'mine:default@CreateHarBuildProfile' cost while wrapping incremental declarations: 1 ms 
[2025-10-21T22:10:12.122] [DEBUG] debug-file - Incremental task mine:default@CreateHarBuildProfile pre-execution cost: 1 ms .
[2025-10-21T22:10:12.122] [DEBUG] debug-file - mine : default@CreateHarBuildProfile cost memory 0.0831298828125
[2025-10-21T22:10:12.123] [INFO] debug-file - UP-TO-DATE :mine:default@CreateHarBuildProfile...  
[2025-10-21T22:10:12.125] [DEBUG] debug-file - jsonObjWithoutParam {} at undefined
[2025-10-21T22:10:12.125] [DEBUG] debug-file - jsonObjWithoutParam {"name":"utils","version":"1.0.0","description":"Please describe the basic information.","main":"Index.ets","author":"","license":"Apache-2.0","dependencies":{}} at undefined
[2025-10-21T22:10:12.126] [DEBUG] debug-file - Executing task :utils:default@BuildNativeWithNinja
[2025-10-21T22:10:12.126] [DEBUG] debug-file - jsonObjWithoutParam {} at undefined
[2025-10-21T22:10:12.126] [DEBUG] debug-file - jsonObjWithoutParam {"name":"utils","version":"1.0.0","description":"Please describe the basic information.","main":"Index.ets","author":"","license":"Apache-2.0","dependencies":{}} at undefined
[2025-10-21T22:10:12.126] [DEBUG] debug-file - utils : default@BuildNativeWithNinja cost memory 0.0560455322265625
[2025-10-21T22:10:12.127] [DEBUG] debug-file - runTaskFromQueue task cost before running: 465 ms 
[2025-10-21T22:10:12.127] [INFO] debug-file - Finished :utils:default@BuildNativeWithNinja... after 1 ms 
[2025-10-21T22:10:12.128] [DEBUG] debug-file - jsonObjWithoutParam {"utils":"file:../../commons/utils","BackendConfig":"file:../../commons/utils"} at undefined
[2025-10-21T22:10:12.128] [DEBUG] debug-file - jsonObjWithoutParam {"name":"login","version":"1.0.0","description":"Please describe the basic information.","main":"Index.ets","author":"","license":"Apache-2.0","dependencies":{"utils":"file:../../commons/utils","BackendConfig":"file:../../commons/utils"}} at undefined
[2025-10-21T22:10:12.129] [DEBUG] debug-file - Executing task :login:default@ConfigureCmake
[2025-10-21T22:10:12.129] [DEBUG] debug-file - jsonObjWithoutParam {"utils":"file:../../commons/utils","BackendConfig":"file:../../commons/utils"} at undefined
[2025-10-21T22:10:12.129] [DEBUG] debug-file - jsonObjWithoutParam {"name":"login","version":"1.0.0","description":"Please describe the basic information.","main":"Index.ets","author":"","license":"Apache-2.0","dependencies":{"utils":"file:../../commons/utils","BackendConfig":"file:../../commons/utils"}} at undefined
[2025-10-21T22:10:12.129] [DEBUG] debug-file - login : default@ConfigureCmake cost memory 0.03911590576171875
[2025-10-21T22:10:12.129] [DEBUG] debug-file - runTaskFromQueue task cost before running: 467 ms 
[2025-10-21T22:10:12.129] [INFO] debug-file - Finished :login:default@ConfigureCmake... after 1 ms 
[2025-10-21T22:10:12.131] [DEBUG] debug-file - jsonObjWithoutParam {"login":"file:../login"} at undefined
[2025-10-21T22:10:12.131] [DEBUG] debug-file - jsonObjWithoutParam {"name":"mine","version":"1.0.0","description":"Please describe the basic information.","main":"Index.ets","author":"","license":"Apache-2.0","dependencies":{"login":"file:../login"}} at undefined
[2025-10-21T22:10:12.132] [DEBUG] debug-file - Executing task :mine:default@MergeProfile
[2025-10-21T22:10:12.134] [DEBUG] debug-file - Incremental task mine:default@MergeProfile pre-execution cost: 1 ms .
[2025-10-21T22:10:12.134] [DEBUG] debug-file - mine : default@MergeProfile cost memory 0.17307281494140625
[2025-10-21T22:10:12.135] [INFO] debug-file - UP-TO-DATE :mine:default@MergeProfile...  
[2025-10-21T22:10:12.136] [DEBUG] debug-file - jsonObjWithoutParam {"utils":"file:../../commons/utils","uicomponents":"file:../../commons/uicomponents"} at undefined
[2025-10-21T22:10:12.136] [DEBUG] debug-file - jsonObjWithoutParam {"name":"news","version":"1.0.0","description":"Please describe the basic information.","main":"Index.ets","author":"","license":"Apache-2.0","dependencies":{"utils":"file:../../commons/utils","uicomponents":"file:../../commons/uicomponents"}} at undefined
[2025-10-21T22:10:12.136] [DEBUG] debug-file - Executing task :news:default@ConfigureCmake
[2025-10-21T22:10:12.136] [DEBUG] debug-file - jsonObjWithoutParam {"utils":"file:../../commons/utils","uicomponents":"file:../../commons/uicomponents"} at undefined
[2025-10-21T22:10:12.136] [DEBUG] debug-file - jsonObjWithoutParam {"name":"news","version":"1.0.0","description":"Please describe the basic information.","main":"Index.ets","author":"","license":"Apache-2.0","dependencies":{"utils":"file:../../commons/utils","uicomponents":"file:../../commons/uicomponents"}} at undefined
[2025-10-21T22:10:12.136] [DEBUG] debug-file - news : default@ConfigureCmake cost memory 0.039154052734375
[2025-10-21T22:10:12.136] [DEBUG] debug-file - runTaskFromQueue task cost before running: 475 ms 
[2025-10-21T22:10:12.136] [INFO] debug-file - Finished :news:default@ConfigureCmake... after 1 ms 
[2025-10-21T22:10:12.138] [DEBUG] debug-file - jsonObjWithoutParam {"utils":"file:../../commons/utils","uicomponents":"file:../../commons/uicomponents"} at undefined
[2025-10-21T22:10:12.138] [DEBUG] debug-file - jsonObjWithoutParam {"name":"video","version":"1.0.0","description":"Please describe the basic information.","main":"Index.ets","author":"","license":"Apache-2.0","dependencies":{"utils":"file:../../commons/utils","uicomponents":"file:../../commons/uicomponents"}} at undefined
[2025-10-21T22:10:12.138] [DEBUG] debug-file - Executing task :video:default@ConfigureCmake
[2025-10-21T22:10:12.138] [DEBUG] debug-file - jsonObjWithoutParam {"utils":"file:../../commons/utils","uicomponents":"file:../../commons/uicomponents"} at undefined
[2025-10-21T22:10:12.138] [DEBUG] debug-file - jsonObjWithoutParam {"name":"video","version":"1.0.0","description":"Please describe the basic information.","main":"Index.ets","author":"","license":"Apache-2.0","dependencies":{"utils":"file:../../commons/utils","uicomponents":"file:../../commons/uicomponents"}} at undefined
[2025-10-21T22:10:12.138] [DEBUG] debug-file - video : default@ConfigureCmake cost memory 0.03917694091796875
[2025-10-21T22:10:12.138] [DEBUG] debug-file - runTaskFromQueue task cost before running: 476 ms 
[2025-10-21T22:10:12.138] [INFO] debug-file - Finished :video:default@ConfigureCmake... after 1 ms 
[2025-10-21T22:10:12.139] [DEBUG] debug-file - jsonObjWithoutParam {"utils":"file:../../commons/utils","uicomponents":"file:../../commons/uicomponents"} at undefined
[2025-10-21T22:10:12.140] [DEBUG] debug-file - jsonObjWithoutParam {"name":"quickstart","version":"1.0.0","description":"Please describe the basic information.","main":"Index.ets","author":"","license":"Apache-2.0","dependencies":{"utils":"file:../../commons/utils","uicomponents":"file:../../commons/uicomponents"}} at undefined
[2025-10-21T22:10:12.140] [DEBUG] debug-file - Executing task :quickstart:default@ConfigureCmake
[2025-10-21T22:10:12.140] [DEBUG] debug-file - jsonObjWithoutParam {"utils":"file:../../commons/utils","uicomponents":"file:../../commons/uicomponents"} at undefined
[2025-10-21T22:10:12.140] [DEBUG] debug-file - jsonObjWithoutParam {"name":"quickstart","version":"1.0.0","description":"Please describe the basic information.","main":"Index.ets","author":"","license":"Apache-2.0","dependencies":{"utils":"file:../../commons/utils","uicomponents":"file:../../commons/uicomponents"}} at undefined
[2025-10-21T22:10:12.140] [DEBUG] debug-file - quickstart : default@ConfigureCmake cost memory 0.040283203125
[2025-10-21T22:10:12.140] [DEBUG] debug-file - runTaskFromQueue task cost before running: 478 ms 
[2025-10-21T22:10:12.140] [INFO] debug-file - Finished :quickstart:default@ConfigureCmake... after 1 ms 
[2025-10-21T22:10:12.141] [DEBUG] debug-file - jsonObjWithoutParam {} at undefined
[2025-10-21T22:10:12.141] [DEBUG] debug-file - jsonObjWithoutParam {"name":"uicomponents","version":"1.0.0","description":"Please describe the basic information.","main":"Index.ets","author":"","license":"Apache-2.0","dependencies":{}} at undefined
[2025-10-21T22:10:12.142] [DEBUG] debug-file - Executing task :uicomponents:default@BuildNativeWithNinja
[2025-10-21T22:10:12.142] [DEBUG] debug-file - jsonObjWithoutParam {} at undefined
[2025-10-21T22:10:12.142] [DEBUG] debug-file - jsonObjWithoutParam {"name":"uicomponents","version":"1.0.0","description":"Please describe the basic information.","main":"Index.ets","author":"","license":"Apache-2.0","dependencies":{}} at undefined
[2025-10-21T22:10:12.142] [DEBUG] debug-file - uicomponents : default@BuildNativeWithNinja cost memory 0.0563812255859375
[2025-10-21T22:10:12.142] [DEBUG] debug-file - runTaskFromQueue task cost before running: 480 ms 
[2025-10-21T22:10:12.143] [INFO] debug-file - Finished :uicomponents:default@BuildNativeWithNinja... after 1 ms 
[2025-10-21T22:10:12.144] [DEBUG] debug-file - jsonObjWithoutParam {"uicomponents":"file:../../commons/uicomponents","utils":"file:../../commons/utils"} at undefined
[2025-10-21T22:10:12.144] [DEBUG] debug-file - jsonObjWithoutParam {"name":"follows","version":"1.0.0","description":"Please describe the basic information.","main":"Index.ets","author":"","license":"Apache-2.0","dependencies":{"uicomponents":"file:../../commons/uicomponents","utils":"file:../../commons/utils"}} at undefined
[2025-10-21T22:10:12.144] [DEBUG] debug-file - Executing task :follows:default@ConfigureCmake
[2025-10-21T22:10:12.144] [DEBUG] debug-file - jsonObjWithoutParam {"uicomponents":"file:../../commons/uicomponents","utils":"file:../../commons/utils"} at undefined
[2025-10-21T22:10:12.144] [DEBUG] debug-file - jsonObjWithoutParam {"name":"follows","version":"1.0.0","description":"Please describe the basic information.","main":"Index.ets","author":"","license":"Apache-2.0","dependencies":{"uicomponents":"file:../../commons/uicomponents","utils":"file:../../commons/utils"}} at undefined
[2025-10-21T22:10:12.144] [DEBUG] debug-file - follows : default@ConfigureCmake cost memory 0.04022979736328125
[2025-10-21T22:10:12.144] [DEBUG] debug-file - runTaskFromQueue task cost before running: 482 ms 
[2025-10-21T22:10:12.144] [INFO] debug-file - Finished :follows:default@ConfigureCmake... after 1 ms 
[2025-10-21T22:10:12.145] [DEBUG] debug-file - jsonObjWithoutParam {"video":"file:../../features/video","news":"file:../../features/news","quickstart":"file:../../features/quickstart","follow":"file:../../features/follows","mine":"file:../../features/mine","login":"file:../../features/login","uicomponents":"file:../../commons/uicomponents","utils":"file:../../commons/utils"} at undefined
[2025-10-21T22:10:12.145] [DEBUG] debug-file - jsonObjWithoutParam {"name":"default","version":"1.0.0","description":"Please describe the basic information.","main":"","author":"","license":"","dependencies":{"video":"file:../../features/video","news":"file:../../features/news","quickstart":"file:../../features/quickstart","follow":"file:../../features/follows","mine":"file:../../features/mine","login":"file:../../features/login","uicomponents":"file:../../commons/uicomponents","utils":"file:../../commons/utils"}} at undefined
[2025-10-21T22:10:12.146] [DEBUG] debug-file - Executing task :default:default@CreateBuildProfile
[2025-10-21T22:10:12.146] [DEBUG] debug-file - Task 'default:default@CreateBuildProfile' cost while wrapping incremental declarations: 1 ms 
[2025-10-21T22:10:12.147] [DEBUG] debug-file - Incremental task default:default@CreateBuildProfile pre-execution cost: 1 ms .
[2025-10-21T22:10:12.147] [DEBUG] debug-file - default : default@CreateBuildProfile cost memory 0.10144805908203125
[2025-10-21T22:10:12.147] [INFO] debug-file - UP-TO-DATE :default:default@CreateBuildProfile...  
[2025-10-21T22:10:12.149] [DEBUG] debug-file - jsonObjWithoutParam {} at undefined
[2025-10-21T22:10:12.149] [DEBUG] debug-file - jsonObjWithoutParam {"name":"utils","version":"1.0.0","description":"Please describe the basic information.","main":"Index.ets","author":"","license":"Apache-2.0","dependencies":{}} at undefined
[2025-10-21T22:10:12.149] [DEBUG] debug-file - Executing task :utils:default@ProcessLibs
[2025-10-21T22:10:12.151] [DEBUG] debug-file - Incremental task utils:default@ProcessLibs pre-execution cost: 1 ms .
[2025-10-21T22:10:12.151] [DEBUG] debug-file - utils : default@ProcessLibs cost memory 0.1334228515625
[2025-10-21T22:10:12.151] [INFO] debug-file - UP-TO-DATE :utils:default@ProcessLibs...  
[2025-10-21T22:10:12.152] [DEBUG] debug-file - jsonObjWithoutParam {"utils":"file:../../commons/utils","BackendConfig":"file:../../commons/utils"} at undefined
[2025-10-21T22:10:12.152] [DEBUG] debug-file - jsonObjWithoutParam {"name":"login","version":"1.0.0","description":"Please describe the basic information.","main":"Index.ets","author":"","license":"Apache-2.0","dependencies":{"utils":"file:../../commons/utils","BackendConfig":"file:../../commons/utils"}} at undefined
[2025-10-21T22:10:12.152] [DEBUG] debug-file - Executing task :login:default@BuildNativeWithCmake
[2025-10-21T22:10:12.153] [DEBUG] debug-file - jsonObjWithoutParam {"utils":"file:../../commons/utils","BackendConfig":"file:../../commons/utils"} at undefined
[2025-10-21T22:10:12.153] [DEBUG] debug-file - jsonObjWithoutParam {"name":"login","version":"1.0.0","description":"Please describe the basic information.","main":"Index.ets","author":"","license":"Apache-2.0","dependencies":{"utils":"file:../../commons/utils","BackendConfig":"file:../../commons/utils"}} at undefined
[2025-10-21T22:10:12.153] [DEBUG] debug-file - login : default@BuildNativeWithCmake cost memory 0.0401458740234375
[2025-10-21T22:10:12.153] [DEBUG] debug-file - runTaskFromQueue task cost before running: 491 ms 
[2025-10-21T22:10:12.153] [INFO] debug-file - Finished :login:default@BuildNativeWithCmake... after 1 ms 
[2025-10-21T22:10:12.154] [DEBUG] debug-file - jsonObjWithoutParam {"video":"file:../../features/video","news":"file:../../features/news","quickstart":"file:../../features/quickstart","follow":"file:../../features/follows","mine":"file:../../features/mine","login":"file:../../features/login","uicomponents":"file:../../commons/uicomponents","utils":"file:../../commons/utils"} at undefined
[2025-10-21T22:10:12.154] [DEBUG] debug-file - jsonObjWithoutParam {"name":"default","version":"1.0.0","description":"Please describe the basic information.","main":"","author":"","license":"","dependencies":{"video":"file:../../features/video","news":"file:../../features/news","quickstart":"file:../../features/quickstart","follow":"file:../../features/follows","mine":"file:../../features/mine","login":"file:../../features/login","uicomponents":"file:../../commons/uicomponents","utils":"file:../../commons/utils"}} at undefined
[2025-10-21T22:10:12.155] [DEBUG] debug-file - Executing task :default:default@MergeProfile
[2025-10-21T22:10:12.158] [DEBUG] debug-file - Incremental task default:default@MergeProfile pre-execution cost: 2 ms .
[2025-10-21T22:10:12.158] [DEBUG] debug-file - default : default@MergeProfile cost memory 0.399749755859375
[2025-10-21T22:10:12.158] [INFO] debug-file - UP-TO-DATE :default:default@MergeProfile...  
[2025-10-21T22:10:12.160] [DEBUG] debug-file - jsonObjWithoutParam {"utils":"file:../../commons/utils","uicomponents":"file:../../commons/uicomponents"} at undefined
[2025-10-21T22:10:12.160] [DEBUG] debug-file - jsonObjWithoutParam {"name":"news","version":"1.0.0","description":"Please describe the basic information.","main":"Index.ets","author":"","license":"Apache-2.0","dependencies":{"utils":"file:../../commons/utils","uicomponents":"file:../../commons/uicomponents"}} at undefined
[2025-10-21T22:10:12.160] [DEBUG] debug-file - Executing task :news:default@BuildNativeWithCmake
[2025-10-21T22:10:12.160] [DEBUG] debug-file - jsonObjWithoutParam {"utils":"file:../../commons/utils","uicomponents":"file:../../commons/uicomponents"} at undefined
[2025-10-21T22:10:12.160] [DEBUG] debug-file - jsonObjWithoutParam {"name":"news","version":"1.0.0","description":"Please describe the basic information.","main":"Index.ets","author":"","license":"Apache-2.0","dependencies":{"utils":"file:../../commons/utils","uicomponents":"file:../../commons/uicomponents"}} at undefined
[2025-10-21T22:10:12.160] [DEBUG] debug-file - news : default@BuildNativeWithCmake cost memory 0.04021453857421875
[2025-10-21T22:10:12.160] [DEBUG] debug-file - runTaskFromQueue task cost before running: 499 ms 
[2025-10-21T22:10:12.161] [INFO] debug-file - Finished :news:default@BuildNativeWithCmake... after 1 ms 
[2025-10-21T22:10:12.162] [DEBUG] debug-file - jsonObjWithoutParam {"utils":"file:../../commons/utils","uicomponents":"file:../../commons/uicomponents"} at undefined
[2025-10-21T22:10:12.162] [DEBUG] debug-file - jsonObjWithoutParam {"name":"video","version":"1.0.0","description":"Please describe the basic information.","main":"Index.ets","author":"","license":"Apache-2.0","dependencies":{"utils":"file:../../commons/utils","uicomponents":"file:../../commons/uicomponents"}} at undefined
[2025-10-21T22:10:12.162] [DEBUG] debug-file - Executing task :video:default@BuildNativeWithCmake
[2025-10-21T22:10:12.163] [DEBUG] debug-file - jsonObjWithoutParam {"utils":"file:../../commons/utils","uicomponents":"file:../../commons/uicomponents"} at undefined
[2025-10-21T22:10:12.163] [DEBUG] debug-file - jsonObjWithoutParam {"name":"video","version":"1.0.0","description":"Please describe the basic information.","main":"Index.ets","author":"","license":"Apache-2.0","dependencies":{"utils":"file:../../commons/utils","uicomponents":"file:../../commons/uicomponents"}} at undefined
[2025-10-21T22:10:12.163] [DEBUG] debug-file - video : default@BuildNativeWithCmake cost memory 0.04022979736328125
[2025-10-21T22:10:12.163] [DEBUG] debug-file - runTaskFromQueue task cost before running: 501 ms 
[2025-10-21T22:10:12.163] [INFO] debug-file - Finished :video:default@BuildNativeWithCmake... after 1 ms 
[2025-10-21T22:10:12.164] [DEBUG] debug-file - jsonObjWithoutParam {"utils":"file:../../commons/utils","uicomponents":"file:../../commons/uicomponents"} at undefined
[2025-10-21T22:10:12.164] [DEBUG] debug-file - jsonObjWithoutParam {"name":"quickstart","version":"1.0.0","description":"Please describe the basic information.","main":"Index.ets","author":"","license":"Apache-2.0","dependencies":{"utils":"file:../../commons/utils","uicomponents":"file:../../commons/uicomponents"}} at undefined
[2025-10-21T22:10:12.165] [DEBUG] debug-file - Executing task :quickstart:default@BuildNativeWithCmake
[2025-10-21T22:10:12.165] [DEBUG] debug-file - jsonObjWithoutParam {"utils":"file:../../commons/utils","uicomponents":"file:../../commons/uicomponents"} at undefined
[2025-10-21T22:10:12.165] [DEBUG] debug-file - jsonObjWithoutParam {"name":"quickstart","version":"1.0.0","description":"Please describe the basic information.","main":"Index.ets","author":"","license":"Apache-2.0","dependencies":{"utils":"file:../../commons/utils","uicomponents":"file:../../commons/uicomponents"}} at undefined
[2025-10-21T22:10:12.165] [DEBUG] debug-file - quickstart : default@BuildNativeWithCmake cost memory 0.04256439208984375
[2025-10-21T22:10:12.165] [DEBUG] debug-file - runTaskFromQueue task cost before running: 503 ms 
[2025-10-21T22:10:12.165] [INFO] debug-file - Finished :quickstart:default@BuildNativeWithCmake... after 1 ms 
[2025-10-21T22:10:12.167] [DEBUG] debug-file - jsonObjWithoutParam {} at undefined
[2025-10-21T22:10:12.167] [DEBUG] debug-file - jsonObjWithoutParam {"name":"uicomponents","version":"1.0.0","description":"Please describe the basic information.","main":"Index.ets","author":"","license":"Apache-2.0","dependencies":{}} at undefined
[2025-10-21T22:10:12.167] [DEBUG] debug-file - Executing task :uicomponents:default@ProcessLibs
[2025-10-21T22:10:12.169] [DEBUG] debug-file - Incremental task uicomponents:default@ProcessLibs pre-execution cost: 1 ms .
[2025-10-21T22:10:12.169] [DEBUG] debug-file - uicomponents : default@ProcessLibs cost memory 0.1342620849609375
[2025-10-21T22:10:12.169] [INFO] debug-file - UP-TO-DATE :uicomponents:default@ProcessLibs...  
[2025-10-21T22:10:12.171] [DEBUG] debug-file - jsonObjWithoutParam {"uicomponents":"file:../../commons/uicomponents","utils":"file:../../commons/utils"} at undefined
[2025-10-21T22:10:12.171] [DEBUG] debug-file - jsonObjWithoutParam {"name":"follows","version":"1.0.0","description":"Please describe the basic information.","main":"Index.ets","author":"","license":"Apache-2.0","dependencies":{"uicomponents":"file:../../commons/uicomponents","utils":"file:../../commons/utils"}} at undefined
[2025-10-21T22:10:12.171] [DEBUG] debug-file - Executing task :follows:default@BuildNativeWithCmake
[2025-10-21T22:10:12.172] [DEBUG] debug-file - jsonObjWithoutParam {"uicomponents":"file:../../commons/uicomponents","utils":"file:../../commons/utils"} at undefined
[2025-10-21T22:10:12.172] [DEBUG] debug-file - jsonObjWithoutParam {"name":"follows","version":"1.0.0","description":"Please describe the basic information.","main":"Index.ets","author":"","license":"Apache-2.0","dependencies":{"uicomponents":"file:../../commons/uicomponents","utils":"file:../../commons/utils"}} at undefined
[2025-10-21T22:10:12.172] [DEBUG] debug-file - follows : default@BuildNativeWithCmake cost memory 0.04026031494140625
[2025-10-21T22:10:12.172] [DEBUG] debug-file - runTaskFromQueue task cost before running: 510 ms 
[2025-10-21T22:10:12.172] [INFO] debug-file - Finished :follows:default@BuildNativeWithCmake... after 1 ms 
[2025-10-21T22:10:12.173] [DEBUG] debug-file - jsonObjWithoutParam {} at undefined
[2025-10-21T22:10:12.174] [DEBUG] debug-file - jsonObjWithoutParam {"name":"utils","version":"1.0.0","description":"Please describe the basic information.","main":"Index.ets","author":"","license":"Apache-2.0","dependencies":{}} at undefined
[2025-10-21T22:10:12.175] [DEBUG] debug-file - Executing task :utils:default@DoNativeStrip
[2025-10-21T22:10:12.175] [DEBUG] debug-file - Task 'utils:default@DoNativeStrip' cost while wrapping incremental declarations: 1 ms 
[2025-10-21T22:10:12.176] [DEBUG] debug-file - Incremental task utils:default@DoNativeStrip pre-execution cost: 1 ms .
[2025-10-21T22:10:12.176] [DEBUG] debug-file - utils : default@DoNativeStrip cost memory 0.07586669921875
[2025-10-21T22:10:12.176] [INFO] debug-file - UP-TO-DATE :utils:default@DoNativeStrip...  
[2025-10-21T22:10:12.177] [DEBUG] debug-file - jsonObjWithoutParam {"login":"file:../login"} at undefined
[2025-10-21T22:10:12.177] [DEBUG] debug-file - jsonObjWithoutParam {"name":"mine","version":"1.0.0","description":"Please describe the basic information.","main":"Index.ets","author":"","license":"Apache-2.0","dependencies":{"login":"file:../login"}} at undefined
[2025-10-21T22:10:12.178] [DEBUG] debug-file - Executing task :mine:default@ConfigureCmake
[2025-10-21T22:10:12.178] [DEBUG] debug-file - jsonObjWithoutParam {"login":"file:../login"} at undefined
[2025-10-21T22:10:12.178] [DEBUG] debug-file - jsonObjWithoutParam {"name":"mine","version":"1.0.0","description":"Please describe the basic information.","main":"Index.ets","author":"","license":"Apache-2.0","dependencies":{"login":"file:../login"}} at undefined
[2025-10-21T22:10:12.178] [DEBUG] debug-file - mine : default@ConfigureCmake cost memory 0.04061126708984375
[2025-10-21T22:10:12.178] [DEBUG] debug-file - runTaskFromQueue task cost before running: 516 ms 
[2025-10-21T22:10:12.178] [INFO] debug-file - Finished :mine:default@ConfigureCmake... after 1 ms 
[2025-10-21T22:10:12.181] [DEBUG] debug-file - jsonObjWithoutParam {"video":"file:../../features/video","news":"file:../../features/news","quickstart":"file:../../features/quickstart","follow":"file:../../features/follows","mine":"file:../../features/mine","login":"file:../../features/login","uicomponents":"file:../../commons/uicomponents","utils":"file:../../commons/utils"} at undefined
[2025-10-21T22:10:12.181] [DEBUG] debug-file - jsonObjWithoutParam {"name":"default","version":"1.0.0","description":"Please describe the basic information.","main":"","author":"","license":"","dependencies":{"video":"file:../../features/video","news":"file:../../features/news","quickstart":"file:../../features/quickstart","follow":"file:../../features/follows","mine":"file:../../features/mine","login":"file:../../features/login","uicomponents":"file:../../commons/uicomponents","utils":"file:../../commons/utils"}} at undefined
[2025-10-21T22:10:12.182] [DEBUG] debug-file - Executing task :default:default@MakePackInfo
[2025-10-21T22:10:12.183] [DEBUG] debug-file - Incremental task default:default@MakePackInfo pre-execution cost: 2 ms .
[2025-10-21T22:10:12.184] [DEBUG] debug-file - default : default@MakePackInfo cost memory 0.15369415283203125
[2025-10-21T22:10:12.185] [INFO] debug-file - UP-TO-DATE :default:default@MakePackInfo...  
[2025-10-21T22:10:12.187] [DEBUG] debug-file - jsonObjWithoutParam {"video":"file:../../features/video","news":"file:../../features/news","quickstart":"file:../../features/quickstart","follow":"file:../../features/follows","mine":"file:../../features/mine","login":"file:../../features/login","uicomponents":"file:../../commons/uicomponents","utils":"file:../../commons/utils"} at undefined
[2025-10-21T22:10:12.187] [DEBUG] debug-file - jsonObjWithoutParam {"name":"default","version":"1.0.0","description":"Please describe the basic information.","main":"","author":"","license":"","dependencies":{"video":"file:../../features/video","news":"file:../../features/news","quickstart":"file:../../features/quickstart","follow":"file:../../features/follows","mine":"file:../../features/mine","login":"file:../../features/login","uicomponents":"file:../../commons/uicomponents","utils":"file:../../commons/utils"}} at undefined
[2025-10-21T22:10:12.188] [DEBUG] debug-file - Executing task :default:default@ProcessProfile
[2025-10-21T22:10:12.189] [DEBUG] debug-file - Incremental task default:default@ProcessProfile pre-execution cost: 1 ms .
[2025-10-21T22:10:12.189] [DEBUG] debug-file - default : default@ProcessProfile cost memory 0.11894989013671875
[2025-10-21T22:10:12.189] [INFO] debug-file - UP-TO-DATE :default:default@ProcessProfile...  
[2025-10-21T22:10:12.191] [DEBUG] debug-file - jsonObjWithoutParam {} at undefined
[2025-10-21T22:10:12.192] [DEBUG] debug-file - jsonObjWithoutParam {"name":"uicomponents","version":"1.0.0","description":"Please describe the basic information.","main":"Index.ets","author":"","license":"Apache-2.0","dependencies":{}} at undefined
[2025-10-21T22:10:12.193] [DEBUG] debug-file - Executing task :uicomponents:default@DoNativeStrip
[2025-10-21T22:10:12.193] [DEBUG] debug-file - Task 'uicomponents:default@DoNativeStrip' cost while wrapping incremental declarations: 1 ms 
[2025-10-21T22:10:12.193] [DEBUG] debug-file - Incremental task uicomponents:default@DoNativeStrip pre-execution cost: 1 ms .
[2025-10-21T22:10:12.194] [DEBUG] debug-file - uicomponents : default@DoNativeStrip cost memory 0.07631683349609375
[2025-10-21T22:10:12.194] [INFO] debug-file - UP-TO-DATE :uicomponents:default@DoNativeStrip...  
[2025-10-21T22:10:12.196] [DEBUG] debug-file - jsonObjWithoutParam {"utils":"file:../../commons/utils","BackendConfig":"file:../../commons/utils"} at undefined
[2025-10-21T22:10:12.196] [DEBUG] debug-file - jsonObjWithoutParam {"name":"login","version":"1.0.0","description":"Please describe the basic information.","main":"Index.ets","author":"","license":"Apache-2.0","dependencies":{"utils":"file:../../commons/utils","BackendConfig":"file:../../commons/utils"}} at undefined
[2025-10-21T22:10:12.196] [DEBUG] debug-file - Executing task :login:default@BuildNativeWithNinja
[2025-10-21T22:10:12.197] [DEBUG] debug-file - jsonObjWithoutParam {"utils":"file:../../commons/utils","BackendConfig":"file:../../commons/utils"} at undefined
[2025-10-21T22:10:12.197] [DEBUG] debug-file - jsonObjWithoutParam {"name":"login","version":"1.0.0","description":"Please describe the basic information.","main":"Index.ets","author":"","license":"Apache-2.0","dependencies":{"utils":"file:../../commons/utils","BackendConfig":"file:../../commons/utils"}} at undefined
[2025-10-21T22:10:12.197] [DEBUG] debug-file - login : default@BuildNativeWithNinja cost memory 0.05902099609375
[2025-10-21T22:10:12.197] [DEBUG] debug-file - runTaskFromQueue task cost before running: 536 ms 
[2025-10-21T22:10:12.198] [INFO] debug-file - Finished :login:default@BuildNativeWithNinja... after 2 ms 
[2025-10-21T22:10:12.200] [DEBUG] debug-file - jsonObjWithoutParam {"login":"file:../login"} at undefined
[2025-10-21T22:10:12.200] [DEBUG] debug-file - jsonObjWithoutParam {"name":"mine","version":"1.0.0","description":"Please describe the basic information.","main":"Index.ets","author":"","license":"Apache-2.0","dependencies":{"login":"file:../login"}} at undefined
[2025-10-21T22:10:12.201] [DEBUG] debug-file - Executing task :mine:default@BuildNativeWithCmake
[2025-10-21T22:10:12.201] [DEBUG] debug-file - jsonObjWithoutParam {"login":"file:../login"} at undefined
[2025-10-21T22:10:12.201] [DEBUG] debug-file - jsonObjWithoutParam {"name":"mine","version":"1.0.0","description":"Please describe the basic information.","main":"Index.ets","author":"","license":"Apache-2.0","dependencies":{"login":"file:../login"}} at undefined
[2025-10-21T22:10:12.201] [DEBUG] debug-file - mine : default@BuildNativeWithCmake cost memory 0.04174041748046875
[2025-10-21T22:10:12.201] [DEBUG] debug-file - runTaskFromQueue task cost before running: 539 ms 
[2025-10-21T22:10:12.201] [INFO] debug-file - Finished :mine:default@BuildNativeWithCmake... after 1 ms 
[2025-10-21T22:10:12.203] [DEBUG] debug-file - jsonObjWithoutParam {"video":"file:../../features/video","news":"file:../../features/news","quickstart":"file:../../features/quickstart","follow":"file:../../features/follows","mine":"file:../../features/mine","login":"file:../../features/login","uicomponents":"file:../../commons/uicomponents","utils":"file:../../commons/utils"} at undefined
[2025-10-21T22:10:12.203] [DEBUG] debug-file - jsonObjWithoutParam {"name":"default","version":"1.0.0","description":"Please describe the basic information.","main":"","author":"","license":"","dependencies":{"video":"file:../../features/video","news":"file:../../features/news","quickstart":"file:../../features/quickstart","follow":"file:../../features/follows","mine":"file:../../features/mine","login":"file:../../features/login","uicomponents":"file:../../commons/uicomponents","utils":"file:../../commons/utils"}} at undefined
[2025-10-21T22:10:12.204] [DEBUG] debug-file - restool module names: default,news,video,quickstart,utils,uicomponents,mine,login,follows; moduleName=default, taskName=default@ProcessResource
[2025-10-21T22:10:12.206] [DEBUG] debug-file - Executing task :default:default@ProcessResource
[2025-10-21T22:10:12.207] [DEBUG] debug-file - Incremental task default:default@ProcessResource pre-execution cost: 1 ms .
[2025-10-21T22:10:12.207] [DEBUG] debug-file - default : default@ProcessResource cost memory 0.1754150390625
[2025-10-21T22:10:12.210] [INFO] debug-file - UP-TO-DATE :default:default@ProcessResource...  
[2025-10-21T22:10:12.211] [DEBUG] debug-file - jsonObjWithoutParam {"utils":"file:../../commons/utils","uicomponents":"file:../../commons/uicomponents"} at undefined
[2025-10-21T22:10:12.211] [DEBUG] debug-file - jsonObjWithoutParam {"name":"news","version":"1.0.0","description":"Please describe the basic information.","main":"Index.ets","author":"","license":"Apache-2.0","dependencies":{"utils":"file:../../commons/utils","uicomponents":"file:../../commons/uicomponents"}} at undefined
[2025-10-21T22:10:12.217] [DEBUG] debug-file - Executing task :news:default@BuildNativeWithNinja
[2025-10-21T22:10:12.217] [DEBUG] debug-file - jsonObjWithoutParam {"utils":"file:../../commons/utils","uicomponents":"file:../../commons/uicomponents"} at undefined
[2025-10-21T22:10:12.217] [DEBUG] debug-file - jsonObjWithoutParam {"name":"news","version":"1.0.0","description":"Please describe the basic information.","main":"Index.ets","author":"","license":"Apache-2.0","dependencies":{"utils":"file:../../commons/utils","uicomponents":"file:../../commons/uicomponents"}} at undefined
[2025-10-21T22:10:12.218] [DEBUG] debug-file - news : default@BuildNativeWithNinja cost memory 0.05890655517578125
[2025-10-21T22:10:12.218] [DEBUG] debug-file - runTaskFromQueue task cost before running: 556 ms 
[2025-10-21T22:10:12.219] [INFO] debug-file - Finished :news:default@BuildNativeWithNinja... after 2 ms 
[2025-10-21T22:10:12.221] [DEBUG] debug-file - jsonObjWithoutParam {"utils":"file:../../commons/utils","uicomponents":"file:../../commons/uicomponents"} at undefined
[2025-10-21T22:10:12.221] [DEBUG] debug-file - jsonObjWithoutParam {"name":"video","version":"1.0.0","description":"Please describe the basic information.","main":"Index.ets","author":"","license":"Apache-2.0","dependencies":{"utils":"file:../../commons/utils","uicomponents":"file:../../commons/uicomponents"}} at undefined
[2025-10-21T22:10:12.221] [DEBUG] debug-file - Executing task :video:default@BuildNativeWithNinja
[2025-10-21T22:10:12.221] [DEBUG] debug-file - jsonObjWithoutParam {"utils":"file:../../commons/utils","uicomponents":"file:../../commons/uicomponents"} at undefined
[2025-10-21T22:10:12.222] [DEBUG] debug-file - jsonObjWithoutParam {"name":"video","version":"1.0.0","description":"Please describe the basic information.","main":"Index.ets","author":"","license":"Apache-2.0","dependencies":{"utils":"file:../../commons/utils","uicomponents":"file:../../commons/uicomponents"}} at undefined
[2025-10-21T22:10:12.222] [DEBUG] debug-file - video : default@BuildNativeWithNinja cost memory 0.059051513671875
[2025-10-21T22:10:12.222] [DEBUG] debug-file - runTaskFromQueue task cost before running: 560 ms 
[2025-10-21T22:10:12.222] [INFO] debug-file - Finished :video:default@BuildNativeWithNinja... after 1 ms 
[2025-10-21T22:10:12.224] [DEBUG] debug-file - jsonObjWithoutParam {"utils":"file:../../commons/utils","uicomponents":"file:../../commons/uicomponents"} at undefined
[2025-10-21T22:10:12.224] [DEBUG] debug-file - jsonObjWithoutParam {"name":"quickstart","version":"1.0.0","description":"Please describe the basic information.","main":"Index.ets","author":"","license":"Apache-2.0","dependencies":{"utils":"file:../../commons/utils","uicomponents":"file:../../commons/uicomponents"}} at undefined
[2025-10-21T22:10:12.224] [DEBUG] debug-file - Executing task :quickstart:default@BuildNativeWithNinja
[2025-10-21T22:10:12.224] [DEBUG] debug-file - jsonObjWithoutParam {"utils":"file:../../commons/utils","uicomponents":"file:../../commons/uicomponents"} at undefined
[2025-10-21T22:10:12.224] [DEBUG] debug-file - jsonObjWithoutParam {"name":"quickstart","version":"1.0.0","description":"Please describe the basic information.","main":"Index.ets","author":"","license":"Apache-2.0","dependencies":{"utils":"file:../../commons/utils","uicomponents":"file:../../commons/uicomponents"}} at undefined
[2025-10-21T22:10:12.225] [DEBUG] debug-file - quickstart : default@BuildNativeWithNinja cost memory 0.05925750732421875
[2025-10-21T22:10:12.225] [DEBUG] debug-file - runTaskFromQueue task cost before running: 563 ms 
[2025-10-21T22:10:12.225] [INFO] debug-file - Finished :quickstart:default@BuildNativeWithNinja... after 1 ms 
[2025-10-21T22:10:12.227] [DEBUG] debug-file - jsonObjWithoutParam {"uicomponents":"file:../../commons/uicomponents","utils":"file:../../commons/utils"} at undefined
[2025-10-21T22:10:12.227] [DEBUG] debug-file - jsonObjWithoutParam {"name":"follows","version":"1.0.0","description":"Please describe the basic information.","main":"Index.ets","author":"","license":"Apache-2.0","dependencies":{"uicomponents":"file:../../commons/uicomponents","utils":"file:../../commons/utils"}} at undefined
[2025-10-21T22:10:12.227] [DEBUG] debug-file - Executing task :follows:default@BuildNativeWithNinja
[2025-10-21T22:10:12.227] [DEBUG] debug-file - jsonObjWithoutParam {"uicomponents":"file:../../commons/uicomponents","utils":"file:../../commons/utils"} at undefined
[2025-10-21T22:10:12.227] [DEBUG] debug-file - jsonObjWithoutParam {"name":"follows","version":"1.0.0","description":"Please describe the basic information.","main":"Index.ets","author":"","license":"Apache-2.0","dependencies":{"uicomponents":"file:../../commons/uicomponents","utils":"file:../../commons/utils"}} at undefined
[2025-10-21T22:10:12.228] [DEBUG] debug-file - follows : default@BuildNativeWithNinja cost memory 0.05908203125
[2025-10-21T22:10:12.228] [DEBUG] debug-file - runTaskFromQueue task cost before running: 566 ms 
[2025-10-21T22:10:12.228] [INFO] debug-file - Finished :follows:default@BuildNativeWithNinja... after 1 ms 
[2025-10-21T22:10:12.230] [DEBUG] debug-file - jsonObjWithoutParam {"utils":"file:../../commons/utils","BackendConfig":"file:../../commons/utils"} at undefined
[2025-10-21T22:10:12.230] [DEBUG] debug-file - jsonObjWithoutParam {"name":"login","version":"1.0.0","description":"Please describe the basic information.","main":"Index.ets","author":"","license":"Apache-2.0","dependencies":{"utils":"file:../../commons/utils","BackendConfig":"file:../../commons/utils"}} at undefined
[2025-10-21T22:10:12.230] [DEBUG] debug-file - Executing task :login:default@ProcessLibs
[2025-10-21T22:10:12.232] [DEBUG] debug-file - Incremental task login:default@ProcessLibs pre-execution cost: 1 ms .
[2025-10-21T22:10:12.232] [DEBUG] debug-file - login : default@ProcessLibs cost memory 0.1328582763671875
[2025-10-21T22:10:12.232] [INFO] debug-file - UP-TO-DATE :login:default@ProcessLibs...  
[2025-10-21T22:10:12.234] [DEBUG] debug-file - jsonObjWithoutParam {"video":"file:../../features/video","news":"file:../../features/news","quickstart":"file:../../features/quickstart","follow":"file:../../features/follows","mine":"file:../../features/mine","login":"file:../../features/login","uicomponents":"file:../../commons/uicomponents","utils":"file:../../commons/utils"} at undefined
[2025-10-21T22:10:12.234] [DEBUG] debug-file - jsonObjWithoutParam {"name":"default","version":"1.0.0","description":"Please describe the basic information.","main":"","author":"","license":"","dependencies":{"video":"file:../../features/video","news":"file:../../features/news","quickstart":"file:../../features/quickstart","follow":"file:../../features/follows","mine":"file:../../features/mine","login":"file:../../features/login","uicomponents":"file:../../commons/uicomponents","utils":"file:../../commons/utils"}} at undefined
[2025-10-21T22:10:12.234] [DEBUG] debug-file - Executing task :default:default@ConfigureCmake
[2025-10-21T22:10:12.234] [DEBUG] debug-file - jsonObjWithoutParam {"video":"file:../../features/video","news":"file:../../features/news","quickstart":"file:../../features/quickstart","follow":"file:../../features/follows","mine":"file:../../features/mine","login":"file:../../features/login","uicomponents":"file:../../commons/uicomponents","utils":"file:../../commons/utils"} at undefined
[2025-10-21T22:10:12.234] [DEBUG] debug-file - jsonObjWithoutParam {"name":"default","version":"1.0.0","description":"Please describe the basic information.","main":"","author":"","license":"","dependencies":{"video":"file:../../features/video","news":"file:../../features/news","quickstart":"file:../../features/quickstart","follow":"file:../../features/follows","mine":"file:../../features/mine","login":"file:../../features/login","uicomponents":"file:../../commons/uicomponents","utils":"file:../../commons/utils"}} at undefined
[2025-10-21T22:10:12.234] [DEBUG] debug-file - default : default@ConfigureCmake cost memory 0.0497894287109375
[2025-10-21T22:10:12.235] [DEBUG] debug-file - runTaskFromQueue task cost before running: 573 ms 
[2025-10-21T22:10:12.235] [INFO] debug-file - Finished :default:default@ConfigureCmake... after 1 ms 
[2025-10-21T22:10:12.236] [DEBUG] debug-file - jsonObjWithoutParam {"video":"file:../../features/video","news":"file:../../features/news","quickstart":"file:../../features/quickstart","follow":"file:../../features/follows","mine":"file:../../features/mine","login":"file:../../features/login","uicomponents":"file:../../commons/uicomponents","utils":"file:../../commons/utils"} at undefined
[2025-10-21T22:10:12.236] [DEBUG] debug-file - jsonObjWithoutParam {"name":"default","version":"1.0.0","description":"Please describe the basic information.","main":"","author":"","license":"","dependencies":{"video":"file:../../features/video","news":"file:../../features/news","quickstart":"file:../../features/quickstart","follow":"file:../../features/follows","mine":"file:../../features/mine","login":"file:../../features/login","uicomponents":"file:../../commons/uicomponents","utils":"file:../../commons/utils"}} at undefined
[2025-10-21T22:10:12.237] [DEBUG] debug-file - restool module names: default,news,video,quickstart,utils,uicomponents,mine,login,follows; moduleName=default, taskName=default@CompileResource
[2025-10-21T22:10:12.239] [DEBUG] debug-file - Executing task :default:default@CompileResource
[2025-10-21T22:10:12.253] [DEBUG] debug-file - Incremental task default:default@CompileResource pre-execution cost: 14 ms .
[2025-10-21T22:10:12.253] [DEBUG] debug-file - default : default@CompileResource cost memory 2.2013778686523438
[2025-10-21T22:10:12.254] [INFO] debug-file - UP-TO-DATE :default:default@CompileResource...  
[2025-10-21T22:10:12.256] [DEBUG] debug-file - jsonObjWithoutParam {"utils":"file:../../commons/utils","uicomponents":"file:../../commons/uicomponents"} at undefined
[2025-10-21T22:10:12.256] [DEBUG] debug-file - jsonObjWithoutParam {"name":"news","version":"1.0.0","description":"Please describe the basic information.","main":"Index.ets","author":"","license":"Apache-2.0","dependencies":{"utils":"file:../../commons/utils","uicomponents":"file:../../commons/uicomponents"}} at undefined
[2025-10-21T22:10:12.256] [DEBUG] debug-file - Executing task :news:default@ProcessLibs
[2025-10-21T22:10:12.258] [DEBUG] debug-file - Incremental task news:default@ProcessLibs pre-execution cost: 1 ms .
[2025-10-21T22:10:12.259] [DEBUG] debug-file - news : default@ProcessLibs cost memory 0.13243865966796875
[2025-10-21T22:10:12.259] [INFO] debug-file - UP-TO-DATE :news:default@ProcessLibs...  
[2025-10-21T22:10:12.260] [DEBUG] debug-file - jsonObjWithoutParam {"utils":"file:../../commons/utils","uicomponents":"file:../../commons/uicomponents"} at undefined
[2025-10-21T22:10:12.260] [DEBUG] debug-file - jsonObjWithoutParam {"name":"video","version":"1.0.0","description":"Please describe the basic information.","main":"Index.ets","author":"","license":"Apache-2.0","dependencies":{"utils":"file:../../commons/utils","uicomponents":"file:../../commons/uicomponents"}} at undefined
[2025-10-21T22:10:12.261] [DEBUG] debug-file - Executing task :video:default@ProcessLibs
[2025-10-21T22:10:12.262] [DEBUG] debug-file - Incremental task video:default@ProcessLibs pre-execution cost: 1 ms .
[2025-10-21T22:10:12.262] [DEBUG] debug-file - video : default@ProcessLibs cost memory 0.13278961181640625
[2025-10-21T22:10:12.263] [INFO] debug-file - UP-TO-DATE :video:default@ProcessLibs...  
[2025-10-21T22:10:12.265] [DEBUG] debug-file - jsonObjWithoutParam {"utils":"file:../../commons/utils","uicomponents":"file:../../commons/uicomponents"} at undefined
[2025-10-21T22:10:12.265] [DEBUG] debug-file - jsonObjWithoutParam {"name":"quickstart","version":"1.0.0","description":"Please describe the basic information.","main":"Index.ets","author":"","license":"Apache-2.0","dependencies":{"utils":"file:../../commons/utils","uicomponents":"file:../../commons/uicomponents"}} at undefined
[2025-10-21T22:10:12.265] [DEBUG] debug-file - Executing task :quickstart:default@ProcessLibs
[2025-10-21T22:10:12.267] [DEBUG] debug-file - Incremental task quickstart:default@ProcessLibs pre-execution cost: 1 ms .
[2025-10-21T22:10:12.267] [DEBUG] debug-file - quickstart : default@ProcessLibs cost memory 0.138946533203125
[2025-10-21T22:10:12.268] [INFO] debug-file - UP-TO-DATE :quickstart:default@ProcessLibs...  
[2025-10-21T22:10:12.270] [DEBUG] debug-file - jsonObjWithoutParam {"uicomponents":"file:../../commons/uicomponents","utils":"file:../../commons/utils"} at undefined
[2025-10-21T22:10:12.270] [DEBUG] debug-file - jsonObjWithoutParam {"name":"follows","version":"1.0.0","description":"Please describe the basic information.","main":"Index.ets","author":"","license":"Apache-2.0","dependencies":{"uicomponents":"file:../../commons/uicomponents","utils":"file:../../commons/utils"}} at undefined
[2025-10-21T22:10:12.270] [DEBUG] debug-file - Executing task :follows:default@ProcessLibs
[2025-10-21T22:10:12.272] [DEBUG] debug-file - Incremental task follows:default@ProcessLibs pre-execution cost: 1 ms .
[2025-10-21T22:10:12.272] [DEBUG] debug-file - follows : default@ProcessLibs cost memory -6.750244140625
[2025-10-21T22:10:12.273] [INFO] debug-file - UP-TO-DATE :follows:default@ProcessLibs...  
[2025-10-21T22:10:12.274] [DEBUG] debug-file - jsonObjWithoutParam {"utils":"file:../../commons/utils","BackendConfig":"file:../../commons/utils"} at undefined
[2025-10-21T22:10:12.274] [DEBUG] debug-file - jsonObjWithoutParam {"name":"login","version":"1.0.0","description":"Please describe the basic information.","main":"Index.ets","author":"","license":"Apache-2.0","dependencies":{"utils":"file:../../commons/utils","BackendConfig":"file:../../commons/utils"}} at undefined
[2025-10-21T22:10:12.275] [DEBUG] debug-file - Executing task :login:default@DoNativeStrip
[2025-10-21T22:10:12.275] [DEBUG] debug-file - Task 'login:default@DoNativeStrip' cost while wrapping incremental declarations: 1 ms 
[2025-10-21T22:10:12.276] [DEBUG] debug-file - Incremental task login:default@DoNativeStrip pre-execution cost: 1 ms .
[2025-10-21T22:10:12.276] [DEBUG] debug-file - login : default@DoNativeStrip cost memory 0.0758056640625
[2025-10-21T22:10:12.276] [INFO] debug-file - UP-TO-DATE :login:default@DoNativeStrip...  
[2025-10-21T22:10:12.277] [DEBUG] debug-file - jsonObjWithoutParam {"video":"file:../../features/video","news":"file:../../features/news","quickstart":"file:../../features/quickstart","follow":"file:../../features/follows","mine":"file:../../features/mine","login":"file:../../features/login","uicomponents":"file:../../commons/uicomponents","utils":"file:../../commons/utils"} at undefined
[2025-10-21T22:10:12.277] [DEBUG] debug-file - jsonObjWithoutParam {"name":"default","version":"1.0.0","description":"Please describe the basic information.","main":"","author":"","license":"","dependencies":{"video":"file:../../features/video","news":"file:../../features/news","quickstart":"file:../../features/quickstart","follow":"file:../../features/follows","mine":"file:../../features/mine","login":"file:../../features/login","uicomponents":"file:../../commons/uicomponents","utils":"file:../../commons/utils"}} at undefined
[2025-10-21T22:10:12.277] [DEBUG] debug-file - Executing task :default:default@BuildNativeWithCmake
[2025-10-21T22:10:12.278] [DEBUG] debug-file - jsonObjWithoutParam {"video":"file:../../features/video","news":"file:../../features/news","quickstart":"file:../../features/quickstart","follow":"file:../../features/follows","mine":"file:../../features/mine","login":"file:../../features/login","uicomponents":"file:../../commons/uicomponents","utils":"file:../../commons/utils"} at undefined
[2025-10-21T22:10:12.278] [DEBUG] debug-file - jsonObjWithoutParam {"name":"default","version":"1.0.0","description":"Please describe the basic information.","main":"","author":"","license":"","dependencies":{"video":"file:../../features/video","news":"file:../../features/news","quickstart":"file:../../features/quickstart","follow":"file:../../features/follows","mine":"file:../../features/mine","login":"file:../../features/login","uicomponents":"file:../../commons/uicomponents","utils":"file:../../commons/utils"}} at undefined
[2025-10-21T22:10:12.278] [DEBUG] debug-file - default : default@BuildNativeWithCmake cost memory 0.0498199462890625
[2025-10-21T22:10:12.278] [DEBUG] debug-file - runTaskFromQueue task cost before running: 616 ms 
[2025-10-21T22:10:12.278] [INFO] debug-file - Finished :default:default@BuildNativeWithCmake... after 1 ms 
[2025-10-21T22:10:12.279] [DEBUG] debug-file - jsonObjWithoutParam {"video":"file:../../features/video","news":"file:../../features/news","quickstart":"file:../../features/quickstart","follow":"file:../../features/follows","mine":"file:../../features/mine","login":"file:../../features/login","uicomponents":"file:../../commons/uicomponents","utils":"file:../../commons/utils"} at undefined
[2025-10-21T22:10:12.279] [DEBUG] debug-file - jsonObjWithoutParam {"name":"default","version":"1.0.0","description":"Please describe the basic information.","main":"","author":"","license":"","dependencies":{"video":"file:../../features/video","news":"file:../../features/news","quickstart":"file:../../features/quickstart","follow":"file:../../features/follows","mine":"file:../../features/mine","login":"file:../../features/login","uicomponents":"file:../../commons/uicomponents","utils":"file:../../commons/utils"}} at undefined
[2025-10-21T22:10:12.281] [DEBUG] debug-file - Executing task :default:default@CompileArkTS
[2025-10-21T22:10:12.281] [DEBUG] debug-file - obfuscationOptions: undefined
[2025-10-21T22:10:12.291] [DEBUG] debug-file - default:default@CompileArkTS is not up-to-date, since the input file 'G:\HarmonyOsProjects\news_app-3a12a9aaec8f982bbbef9569988265dcb99f73e0\features\mine\src\main\ets' has been changed.
[2025-10-21T22:10:12.291] [DEBUG] debug-file - Incremental task default:default@CompileArkTS pre-execution cost: 6 ms .
[2025-10-21T22:10:12.298] [DEBUG] debug-file - build config:
[2025-10-21T22:10:12.298] [DEBUG] debug-file - {
  moduleType: 'entry',
  perf: 0,
  targetName: '.default',
  packageManagerType: 'ohpm',
  localPropertiesPath: 'G:\\HarmonyOsProjects\\news_app-3a12a9aaec8f982bbbef9569988265dcb99f73e0\\local.properties',
  isPreview: false,
  isOhosTest: false,
  isLocalTest: false,
  buildMode: 'Debug',
  watchMode: 'false',
  aceProfilePath: 'G:\\HarmonyOsProjects\\news_app-3a12a9aaec8f982bbbef9569988265dcb99f73e0\\products\\default\\build\\default\\intermediates\\res\\default\\resources\\base\\profile',
  etsLoaderPath: 'G:\\DevEco Studio\\sdk\\default\\openharmony\\ets\\build-tools\\ets-loader',
  modulePath: 'G:\\HarmonyOsProjects\\news_app-3a12a9aaec8f982bbbef9569988265dcb99f73e0\\products\\default',
  testFrameworkPar: {
    testMode: undefined,
    coveragePathFilter: undefined,
    coverageMode: undefined
  },
  needCoverageInsert: false,
  debugLine: false,
  projectTopDir: 'G:\\HarmonyOsProjects\\news_app-3a12a9aaec8f982bbbef9569988265dcb99f73e0',
  compileSdkVersion: 18,
  compatibleSdkVersion: 17,
  compatibleSdkVersionStage: undefined,
  bundleName: 'c***t',
  etsLoaderVersion: '5.1.0.110',
  etsLoaderReleaseType: 'Release',
  aotCompileMode: 'type',
  apPath: 'G:\\HarmonyOsProjects\\news_app-3a12a9aaec8f982bbbef9569988265dcb99f73e0\\products\\default\\modules.ap',
  entryModuleName: 'default',
  entryModuleVersion: '1.0.0',
  entryPackageName: 'default',
  allModuleNameHash: '4f72ccedca24de805b84221319f6d728',
  externalApiPaths: [ 'G:\\DevEco Studio\\sdk\\default\\hms\\ets' ],
  compilerTypes: undefined,
  isCrossplatform: false,
  hvigorPluginFile: undefined,
  compilePluginPath: undefined,
  buildGeneratedProfilePath: 'G:\\HarmonyOsProjects\\news_app-3a12a9aaec8f982bbbef9569988265dcb99f73e0\\products\\default\\build\\default\\generated\\profile\\default',
  bundleType: 'app',
  arkTSVersion: undefined,
  apiVersion: 18,
  needCompleteSourcesMap: false,
  isFaMode: false,
  strictMode: undefined,
  buildDir: 'G:\\HarmonyOsProjects\\news_app-3a12a9aaec8f982bbbef9569988265dcb99f73e0\\products\\default\\build',
  deviceTypes: [ 'phone', 'tablet', '2in1' ],
  useNormalizedOHMUrl: false,
  pkgContextInfo: undefined,
  ohPackagePathMap: {},
  dependencyAliasMap: {},
  permission: { requestPermissions: [ [Object] ], definePermissions: undefined },
  integratedHsp: false,
  projectArkOption: undefined,
  sourceMapDir: undefined,
  branchElimination: false,
  transformLib: undefined,
  caseSensitiveCheck: false,
  tsImportSendable: false,
  resolveConflictMode: true,
  depName2RootPath: {},
  depName2DepInfo: {},
  rootPathSet: [
    'G:\\HarmonyOsProjects\\news_app-3a12a9aaec8f982bbbef9569988265dcb99f73e0'
  ],
  useNativeResolver: true,
  shouldEmitJs: true,
  useTscResolve: false,
  singleFileEmit: false,
  userProjectConfig: {
    autoLazyImport: false,
    allowEmptyBundleName: false,
    reExportCheckMode: 'noCheck'
  },
  autoLazyImport: false,
  allowEmptyBundleName: false,
  reExportCheckMode: 'noCheck',
  arkCompileCachePath: 'G:\\HarmonyOsProjects\\news_app-3a12a9aaec8f982bbbef9569988265dcb99f73e0\\products\\default\\build\\default\\cache\\default\\default@CompileArkTS\\esmodule',
  aceModuleJsonPath: 'G:\\HarmonyOsProjects\\news_app-3a12a9aaec8f982bbbef9569988265dcb99f73e0\\products\\default\\build\\default\\intermediates\\res\\default\\ark_module.json',
  appResource: 'G:\\HarmonyOsProjects\\news_app-3a12a9aaec8f982bbbef9569988265dcb99f73e0\\products\\default\\build\\default\\intermediates\\res\\default\\ResourceTable.txt',
  rawFileResource: 'G:\\HarmonyOsProjects\\news_app-3a12a9aaec8f982bbbef9569988265dcb99f73e0\\products\\default\\build\\default\\intermediates\\res\\default\\resources\\rawfile',
  resourceTableHash: '973ba68d93ea4e73edb12958ad88852c',
  runtimeOS: 'HarmonyOS',
  sdkInfo: 'false:18:5.1.0.110:Release',
  aceModuleRoot: 'G:\\HarmonyOsProjects\\news_app-3a12a9aaec8f982bbbef9569988265dcb99f73e0\\products\\default\\src\\main\\ets',
  compileMode: 'esmodule',
  aceSuperVisualPath: 'G:\\HarmonyOsProjects\\news_app-3a12a9aaec8f982bbbef9569988265dcb99f73e0\\products\\default\\src\\main\\supervisual',
  aceBuildJson: 'G:\\HarmonyOsProjects\\news_app-3a12a9aaec8f982bbbef9569988265dcb99f73e0\\products\\default\\build\\default\\intermediates\\loader\\default\\loader.json',
  cachePath: 'G:\\HarmonyOsProjects\\news_app-3a12a9aaec8f982bbbef9569988265dcb99f73e0\\products\\default\\build\\default\\cache\\default\\default@CompileArkTS\\esmodule\\debug',
  aceModuleBuild: 'G:\\HarmonyOsProjects\\news_app-3a12a9aaec8f982bbbef9569988265dcb99f73e0\\products\\default\\build\\default\\intermediates\\loader_out\\default\\ets',
  supportChunks: true,
  declaredFilesPath: undefined,
  pkgNameToPkgBriefInfo: {
    video: {
      pkgRoot: 'G:\\HarmonyOsProjects\\news_app-3a12a9aaec8f982bbbef9569988265dcb99f73e0\\features\\video',
      pkgName: 'video',
      sourceRoots: [Array],
      originalSourceRoots: undefined
    },
    news: {
      pkgRoot: 'G:\\HarmonyOsProjects\\news_app-3a12a9aaec8f982bbbef9569988265dcb99f73e0\\features\\news',
      pkgName: 'news',
      sourceRoots: [Array],
      originalSourceRoots: undefined
    },
    quickstart: {
      pkgRoot: 'G:\\HarmonyOsProjects\\news_app-3a12a9aaec8f982bbbef9569988265dcb99f73e0\\features\\quickstart',
      pkgName: 'quickstart',
      sourceRoots: [Array],
      originalSourceRoots: undefined
    },
    follows: {
      pkgRoot: 'G:\\HarmonyOsProjects\\news_app-3a12a9aaec8f982bbbef9569988265dcb99f73e0\\features\\follows',
      pkgName: 'follows',
      sourceRoots: [Array],
      originalSourceRoots: undefined
    },
    mine: {
      pkgRoot: 'G:\\HarmonyOsProjects\\news_app-3a12a9aaec8f982bbbef9569988265dcb99f73e0\\features\\mine',
      pkgName: 'mine',
      sourceRoots: [Array],
      originalSourceRoots: undefined
    },
    login: {
      pkgRoot: 'G:\\HarmonyOsProjects\\news_app-3a12a9aaec8f982bbbef9569988265dcb99f73e0\\features\\login',
      pkgName: 'login',
      sourceRoots: [Array],
      originalSourceRoots: undefined
    },
    uicomponents: {
      pkgRoot: 'G:\\HarmonyOsProjects\\news_app-3a12a9aaec8f982bbbef9569988265dcb99f73e0\\commons\\uicomponents',
      pkgName: 'uicomponents',
      sourceRoots: [Array],
      originalSourceRoots: undefined
    },
    utils: {
      pkgRoot: 'G:\\HarmonyOsProjects\\news_app-3a12a9aaec8f982bbbef9569988265dcb99f73e0\\commons\\utils',
      pkgName: 'utils',
      sourceRoots: [Array],
      originalSourceRoots: undefined
    },
    default: {
      pkgRoot: 'G:\\HarmonyOsProjects\\news_app-3a12a9aaec8f982bbbef9569988265dcb99f73e0\\products\\default',
      originalSourceRoots: undefined,
      sourceRoots: [Array],
      pkgName: 'default'
    }
  },
  projectModel: {
    'G:\\HarmonyOsProjects\\news_app-3a12a9aaec8f982bbbef9569988265dcb99f73e0\\products\\default\\src\\main': {
      moduleName: 'default',
      modulePkgPath: 'G:\\HarmonyOsProjects\\news_app-3a12a9aaec8f982bbbef9569988265dcb99f73e0\\products\\default',
      belongProjectPath: 'G:\\HarmonyOsProjects\\news_app-3a12a9aaec8f982bbbef9569988265dcb99f73e0'
    },
    'G:\\HarmonyOsProjects\\news_app-3a12a9aaec8f982bbbef9569988265dcb99f73e0\\products\\default\\build\\default\\intermediates\\src\\ohosTest\\ets': {
      moduleName: 'default',
      modulePkgPath: 'G:\\HarmonyOsProjects\\news_app-3a12a9aaec8f982bbbef9569988265dcb99f73e0\\products\\default',
      belongProjectPath: 'G:\\HarmonyOsProjects\\news_app-3a12a9aaec8f982bbbef9569988265dcb99f73e0'
    },
    'G:\\HarmonyOsProjects\\news_app-3a12a9aaec8f982bbbef9569988265dcb99f73e0\\products\\default\\src\\ohosTest': {
      moduleName: 'default',
      modulePkgPath: 'G:\\HarmonyOsProjects\\news_app-3a12a9aaec8f982bbbef9569988265dcb99f73e0\\products\\default',
      belongProjectPath: 'G:\\HarmonyOsProjects\\news_app-3a12a9aaec8f982bbbef9569988265dcb99f73e0'
    },
    'G:\\HarmonyOsProjects\\news_app-3a12a9aaec8f982bbbef9569988265dcb99f73e0\\products\\default': {
      moduleName: 'default',
      modulePkgPath: 'G:\\HarmonyOsProjects\\news_app-3a12a9aaec8f982bbbef9569988265dcb99f73e0\\products\\default',
      belongProjectPath: 'G:\\HarmonyOsProjects\\news_app-3a12a9aaec8f982bbbef9569988265dcb99f73e0'
    },
    'G:\\HarmonyOsProjects\\news_app-3a12a9aaec8f982bbbef9569988265dcb99f73e0\\features\\news\\src\\main': {
      moduleName: 'news',
      modulePkgPath: 'G:\\HarmonyOsProjects\\news_app-3a12a9aaec8f982bbbef9569988265dcb99f73e0\\features\\news',
      belongProjectPath: 'G:\\HarmonyOsProjects\\news_app-3a12a9aaec8f982bbbef9569988265dcb99f73e0'
    },
    'G:\\HarmonyOsProjects\\news_app-3a12a9aaec8f982bbbef9569988265dcb99f73e0\\features\\news\\build\\default\\intermediates\\src\\ohosTest\\ets': {
      moduleName: 'news',
      modulePkgPath: 'G:\\HarmonyOsProjects\\news_app-3a12a9aaec8f982bbbef9569988265dcb99f73e0\\features\\news',
      belongProjectPath: 'G:\\HarmonyOsProjects\\news_app-3a12a9aaec8f982bbbef9569988265dcb99f73e0'
    },
    'G:\\HarmonyOsProjects\\news_app-3a12a9aaec8f982bbbef9569988265dcb99f73e0\\features\\news\\src\\ohosTest': {
      moduleName: 'news',
      modulePkgPath: 'G:\\HarmonyOsProjects\\news_app-3a12a9aaec8f982bbbef9569988265dcb99f73e0\\features\\news',
      belongProjectPath: 'G:\\HarmonyOsProjects\\news_app-3a12a9aaec8f982bbbef9569988265dcb99f73e0'
    },
    'G:\\HarmonyOsProjects\\news_app-3a12a9aaec8f982bbbef9569988265dcb99f73e0\\features\\news': {
      moduleName: 'news',
      modulePkgPath: 'G:\\HarmonyOsProjects\\news_app-3a12a9aaec8f982bbbef9569988265dcb99f73e0\\features\\news',
      belongProjectPath: 'G:\\HarmonyOsProjects\\news_app-3a12a9aaec8f982bbbef9569988265dcb99f73e0'
    },
    'G:\\HarmonyOsProjects\\news_app-3a12a9aaec8f982bbbef9569988265dcb99f73e0\\features\\video\\src\\main': {
      moduleName: 'video',
      modulePkgPath: 'G:\\HarmonyOsProjects\\news_app-3a12a9aaec8f982bbbef9569988265dcb99f73e0\\features\\video',
      belongProjectPath: 'G:\\HarmonyOsProjects\\news_app-3a12a9aaec8f982bbbef9569988265dcb99f73e0'
    },
    'G:\\HarmonyOsProjects\\news_app-3a12a9aaec8f982bbbef9569988265dcb99f73e0\\features\\video\\build\\default\\intermediates\\src\\ohosTest\\ets': {
      moduleName: 'video',
      modulePkgPath: 'G:\\HarmonyOsProjects\\news_app-3a12a9aaec8f982bbbef9569988265dcb99f73e0\\features\\video',
      belongProjectPath: 'G:\\HarmonyOsProjects\\news_app-3a12a9aaec8f982bbbef9569988265dcb99f73e0'
    },
    'G:\\HarmonyOsProjects\\news_app-3a12a9aaec8f982bbbef9569988265dcb99f73e0\\features\\video\\src\\ohosTest': {
      moduleName: 'video',
      modulePkgPath: 'G:\\HarmonyOsProjects\\news_app-3a12a9aaec8f982bbbef9569988265dcb99f73e0\\features\\video',
      belongProjectPath: 'G:\\HarmonyOsProjects\\news_app-3a12a9aaec8f982bbbef9569988265dcb99f73e0'
    },
    'G:\\HarmonyOsProjects\\news_app-3a12a9aaec8f982bbbef9569988265dcb99f73e0\\features\\video': {
      moduleName: 'video',
      modulePkgPath: 'G:\\HarmonyOsProjects\\news_app-3a12a9aaec8f982bbbef9569988265dcb99f73e0\\features\\video',
      belongProjectPath: 'G:\\HarmonyOsProjects\\news_app-3a12a9aaec8f982bbbef9569988265dcb99f73e0'
    },
    'G:\\HarmonyOsProjects\\news_app-3a12a9aaec8f982bbbef9569988265dcb99f73e0\\features\\quickstart\\src\\main': {
      moduleName: 'quickstart',
      modulePkgPath: 'G:\\HarmonyOsProjects\\news_app-3a12a9aaec8f982bbbef9569988265dcb99f73e0\\features\\quickstart',
      belongProjectPath: 'G:\\HarmonyOsProjects\\news_app-3a12a9aaec8f982bbbef9569988265dcb99f73e0'
    },
    'G:\\HarmonyOsProjects\\news_app-3a12a9aaec8f982bbbef9569988265dcb99f73e0\\features\\quickstart\\build\\default\\intermediates\\src\\ohosTest\\ets': {
      moduleName: 'quickstart',
      modulePkgPath: 'G:\\HarmonyOsProjects\\news_app-3a12a9aaec8f982bbbef9569988265dcb99f73e0\\features\\quickstart',
      belongProjectPath: 'G:\\HarmonyOsProjects\\news_app-3a12a9aaec8f982bbbef9569988265dcb99f73e0'
    },
    'G:\\HarmonyOsProjects\\news_app-3a12a9aaec8f982bbbef9569988265dcb99f73e0\\features\\quickstart\\src\\ohosTest': {
      moduleName: 'quickstart',
      modulePkgPath: 'G:\\HarmonyOsProjects\\news_app-3a12a9aaec8f982bbbef9569988265dcb99f73e0\\features\\quickstart',
      belongProjectPath: 'G:\\HarmonyOsProjects\\news_app-3a12a9aaec8f982bbbef9569988265dcb99f73e0'
    },
    'G:\\HarmonyOsProjects\\news_app-3a12a9aaec8f982bbbef9569988265dcb99f73e0\\features\\quickstart': {
      moduleName: 'quickstart',
      modulePkgPath: 'G:\\HarmonyOsProjects\\news_app-3a12a9aaec8f982bbbef9569988265dcb99f73e0\\features\\quickstart',
      belongProjectPath: 'G:\\HarmonyOsProjects\\news_app-3a12a9aaec8f982bbbef9569988265dcb99f73e0'
    },
    'G:\\HarmonyOsProjects\\news_app-3a12a9aaec8f982bbbef9569988265dcb99f73e0\\commons\\utils\\src\\main': {
      moduleName: 'utils',
      modulePkgPath: 'G:\\HarmonyOsProjects\\news_app-3a12a9aaec8f982bbbef9569988265dcb99f73e0\\commons\\utils',
      belongProjectPath: 'G:\\HarmonyOsProjects\\news_app-3a12a9aaec8f982bbbef9569988265dcb99f73e0'
    },
    'G:\\HarmonyOsProjects\\news_app-3a12a9aaec8f982bbbef9569988265dcb99f73e0\\commons\\utils\\build\\default\\intermediates\\src\\ohosTest\\ets': {
      moduleName: 'utils_test',
      modulePkgPath: 'G:\\HarmonyOsProjects\\news_app-3a12a9aaec8f982bbbef9569988265dcb99f73e0\\commons\\utils',
      belongProjectPath: 'G:\\HarmonyOsProjects\\news_app-3a12a9aaec8f982bbbef9569988265dcb99f73e0'
    },
    'G:\\HarmonyOsProjects\\news_app-3a12a9aaec8f982bbbef9569988265dcb99f73e0\\commons\\utils\\src\\ohosTest': {
      moduleName: 'utils_test',
      modulePkgPath: 'G:\\HarmonyOsProjects\\news_app-3a12a9aaec8f982bbbef9569988265dcb99f73e0\\commons\\utils',
      belongProjectPath: 'G:\\HarmonyOsProjects\\news_app-3a12a9aaec8f982bbbef9569988265dcb99f73e0'
    },
    'G:\\HarmonyOsProjects\\news_app-3a12a9aaec8f982bbbef9569988265dcb99f73e0\\commons\\utils': {
      moduleName: 'utils',
      modulePkgPath: 'G:\\HarmonyOsProjects\\news_app-3a12a9aaec8f982bbbef9569988265dcb99f73e0\\commons\\utils',
      belongProjectPath: 'G:\\HarmonyOsProjects\\news_app-3a12a9aaec8f982bbbef9569988265dcb99f73e0'
    },
    'G:\\HarmonyOsProjects\\news_app-3a12a9aaec8f982bbbef9569988265dcb99f73e0\\commons\\uicomponents\\src\\main': {
      moduleName: 'uicomponents',
      modulePkgPath: 'G:\\HarmonyOsProjects\\news_app-3a12a9aaec8f982bbbef9569988265dcb99f73e0\\commons\\uicomponents',
      belongProjectPath: 'G:\\HarmonyOsProjects\\news_app-3a12a9aaec8f982bbbef9569988265dcb99f73e0'
    },
    'G:\\HarmonyOsProjects\\news_app-3a12a9aaec8f982bbbef9569988265dcb99f73e0\\commons\\uicomponents\\build\\default\\intermediates\\src\\ohosTest\\ets': {
      moduleName: 'uicomponents_test',
      modulePkgPath: 'G:\\HarmonyOsProjects\\news_app-3a12a9aaec8f982bbbef9569988265dcb99f73e0\\commons\\uicomponents',
      belongProjectPath: 'G:\\HarmonyOsProjects\\news_app-3a12a9aaec8f982bbbef9569988265dcb99f73e0'
    },
    'G:\\HarmonyOsProjects\\news_app-3a12a9aaec8f982bbbef9569988265dcb99f73e0\\commons\\uicomponents\\src\\ohosTest': {
      moduleName: 'uicomponents_test',
      modulePkgPath: 'G:\\HarmonyOsProjects\\news_app-3a12a9aaec8f982bbbef9569988265dcb99f73e0\\commons\\uicomponents',
      belongProjectPath: 'G:\\HarmonyOsProjects\\news_app-3a12a9aaec8f982bbbef9569988265dcb99f73e0'
    },
    'G:\\HarmonyOsProjects\\news_app-3a12a9aaec8f982bbbef9569988265dcb99f73e0\\commons\\uicomponents': {
      moduleName: 'uicomponents',
      modulePkgPath: 'G:\\HarmonyOsProjects\\news_app-3a12a9aaec8f982bbbef9569988265dcb99f73e0\\commons\\uicomponents',
      belongProjectPath: 'G:\\HarmonyOsProjects\\news_app-3a12a9aaec8f982bbbef9569988265dcb99f73e0'
    },
    'G:\\HarmonyOsProjects\\news_app-3a12a9aaec8f982bbbef9569988265dcb99f73e0\\features\\mine\\src\\main': {
      moduleName: 'mine',
      modulePkgPath: 'G:\\HarmonyOsProjects\\news_app-3a12a9aaec8f982bbbef9569988265dcb99f73e0\\features\\mine',
      belongProjectPath: 'G:\\HarmonyOsProjects\\news_app-3a12a9aaec8f982bbbef9569988265dcb99f73e0'
    },
    'G:\\HarmonyOsProjects\\news_app-3a12a9aaec8f982bbbef9569988265dcb99f73e0\\features\\mine\\build\\default\\intermediates\\src\\ohosTest\\ets': {
      moduleName: 'mine_test',
      modulePkgPath: 'G:\\HarmonyOsProjects\\news_app-3a12a9aaec8f982bbbef9569988265dcb99f73e0\\features\\mine',
      belongProjectPath: 'G:\\HarmonyOsProjects\\news_app-3a12a9aaec8f982bbbef9569988265dcb99f73e0'
    },
    'G:\\HarmonyOsProjects\\news_app-3a12a9aaec8f982bbbef9569988265dcb99f73e0\\features\\mine\\src\\ohosTest': {
      moduleName: 'mine_test',
      modulePkgPath: 'G:\\HarmonyOsProjects\\news_app-3a12a9aaec8f982bbbef9569988265dcb99f73e0\\features\\mine',
      belongProjectPath: 'G:\\HarmonyOsProjects\\news_app-3a12a9aaec8f982bbbef9569988265dcb99f73e0'
    },
    'G:\\HarmonyOsProjects\\news_app-3a12a9aaec8f982bbbef9569988265dcb99f73e0\\features\\mine': {
      moduleName: 'mine',
      modulePkgPath: 'G:\\HarmonyOsProjects\\news_app-3a12a9aaec8f982bbbef9569988265dcb99f73e0\\features\\mine',
      belongProjectPath: 'G:\\HarmonyOsProjects\\news_app-3a12a9aaec8f982bbbef9569988265dcb99f73e0'
    },
    'G:\\HarmonyOsProjects\\news_app-3a12a9aaec8f982bbbef9569988265dcb99f73e0\\features\\login\\src\\main': {
      moduleName: 'login',
      modulePkgPath: 'G:\\HarmonyOsProjects\\news_app-3a12a9aaec8f982bbbef9569988265dcb99f73e0\\features\\login',
      belongProjectPath: 'G:\\HarmonyOsProjects\\news_app-3a12a9aaec8f982bbbef9569988265dcb99f73e0'
    },
    'G:\\HarmonyOsProjects\\news_app-3a12a9aaec8f982bbbef9569988265dcb99f73e0\\features\\login\\build\\default\\intermediates\\src\\ohosTest\\ets': {
      moduleName: 'login_test',
      modulePkgPath: 'G:\\HarmonyOsProjects\\news_app-3a12a9aaec8f982bbbef9569988265dcb99f73e0\\features\\login',
      belongProjectPath: 'G:\\HarmonyOsProjects\\news_app-3a12a9aaec8f982bbbef9569988265dcb99f73e0'
    },
    'G:\\HarmonyOsProjects\\news_app-3a12a9aaec8f982bbbef9569988265dcb99f73e0\\features\\login\\src\\ohosTest': {
      moduleName: 'login_test',
      modulePkgPath: 'G:\\HarmonyOsProjects\\news_app-3a12a9aaec8f982bbbef9569988265dcb99f73e0\\features\\login',
      belongProjectPath: 'G:\\HarmonyOsProjects\\news_app-3a12a9aaec8f982bbbef9569988265dcb99f73e0'
    },
    'G:\\HarmonyOsProjects\\news_app-3a12a9aaec8f982bbbef9569988265dcb99f73e0\\features\\login': {
      moduleName: 'login',
      modulePkgPath: 'G:\\HarmonyOsProjects\\news_app-3a12a9aaec8f982bbbef9569988265dcb99f73e0\\features\\login',
      belongProjectPath: 'G:\\HarmonyOsProjects\\news_app-3a12a9aaec8f982bbbef9569988265dcb99f73e0'
    },
    'G:\\HarmonyOsProjects\\news_app-3a12a9aaec8f982bbbef9569988265dcb99f73e0\\features\\follows\\src\\main': {
      moduleName: 'follows',
      modulePkgPath: 'G:\\HarmonyOsProjects\\news_app-3a12a9aaec8f982bbbef9569988265dcb99f73e0\\features\\follows',
      belongProjectPath: 'G:\\HarmonyOsProjects\\news_app-3a12a9aaec8f982bbbef9569988265dcb99f73e0'
    },
    'G:\\HarmonyOsProjects\\news_app-3a12a9aaec8f982bbbef9569988265dcb99f73e0\\features\\follows\\build\\default\\intermediates\\src\\ohosTest\\ets': {
      moduleName: 'follows_test',
      modulePkgPath: 'G:\\HarmonyOsProjects\\news_app-3a12a9aaec8f982bbbef9569988265dcb99f73e0\\features\\follows',
      belongProjectPath: 'G:\\HarmonyOsProjects\\news_app-3a12a9aaec8f982bbbef9569988265dcb99f73e0'
    },
    'G:\\HarmonyOsProjects\\news_app-3a12a9aaec8f982bbbef9569988265dcb99f73e0\\features\\follows\\src\\ohosTest': {
      moduleName: 'follows_test',
      modulePkgPath: 'G:\\HarmonyOsProjects\\news_app-3a12a9aaec8f982bbbef9569988265dcb99f73e0\\features\\follows',
      belongProjectPath: 'G:\\HarmonyOsProjects\\news_app-3a12a9aaec8f982bbbef9569988265dcb99f73e0'
    },
    'G:\\HarmonyOsProjects\\news_app-3a12a9aaec8f982bbbef9569988265dcb99f73e0\\features\\follows': {
      moduleName: 'follows',
      modulePkgPath: 'G:\\HarmonyOsProjects\\news_app-3a12a9aaec8f982bbbef9569988265dcb99f73e0\\features\\follows',
      belongProjectPath: 'G:\\HarmonyOsProjects\\news_app-3a12a9aaec8f982bbbef9569988265dcb99f73e0'
    },
    'G:\\HarmonyOsProjects\\news_app-3a12a9aaec8f982bbbef9569988265dcb99f73e0': {
      moduleName: 'news_app-3a12a9aaec8f982bbbef9569988265dcb99f73e0',
      modulePkgPath: 'G:\\HarmonyOsProjects\\news_app-3a12a9aaec8f982bbbef9569988265dcb99f73e0',
      belongProjectPath: 'G:\\HarmonyOsProjects\\news_app-3a12a9aaec8f982bbbef9569988265dcb99f73e0'
    }
  },
  pkgJsonFileHash: '59a2558a9dcbfa0b262caa1c319c7f52',
  allModulePaths: [
    'G:\\HarmonyOsProjects\\news_app-3a12a9aaec8f982bbbef9569988265dcb99f73e0\\products\\default',
    'G:\\HarmonyOsProjects\\news_app-3a12a9aaec8f982bbbef9569988265dcb99f73e0\\features\\news',
    'G:\\HarmonyOsProjects\\news_app-3a12a9aaec8f982bbbef9569988265dcb99f73e0\\features\\video',
    'G:\\HarmonyOsProjects\\news_app-3a12a9aaec8f982bbbef9569988265dcb99f73e0\\features\\quickstart',
    'G:\\HarmonyOsProjects\\news_app-3a12a9aaec8f982bbbef9569988265dcb99f73e0\\commons\\utils',
    'G:\\HarmonyOsProjects\\news_app-3a12a9aaec8f982bbbef9569988265dcb99f73e0\\commons\\uicomponents',
    'G:\\HarmonyOsProjects\\news_app-3a12a9aaec8f982bbbef9569988265dcb99f73e0\\features\\mine',
    'G:\\HarmonyOsProjects\\news_app-3a12a9aaec8f982bbbef9569988265dcb99f73e0\\features\\login',
    'G:\\HarmonyOsProjects\\news_app-3a12a9aaec8f982bbbef9569988265dcb99f73e0\\features\\follows'
  ],
  routerMap: {},
  obfuscationOptions: undefined,
  compileBlockPkg: [],
  mockParams: {
    decorator: '@MockSetup',
    packageName: '@ohos/hamock',
    etsSourceRootPath: 'src/main/ets',
    mockConfigPath: undefined,
    mockConfigKey2ModuleInfo: {}
  },
  copyCodeResourceEnable: true,
  copyCodeResourceExcludes: [],
  uiTransformOptimization: false,
  otherPaths: {
    'video/*': [
      '..\\..\\..\\..\\..\\features\\video\\src\\main\\*',
      '..\\..\\..\\..\\..\\features\\video\\build\\default\\generated\\profile\\default\\*'
    ],
    'news/*': [
      '..\\..\\..\\..\\..\\features\\news\\src\\main\\*',
      '..\\..\\..\\..\\..\\features\\news\\build\\default\\generated\\profile\\default\\*'
    ],
    'quickstart/*': [
      '..\\..\\..\\..\\..\\features\\quickstart\\src\\main\\*',
      '..\\..\\..\\..\\..\\features\\quickstart\\build\\default\\generated\\profile\\default\\*'
    ],
    'follows/*': [
      '..\\..\\..\\..\\..\\features\\follows\\src\\main\\*',
      '..\\..\\..\\..\\..\\features\\follows\\build\\default\\generated\\profile\\default\\*'
    ],
    'mine/*': [
      '..\\..\\..\\..\\..\\features\\mine\\src\\main\\*',
      '..\\..\\..\\..\\..\\features\\mine\\build\\default\\generated\\profile\\default\\*'
    ],
    'login/*': [
      '..\\..\\..\\..\\..\\features\\login\\src\\main\\*',
      '..\\..\\..\\..\\..\\features\\login\\build\\default\\generated\\profile\\default\\*'
    ],
    'uicomponents/*': [
      '..\\..\\..\\..\\..\\commons\\uicomponents\\src\\main\\*',
      '..\\..\\..\\..\\..\\commons\\uicomponents\\build\\default\\generated\\profile\\default\\*'
    ],
    'utils/*': [
      '..\\..\\..\\..\\..\\commons\\utils\\src\\main\\*',
      '..\\..\\..\\..\\..\\commons\\utils\\build\\default\\generated\\profile\\default\\*'
    ],
    'default/*': [
      '..\\*',
      '..\\..\\..\\build\\default\\generated\\profile\\default\\*'
    ]
  },
  collectImportersConfig: undefined
}
[2025-10-21T22:10:12.299] [DEBUG] debug-file - Compile arkts with external api path: G:\DevEco Studio\sdk\default\hms\ets
[2025-10-21T22:10:12.299] [DEBUG] debug-file - default@CompileArkTS work[12] is submitted.
[2025-10-21T22:10:12.300] [DEBUG] debug-file - default@CompileArkTS work[12] is pushed to ready queue.
[2025-10-21T22:10:12.300] [DEBUG] debug-file - A work dispatched to worker[15] failed because unable to get work from ready queue.
[2025-10-21T22:10:12.300] [DEBUG] debug-file - A work dispatched to worker[14] failed because unable to get work from ready queue.
[2025-10-21T22:10:12.300] [DEBUG] debug-file - A work dispatched to worker[13] failed because unable to get work from ready queue.
[2025-10-21T22:10:12.300] [DEBUG] debug-file - A work dispatched to worker[12] failed because unable to get work from ready queue.
[2025-10-21T22:10:12.300] [DEBUG] debug-file - A work dispatched to worker[11] failed because unable to get work from ready queue.
[2025-10-21T22:10:12.300] [DEBUG] debug-file - A work dispatched to worker[10] failed because unable to get work from ready queue.
[2025-10-21T22:10:12.300] [DEBUG] debug-file - A work dispatched to worker[9] failed because unable to get work from ready queue.
[2025-10-21T22:10:12.300] [DEBUG] debug-file - A work dispatched to worker[8] failed because unable to get work from ready queue.
[2025-10-21T22:10:12.300] [DEBUG] debug-file - A work dispatched to worker[7] failed because unable to get work from ready queue.
[2025-10-21T22:10:12.300] [DEBUG] debug-file - A work dispatched to worker[6] failed because unable to get work from ready queue.
[2025-10-21T22:10:12.300] [DEBUG] debug-file - A work dispatched to worker[5] failed because unable to get work from ready queue.
[2025-10-21T22:10:12.300] [DEBUG] debug-file - default@CompileArkTS work[12] has been dispatched to worker[4].
[2025-10-21T22:10:12.300] [DEBUG] debug-file - default@CompileArkTS work[12] is dispatched.
[2025-10-21T22:10:12.300] [DEBUG] debug-file - CopyResources startTime: 40770984075000
[2025-10-21T22:10:12.301] [DEBUG] debug-file - default@CompileArkTS work[13] is submitted.
[2025-10-21T22:10:12.301] [DEBUG] debug-file - default@CompileArkTS work[13] is pushed to ready queue.
[2025-10-21T22:10:12.301] [DEBUG] debug-file - A work dispatched to worker[15] failed because unable to get work from ready queue.
[2025-10-21T22:10:12.301] [DEBUG] debug-file - Create  resident worker with id: 14.
[2025-10-21T22:10:12.302] [DEBUG] debug-file - default@CompileArkTS work[13] has been dispatched to worker[14].
[2025-10-21T22:10:12.302] [DEBUG] debug-file - default@CompileArkTS work[13] is dispatched.
[2025-10-21T22:10:12.302] [DEBUG] debug-file - default : default@CompileArkTS cost memory 3.0664749145507812
[2025-10-21T22:10:12.303] [DEBUG] debug-file - jsonObjWithoutParam {"video":"file:../../features/video","news":"file:../../features/news","quickstart":"file:../../features/quickstart","follow":"file:../../features/follows","mine":"file:../../features/mine","login":"file:../../features/login","uicomponents":"file:../../commons/uicomponents","utils":"file:../../commons/utils"} at undefined
[2025-10-21T22:10:12.303] [DEBUG] debug-file - jsonObjWithoutParam {"name":"default","version":"1.0.0","description":"Please describe the basic information.","main":"","author":"","license":"","dependencies":{"video":"file:../../features/video","news":"file:../../features/news","quickstart":"file:../../features/quickstart","follow":"file:../../features/follows","mine":"file:../../features/mine","login":"file:../../features/login","uicomponents":"file:../../commons/uicomponents","utils":"file:../../commons/utils"}} at undefined
[2025-10-21T22:10:12.305] [DEBUG] debug-file - Executing task :default:default@BuildJS
[2025-10-21T22:10:12.307] [DEBUG] debug-file - default : default@BuildJS cost memory 0.2200775146484375
[2025-10-21T22:10:12.307] [DEBUG] debug-file - runTaskFromQueue task cost before running: 645 ms 
[2025-10-21T22:10:12.307] [INFO] debug-file - Finished :default:default@BuildJS... after 2 ms 
[2025-10-21T22:10:12.308] [DEBUG] debug-file - jsonObjWithoutParam {"utils":"file:../../commons/utils","uicomponents":"file:../../commons/uicomponents"} at undefined
[2025-10-21T22:10:12.308] [DEBUG] debug-file - jsonObjWithoutParam {"name":"news","version":"1.0.0","description":"Please describe the basic information.","main":"Index.ets","author":"","license":"Apache-2.0","dependencies":{"utils":"file:../../commons/utils","uicomponents":"file:../../commons/uicomponents"}} at undefined
[2025-10-21T22:10:12.309] [DEBUG] debug-file - Executing task :news:default@DoNativeStrip
[2025-10-21T22:10:12.310] [DEBUG] debug-file - Task 'news:default@DoNativeStrip' cost while wrapping incremental declarations: 1 ms 
[2025-10-21T22:10:12.310] [DEBUG] debug-file - Incremental task news:default@DoNativeStrip pre-execution cost: 1 ms .
[2025-10-21T22:10:12.310] [DEBUG] debug-file - news : default@DoNativeStrip cost memory 0.07562255859375
[2025-10-21T22:10:12.310] [INFO] debug-file - UP-TO-DATE :news:default@DoNativeStrip...  
[2025-10-21T22:10:12.312] [DEBUG] debug-file - jsonObjWithoutParam {"utils":"file:../../commons/utils","uicomponents":"file:../../commons/uicomponents"} at undefined
[2025-10-21T22:10:12.312] [DEBUG] debug-file - jsonObjWithoutParam {"name":"video","version":"1.0.0","description":"Please describe the basic information.","main":"Index.ets","author":"","license":"Apache-2.0","dependencies":{"utils":"file:../../commons/utils","uicomponents":"file:../../commons/uicomponents"}} at undefined
[2025-10-21T22:10:12.313] [DEBUG] debug-file - Executing task :video:default@DoNativeStrip
[2025-10-21T22:10:12.313] [DEBUG] debug-file - Task 'video:default@DoNativeStrip' cost while wrapping incremental declarations: 1 ms 
[2025-10-21T22:10:12.313] [DEBUG] debug-file - Incremental task video:default@DoNativeStrip pre-execution cost: 1 ms .
[2025-10-21T22:10:12.313] [DEBUG] debug-file - video : default@DoNativeStrip cost memory 0.0757293701171875
[2025-10-21T22:10:12.313] [INFO] debug-file - UP-TO-DATE :video:default@DoNativeStrip...  
[2025-10-21T22:10:12.314] [DEBUG] debug-file - jsonObjWithoutParam {"utils":"file:../../commons/utils","uicomponents":"file:../../commons/uicomponents"} at undefined
[2025-10-21T22:10:12.315] [DEBUG] debug-file - jsonObjWithoutParam {"name":"quickstart","version":"1.0.0","description":"Please describe the basic information.","main":"Index.ets","author":"","license":"Apache-2.0","dependencies":{"utils":"file:../../commons/utils","uicomponents":"file:../../commons/uicomponents"}} at undefined
[2025-10-21T22:10:12.316] [DEBUG] debug-file - Executing task :quickstart:default@DoNativeStrip
[2025-10-21T22:10:12.316] [DEBUG] debug-file - Task 'quickstart:default@DoNativeStrip' cost while wrapping incremental declarations: 1 ms 
[2025-10-21T22:10:12.316] [DEBUG] debug-file - Incremental task quickstart:default@DoNativeStrip pre-execution cost: 1 ms .
[2025-10-21T22:10:12.316] [DEBUG] debug-file - quickstart : default@DoNativeStrip cost memory 0.080841064453125
[2025-10-21T22:10:12.316] [INFO] debug-file - UP-TO-DATE :quickstart:default@DoNativeStrip...  
[2025-10-21T22:10:12.318] [DEBUG] debug-file - jsonObjWithoutParam {"uicomponents":"file:../../commons/uicomponents","utils":"file:../../commons/utils"} at undefined
[2025-10-21T22:10:12.318] [DEBUG] debug-file - jsonObjWithoutParam {"name":"follows","version":"1.0.0","description":"Please describe the basic information.","main":"Index.ets","author":"","license":"Apache-2.0","dependencies":{"uicomponents":"file:../../commons/uicomponents","utils":"file:../../commons/utils"}} at undefined
[2025-10-21T22:10:12.319] [DEBUG] debug-file - Executing task :follows:default@DoNativeStrip
[2025-10-21T22:10:12.319] [DEBUG] debug-file - Task 'follows:default@DoNativeStrip' cost while wrapping incremental declarations: 1 ms 
[2025-10-21T22:10:12.320] [DEBUG] debug-file - Incremental task follows:default@DoNativeStrip pre-execution cost: 1 ms .
[2025-10-21T22:10:12.320] [DEBUG] debug-file - follows : default@DoNativeStrip cost memory 0.07683563232421875
[2025-10-21T22:10:12.320] [INFO] debug-file - UP-TO-DATE :follows:default@DoNativeStrip...  
[2025-10-21T22:10:12.321] [DEBUG] debug-file - jsonObjWithoutParam {"login":"file:../login"} at undefined
[2025-10-21T22:10:12.321] [DEBUG] debug-file - jsonObjWithoutParam {"name":"mine","version":"1.0.0","description":"Please describe the basic information.","main":"Index.ets","author":"","license":"Apache-2.0","dependencies":{"login":"file:../login"}} at undefined
[2025-10-21T22:10:12.322] [DEBUG] debug-file - Executing task :mine:default@BuildNativeWithNinja
[2025-10-21T22:10:12.322] [DEBUG] debug-file - jsonObjWithoutParam {"login":"file:../login"} at undefined
[2025-10-21T22:10:12.322] [DEBUG] debug-file - jsonObjWithoutParam {"name":"mine","version":"1.0.0","description":"Please describe the basic information.","main":"Index.ets","author":"","license":"Apache-2.0","dependencies":{"login":"file:../login"}} at undefined
[2025-10-21T22:10:12.322] [DEBUG] debug-file - mine : default@BuildNativeWithNinja cost memory 0.0582122802734375
[2025-10-21T22:10:12.322] [DEBUG] debug-file - runTaskFromQueue task cost before running: 661 ms 
[2025-10-21T22:10:12.323] [INFO] debug-file - Finished :mine:default@BuildNativeWithNinja... after 1 ms 
[2025-10-21T22:10:12.324] [DEBUG] debug-file - jsonObjWithoutParam {"login":"file:../login"} at undefined
[2025-10-21T22:10:12.324] [DEBUG] debug-file - jsonObjWithoutParam {"name":"mine","version":"1.0.0","description":"Please describe the basic information.","main":"Index.ets","author":"","license":"Apache-2.0","dependencies":{"login":"file:../login"}} at undefined
[2025-10-21T22:10:12.325] [DEBUG] debug-file - Executing task :mine:default@ProcessLibs
[2025-10-21T22:10:12.327] [DEBUG] debug-file - Incremental task mine:default@ProcessLibs pre-execution cost: 1 ms .
[2025-10-21T22:10:12.327] [DEBUG] debug-file - mine : default@ProcessLibs cost memory 0.13246917724609375
[2025-10-21T22:10:12.328] [INFO] debug-file - UP-TO-DATE :mine:default@ProcessLibs...  
[2025-10-21T22:10:12.331] [DEBUG] debug-file - jsonObjWithoutParam {"login":"file:../login"} at undefined
[2025-10-21T22:10:12.331] [DEBUG] debug-file - jsonObjWithoutParam {"name":"mine","version":"1.0.0","description":"Please describe the basic information.","main":"Index.ets","author":"","license":"Apache-2.0","dependencies":{"login":"file:../login"}} at undefined
[2025-10-21T22:10:12.334] [DEBUG] debug-file - Executing task :mine:default@DoNativeStrip
[2025-10-21T22:10:12.334] [DEBUG] debug-file - Task 'mine:default@DoNativeStrip' cost while wrapping incremental declarations: 1 ms 
[2025-10-21T22:10:12.334] [DEBUG] debug-file - Incremental task mine:default@DoNativeStrip pre-execution cost: 1 ms .
[2025-10-21T22:10:12.334] [DEBUG] debug-file - mine : default@DoNativeStrip cost memory 0.0753631591796875
[2025-10-21T22:10:12.335] [INFO] debug-file - UP-TO-DATE :mine:default@DoNativeStrip...  
[2025-10-21T22:10:12.336] [DEBUG] debug-file - jsonObjWithoutParam {"video":"file:../../features/video","news":"file:../../features/news","quickstart":"file:../../features/quickstart","follow":"file:../../features/follows","mine":"file:../../features/mine","login":"file:../../features/login","uicomponents":"file:../../commons/uicomponents","utils":"file:../../commons/utils"} at undefined
[2025-10-21T22:10:12.336] [DEBUG] debug-file - jsonObjWithoutParam {"name":"default","version":"1.0.0","description":"Please describe the basic information.","main":"","author":"","license":"","dependencies":{"video":"file:../../features/video","news":"file:../../features/news","quickstart":"file:../../features/quickstart","follow":"file:../../features/follows","mine":"file:../../features/mine","login":"file:../../features/login","uicomponents":"file:../../commons/uicomponents","utils":"file:../../commons/utils"}} at undefined
[2025-10-21T22:10:12.337] [DEBUG] debug-file - Executing task :default:default@BuildNativeWithNinja
[2025-10-21T22:10:12.337] [DEBUG] debug-file - jsonObjWithoutParam {"video":"file:../../features/video","news":"file:../../features/news","quickstart":"file:../../features/quickstart","follow":"file:../../features/follows","mine":"file:../../features/mine","login":"file:../../features/login","uicomponents":"file:../../commons/uicomponents","utils":"file:../../commons/utils"} at undefined
[2025-10-21T22:10:12.337] [DEBUG] debug-file - jsonObjWithoutParam {"name":"default","version":"1.0.0","description":"Please describe the basic information.","main":"","author":"","license":"","dependencies":{"video":"file:../../features/video","news":"file:../../features/news","quickstart":"file:../../features/quickstart","follow":"file:../../features/follows","mine":"file:../../features/mine","login":"file:../../features/login","uicomponents":"file:../../commons/uicomponents","utils":"file:../../commons/utils"}} at undefined
[2025-10-21T22:10:12.337] [DEBUG] debug-file - default : default@BuildNativeWithNinja cost memory 0.0684814453125
[2025-10-21T22:10:12.337] [DEBUG] debug-file - runTaskFromQueue task cost before running: 675 ms 
[2025-10-21T22:10:12.338] [INFO] debug-file - Finished :default:default@BuildNativeWithNinja... after 1 ms 
[2025-10-21T22:10:12.339] [DEBUG] debug-file - jsonObjWithoutParam {"video":"file:../../features/video","news":"file:../../features/news","quickstart":"file:../../features/quickstart","follow":"file:../../features/follows","mine":"file:../../features/mine","login":"file:../../features/login","uicomponents":"file:../../commons/uicomponents","utils":"file:../../commons/utils"} at undefined
[2025-10-21T22:10:12.339] [DEBUG] debug-file - jsonObjWithoutParam {"name":"default","version":"1.0.0","description":"Please describe the basic information.","main":"","author":"","license":"","dependencies":{"video":"file:../../features/video","news":"file:../../features/news","quickstart":"file:../../features/quickstart","follow":"file:../../features/follows","mine":"file:../../features/mine","login":"file:../../features/login","uicomponents":"file:../../commons/uicomponents","utils":"file:../../commons/utils"}} at undefined
[2025-10-21T22:10:12.339] [DEBUG] debug-file - Executing task :default:default@ProcessLibs
[2025-10-21T22:10:12.348] [DEBUG] debug-file - Incremental task default:default@ProcessLibs pre-execution cost: 3 ms .
[2025-10-21T22:10:12.348] [DEBUG] debug-file - default : default@ProcessLibs cost memory 1.3906707763671875
[2025-10-21T22:10:12.349] [INFO] debug-file - UP-TO-DATE :default:default@ProcessLibs...  
[2025-10-21T22:10:12.351] [DEBUG] debug-file - jsonObjWithoutParam {"video":"file:../../features/video","news":"file:../../features/news","quickstart":"file:../../features/quickstart","follow":"file:../../features/follows","mine":"file:../../features/mine","login":"file:../../features/login","uicomponents":"file:../../commons/uicomponents","utils":"file:../../commons/utils"} at undefined
[2025-10-21T22:10:12.351] [DEBUG] debug-file - jsonObjWithoutParam {"name":"default","version":"1.0.0","description":"Please describe the basic information.","main":"","author":"","license":"","dependencies":{"video":"file:../../features/video","news":"file:../../features/news","quickstart":"file:../../features/quickstart","follow":"file:../../features/follows","mine":"file:../../features/mine","login":"file:../../features/login","uicomponents":"file:../../commons/uicomponents","utils":"file:../../commons/utils"}} at undefined
[2025-10-21T22:10:12.353] [DEBUG] debug-file - Executing task :default:default@DoNativeStrip
[2025-10-21T22:10:12.353] [DEBUG] debug-file - Task 'default:default@DoNativeStrip' cost while wrapping incremental declarations: 1 ms 
[2025-10-21T22:10:12.354] [DEBUG] debug-file - Incremental task default:default@DoNativeStrip pre-execution cost: 1 ms .
[2025-10-21T22:10:12.354] [DEBUG] debug-file - default : default@DoNativeStrip cost memory 0.0758819580078125
[2025-10-21T22:10:12.354] [INFO] debug-file - UP-TO-DATE :default:default@DoNativeStrip...  
[2025-10-21T22:10:12.356] [DEBUG] debug-file - jsonObjWithoutParam {"video":"file:../../features/video","news":"file:../../features/news","quickstart":"file:../../features/quickstart","follow":"file:../../features/follows","mine":"file:../../features/mine","login":"file:../../features/login","uicomponents":"file:../../commons/uicomponents","utils":"file:../../commons/utils"} at undefined
[2025-10-21T22:10:12.356] [DEBUG] debug-file - jsonObjWithoutParam {"name":"default","version":"1.0.0","description":"Please describe the basic information.","main":"","author":"","license":"","dependencies":{"video":"file:../../features/video","news":"file:../../features/news","quickstart":"file:../../features/quickstart","follow":"file:../../features/follows","mine":"file:../../features/mine","login":"file:../../features/login","uicomponents":"file:../../commons/uicomponents","utils":"file:../../commons/utils"}} at undefined
[2025-10-21T22:10:12.358] [DEBUG] debug-file - Executing task :default:default@CacheNativeLibs
[2025-10-21T22:10:12.358] [DEBUG] debug-file - Task 'default:default@CacheNativeLibs' cost while wrapping incremental declarations: 1 ms 
[2025-10-21T22:10:12.359] [DEBUG] debug-file - Incremental task default:default@CacheNativeLibs pre-execution cost: 1 ms .
[2025-10-21T22:10:12.359] [DEBUG] debug-file - default : default@CacheNativeLibs cost memory 0.09987640380859375
[2025-10-21T22:10:12.359] [INFO] debug-file - UP-TO-DATE :default:default@CacheNativeLibs...  
[2025-10-21T22:10:13.066] [DEBUG] debug-file - worker[14] has one work done.
[2025-10-21T22:10:13.066] [DEBUG] debug-file - CopyResources is end, endTime: 40771748627400
[2025-10-21T22:10:13.066] [DEBUG] debug-file - default@CompileArkTS work[13] done.
[2025-10-21T22:10:13.066] [DEBUG] debug-file - A work dispatched to worker[14] failed because unable to get work from ready queue.
[2025-10-21T22:10:13.261] [DEBUG] debug-file - worker[4] has one work done.
[2025-10-21T22:10:13.265] [DEBUG] debug-file - default@CompileArkTS work[12] done.
[2025-10-21T22:10:13.265] [DEBUG] debug-file - A work dispatched to worker[4] failed because unable to get work from ready queue.
[2025-10-21T22:10:13.267] [INFO] debug-file - Finished :default:default@CompileArkTS... after 980 ms 
[2025-10-21T22:10:13.270] [DEBUG] debug-file - jsonObjWithoutParam {"video":"file:../../features/video","news":"file:../../features/news","quickstart":"file:../../features/quickstart","follow":"file:../../features/follows","mine":"file:../../features/mine","login":"file:../../features/login","uicomponents":"file:../../commons/uicomponents","utils":"file:../../commons/utils"} at undefined
[2025-10-21T22:10:13.271] [DEBUG] debug-file - jsonObjWithoutParam {"name":"default","version":"1.0.0","description":"Please describe the basic information.","main":"","author":"","license":"","dependencies":{"video":"file:../../features/video","news":"file:../../features/news","quickstart":"file:../../features/quickstart","follow":"file:../../features/follows","mine":"file:../../features/mine","login":"file:../../features/login","uicomponents":"file:../../commons/uicomponents","utils":"file:../../commons/utils"}} at undefined
[2025-10-21T22:10:13.271] [DEBUG] debug-file - Executing task :default:default@GeneratePkgModuleJson
[2025-10-21T22:10:13.271] [DEBUG] debug-file - Task 'default:default@GeneratePkgModuleJson' cost while wrapping incremental declarations: 1 ms 
[2025-10-21T22:10:13.272] [DEBUG] debug-file - Incremental task default:default@GeneratePkgModuleJson pre-execution cost: 1 ms .
[2025-10-21T22:10:13.272] [DEBUG] debug-file - default : default@GeneratePkgModuleJson cost memory 0.07064056396484375
[2025-10-21T22:10:13.272] [INFO] debug-file - UP-TO-DATE :default:default@GeneratePkgModuleJson...  
[2025-10-21T22:10:13.274] [DEBUG] debug-file - jsonObjWithoutParam {"video":"file:../../features/video","news":"file:../../features/news","quickstart":"file:../../features/quickstart","follow":"file:../../features/follows","mine":"file:../../features/mine","login":"file:../../features/login","uicomponents":"file:../../commons/uicomponents","utils":"file:../../commons/utils"} at undefined
[2025-10-21T22:10:13.274] [DEBUG] debug-file - jsonObjWithoutParam {"name":"default","version":"1.0.0","description":"Please describe the basic information.","main":"","author":"","license":"","dependencies":{"video":"file:../../features/video","news":"file:../../features/news","quickstart":"file:../../features/quickstart","follow":"file:../../features/follows","mine":"file:../../features/mine","login":"file:../../features/login","uicomponents":"file:../../commons/uicomponents","utils":"file:../../commons/utils"}} at undefined
[2025-10-21T22:10:13.279] [DEBUG] debug-file - Executing task :default:default@PackageHap
[2025-10-21T22:10:13.287] [DEBUG] debug-file - default:default@PackageHap is not up-to-date, since the input file 'G:\HarmonyOsProjects\news_app-3a12a9aaec8f982bbbef9569988265dcb99f73e0\products\default\build\default\intermediates\loader_out\default\ets' has been changed.
[2025-10-21T22:10:13.287] [DEBUG] debug-file - Incremental task default:default@PackageHap pre-execution cost: 7 ms .
[2025-10-21T22:10:13.287] [DEBUG] debug-file - jsonObjWithoutParam {"video":"file:../../features/video","news":"file:../../features/news","quickstart":"file:../../features/quickstart","follow":"file:../../features/follows","mine":"file:../../features/mine","login":"file:../../features/login","uicomponents":"file:../../commons/uicomponents","utils":"file:../../commons/utils"} at undefined
[2025-10-21T22:10:13.287] [DEBUG] debug-file - jsonObjWithoutParam {"name":"default","version":"1.0.0","description":"Please describe the basic information.","main":"","author":"","license":"","dependencies":{"video":"file:../../features/video","news":"file:../../features/news","quickstart":"file:../../features/quickstart","follow":"file:../../features/follows","mine":"file:../../features/mine","login":"file:../../features/login","uicomponents":"file:../../commons/uicomponents","utils":"file:../../commons/utils"}} at undefined
[2025-10-21T22:10:13.288] [DEBUG] debug-file - Use tool [G:\DevEco Studio\sdk\default\openharmony\toolchains\lib\app_packing_tool.jar]
 [
  'java',
  '-Dfile.encoding=GBK',
  '-jar',
  'G:\\DevEco Studio\\sdk\\default\\openharmony\\toolchains\\lib\\app_packing_tool.jar',
  '--mode',
  'hap',
  '--force',
  'true',
  '--lib-path',
  'G:\\HarmonyOsProjects\\news_app-3a12a9aaec8f982bbbef9569988265dcb99f73e0\\products\\default\\build\\default\\intermediates\\stripped_native_libs\\default',
  '--json-path',
  'G:\\HarmonyOsProjects\\news_app-3a12a9aaec8f982bbbef9569988265dcb99f73e0\\products\\default\\build\\default\\intermediates\\package\\default\\module.json',
  '--resources-path',
  'G:\\HarmonyOsProjects\\news_app-3a12a9aaec8f982bbbef9569988265dcb99f73e0\\products\\default\\build\\default\\intermediates\\res\\default\\resources',
  '--index-path',
  'G:\\HarmonyOsProjects\\news_app-3a12a9aaec8f982bbbef9569988265dcb99f73e0\\products\\default\\build\\default\\intermediates\\res\\default\\resources.index',
  '--pack-info-path',
  'G:\\HarmonyOsProjects\\news_app-3a12a9aaec8f982bbbef9569988265dcb99f73e0\\products\\default\\build\\default\\outputs\\default\\pack.info',
  '--out-path',
  'G:\\HarmonyOsProjects\\news_app-3a12a9aaec8f982bbbef9569988265dcb99f73e0\\products\\default\\build\\default\\outputs\\default\\default-default-unsigned.hap',
  '--ets-path',
  'G:\\HarmonyOsProjects\\news_app-3a12a9aaec8f982bbbef9569988265dcb99f73e0\\products\\default\\build\\default\\intermediates\\loader_out\\default\\ets'
]
[2025-10-21T22:10:13.345] [DEBUG] debug-file - java daemon socket received message:{"code":0,"message":"pack success"}
[2025-10-21T22:10:13.348] [DEBUG] debug-file - default : default@PackageHap cost memory 1.484344482421875
[2025-10-21T22:10:13.348] [DEBUG] debug-file - runTaskFromQueue task cost before running: 1 s 686 ms 
[2025-10-21T22:10:13.349] [INFO] debug-file - Finished :default:default@PackageHap... after 70 ms 
[2025-10-21T22:10:13.351] [DEBUG] debug-file - jsonObjWithoutParam {"video":"file:../../features/video","news":"file:../../features/news","quickstart":"file:../../features/quickstart","follow":"file:../../features/follows","mine":"file:../../features/mine","login":"file:../../features/login","uicomponents":"file:../../commons/uicomponents","utils":"file:../../commons/utils"} at undefined
[2025-10-21T22:10:13.351] [DEBUG] debug-file - jsonObjWithoutParam {"name":"default","version":"1.0.0","description":"Please describe the basic information.","main":"","author":"","license":"","dependencies":{"video":"file:../../features/video","news":"file:../../features/news","quickstart":"file:../../features/quickstart","follow":"file:../../features/follows","mine":"file:../../features/mine","login":"file:../../features/login","uicomponents":"file:../../commons/uicomponents","utils":"file:../../commons/utils"}} at undefined
[2025-10-21T22:10:13.352] [DEBUG] debug-file - Executing task :default:default@SignHap
[2025-10-21T22:10:13.352] [WARN] debug-file - Will skip sign 'hos_hap'. No signingConfigs profile is configured in current project.
             If needed, configure the signingConfigs in G:\HarmonyOsProjects\news_app-3a12a9aaec8f982bbbef9569988265dcb99f73e0\build-profile.json5.
[2025-10-21T22:10:13.352] [DEBUG] debug-file - default:default@SignHap is not up-to-date, since the input file 'G:\HarmonyOsProjects\news_app-3a12a9aaec8f982bbbef9569988265dcb99f73e0\products\default\build\default\outputs\default\default-default-unsigned.hap' has been changed.
[2025-10-21T22:10:13.352] [DEBUG] debug-file - Incremental task default:default@SignHap pre-execution cost: 1 ms .
[2025-10-21T22:10:13.353] [DEBUG] debug-file - jsonObjWithoutParam {"video":"file:../../features/video","news":"file:../../features/news","quickstart":"file:../../features/quickstart","follow":"file:../../features/follows","mine":"file:../../features/mine","login":"file:../../features/login","uicomponents":"file:../../commons/uicomponents","utils":"file:../../commons/utils"} at undefined
[2025-10-21T22:10:13.353] [DEBUG] debug-file - jsonObjWithoutParam {"name":"default","version":"1.0.0","description":"Please describe the basic information.","main":"","author":"","license":"","dependencies":{"video":"file:../../features/video","news":"file:../../features/news","quickstart":"file:../../features/quickstart","follow":"file:../../features/follows","mine":"file:../../features/mine","login":"file:../../features/login","uicomponents":"file:../../commons/uicomponents","utils":"file:../../commons/utils"}} at undefined
[2025-10-21T22:10:13.353] [DEBUG] debug-file - default : default@SignHap cost memory 0.1288909912109375
[2025-10-21T22:10:13.353] [DEBUG] debug-file - runTaskFromQueue task cost before running: 1 s 690 ms 
[2025-10-21T22:10:13.353] [INFO] debug-file - Finished :default:default@SignHap... after 1 ms 
[2025-10-21T22:10:13.354] [DEBUG] debug-file - jsonObjWithoutParam {"video":"file:../../features/video","news":"file:../../features/news","quickstart":"file:../../features/quickstart","follow":"file:../../features/follows","mine":"file:../../features/mine","login":"file:../../features/login","uicomponents":"file:../../commons/uicomponents","utils":"file:../../commons/utils"} at undefined
[2025-10-21T22:10:13.354] [DEBUG] debug-file - jsonObjWithoutParam {"name":"default","version":"1.0.0","description":"Please describe the basic information.","main":"","author":"","license":"","dependencies":{"video":"file:../../features/video","news":"file:../../features/news","quickstart":"file:../../features/quickstart","follow":"file:../../features/follows","mine":"file:../../features/mine","login":"file:../../features/login","uicomponents":"file:../../commons/uicomponents","utils":"file:../../commons/utils"}} at undefined
[2025-10-21T22:10:13.355] [DEBUG] debug-file - Executing task :default:default@CollectDebugSymbol
[2025-10-21T22:10:13.357] [DEBUG] debug-file - jsonObjWithoutParam {"video":"file:../../features/video","news":"file:../../features/news","quickstart":"file:../../features/quickstart","follow":"file:../../features/follows","mine":"file:../../features/mine","login":"file:../../features/login","uicomponents":"file:../../commons/uicomponents","utils":"file:../../commons/utils"} at undefined
[2025-10-21T22:10:13.357] [DEBUG] debug-file - jsonObjWithoutParam {"name":"default","version":"1.0.0","description":"Please describe the basic information.","main":"","author":"","license":"","dependencies":{"video":"file:../../features/video","news":"file:../../features/news","quickstart":"file:../../features/quickstart","follow":"file:../../features/follows","mine":"file:../../features/mine","login":"file:../../features/login","uicomponents":"file:../../commons/uicomponents","utils":"file:../../commons/utils"}} at undefined
[2025-10-21T22:10:13.357] [DEBUG] debug-file - default : default@CollectDebugSymbol cost memory 0.24169921875
[2025-10-21T22:10:13.357] [DEBUG] debug-file - runTaskFromQueue task cost before running: 1 s 695 ms 
[2025-10-21T22:10:13.358] [INFO] debug-file - Finished :default:default@CollectDebugSymbol... after 3 ms 
[2025-10-21T22:10:13.359] [DEBUG] debug-file - Executing task :default:assembleHap
[2025-10-21T22:10:13.359] [DEBUG] debug-file - default : assembleHap cost memory 0.011383056640625
[2025-10-21T22:10:13.359] [DEBUG] debug-file - runTaskFromQueue task cost before running: 1 s 696 ms 
[2025-10-21T22:10:13.359] [INFO] debug-file - Finished :default:assembleHap... after 1 ms 
[2025-10-21T22:10:13.370] [DEBUG] debug-file - BUILD SUCCESSFUL in 1 s 707 ms 
[2025-10-21T22:10:13.370] [DEBUG] debug-file - There is no need to refresh cache, since the incremental task default:default@PreBuild is up-to-date.
[2025-10-21T22:10:13.370] [DEBUG] debug-file - There is no need to refresh cache, since the incremental task video:default@PreBuild is up-to-date.
[2025-10-21T22:10:13.370] [DEBUG] debug-file - There is no need to refresh cache, since the incremental task utils:default@PreBuild is up-to-date.
[2025-10-21T22:10:13.370] [DEBUG] debug-file - There is no need to refresh cache, since the incremental task uicomponents:default@PreBuild is up-to-date.
[2025-10-21T22:10:13.370] [DEBUG] debug-file - There is no need to refresh cache, since the incremental task news:default@PreBuild is up-to-date.
[2025-10-21T22:10:13.370] [DEBUG] debug-file - There is no need to refresh cache, since the incremental task quickstart:default@PreBuild is up-to-date.
[2025-10-21T22:10:13.370] [DEBUG] debug-file - There is no need to refresh cache, since the incremental task follows:default@PreBuild is up-to-date.
[2025-10-21T22:10:13.370] [DEBUG] debug-file - There is no need to refresh cache, since the incremental task mine:default@PreBuild is up-to-date.
[2025-10-21T22:10:13.370] [DEBUG] debug-file - There is no need to refresh cache, since the incremental task login:default@PreBuild is up-to-date.
[2025-10-21T22:10:13.370] [DEBUG] debug-file - Update task default:default@CreateModuleInfo output file:G:\HarmonyOsProjects\news_app-3a12a9aaec8f982bbbef9569988265dcb99f73e0\products\default\build\default\generated\profile\default\ModuleInfo.ts cache.
[2025-10-21T22:10:13.370] [DEBUG] debug-file - Incremental task default:default@CreateModuleInfo post-execution cost:1 ms .
[2025-10-21T22:10:13.370] [DEBUG] debug-file - There is no need to refresh cache, since the incremental task default:default@GenerateMetadata is up-to-date.
[2025-10-21T22:10:13.371] [DEBUG] debug-file - Update task default:default@GeneratePkgContextInfo output file:G:\HarmonyOsProjects\news_app-3a12a9aaec8f982bbbef9569988265dcb99f73e0\products\default\build\default\intermediates\loader\default\pkgContextInfo.json cache.
[2025-10-21T22:10:13.371] [DEBUG] debug-file - Incremental task default:default@GeneratePkgContextInfo post-execution cost:1 ms .
[2025-10-21T22:10:13.371] [DEBUG] debug-file - Update task default:default@ProcessIntegratedHsp output file:G:\HarmonyOsProjects\news_app-3a12a9aaec8f982bbbef9569988265dcb99f73e0\build\cache\default\integrated_hsp\integratedHspCache.json cache.
[2025-10-21T22:10:13.372] [DEBUG] debug-file - Incremental task default:default@ProcessIntegratedHsp post-execution cost:1 ms .
[2025-10-21T22:10:13.372] [DEBUG] debug-file - There is no need to refresh cache, since the incremental task utils:default@CreateHarBuildProfile is up-to-date.
[2025-10-21T22:10:13.372] [DEBUG] debug-file - There is no need to refresh cache, since the incremental task utils:default@MergeProfile is up-to-date.
[2025-10-21T22:10:13.372] [DEBUG] debug-file - There is no need to refresh cache, since the incremental task uicomponents:default@CreateHarBuildProfile is up-to-date.
[2025-10-21T22:10:13.372] [DEBUG] debug-file - There is no need to refresh cache, since the incremental task uicomponents:default@MergeProfile is up-to-date.
[2025-10-21T22:10:13.372] [DEBUG] debug-file - Update task default:default@SyscapTransform input file:G:\DevEco Studio\sdk\default\openharmony\toolchains\syscap_tool.exe cache by regenerate.
[2025-10-21T22:10:13.372] [DEBUG] debug-file - Update task default:default@SyscapTransform input file:G:\DevEco Studio\sdk\default\openharmony\ets\api\device-define cache by regenerate.
[2025-10-21T22:10:13.373] [DEBUG] debug-file - Update task default:default@SyscapTransform output file:G:\HarmonyOsProjects\news_app-3a12a9aaec8f982bbbef9569988265dcb99f73e0\products\default\build\default\intermediates\syscap\default\rpcid.sc cache.
[2025-10-21T22:10:13.373] [DEBUG] debug-file - Incremental task default:default@SyscapTransform post-execution cost:2 ms .
[2025-10-21T22:10:13.373] [DEBUG] debug-file - There is no need to refresh cache, since the incremental task default:default@ProcessRouterMap is up-to-date.
[2025-10-21T22:10:13.374] [DEBUG] debug-file - Update task default:default@ProcessStartupConfig output file:G:\HarmonyOsProjects\news_app-3a12a9aaec8f982bbbef9569988265dcb99f73e0\products\default\build\default\intermediates\startup\default\startup_config.json cache.
[2025-10-21T22:10:13.374] [DEBUG] debug-file - Incremental task default:default@ProcessStartupConfig post-execution cost:1 ms .
[2025-10-21T22:10:13.374] [DEBUG] debug-file - There is no need to refresh cache, since the incremental task login:default@CreateHarBuildProfile is up-to-date.
[2025-10-21T22:10:13.374] [DEBUG] debug-file - There is no need to refresh cache, since the incremental task login:default@MergeProfile is up-to-date.
[2025-10-21T22:10:13.374] [DEBUG] debug-file - There is no need to refresh cache, since the incremental task news:default@CreateHarBuildProfile is up-to-date.
[2025-10-21T22:10:13.374] [DEBUG] debug-file - There is no need to refresh cache, since the incremental task video:default@CreateHarBuildProfile is up-to-date.
[2025-10-21T22:10:13.374] [DEBUG] debug-file - There is no need to refresh cache, since the incremental task quickstart:default@CreateHarBuildProfile is up-to-date.
[2025-10-21T22:10:13.374] [DEBUG] debug-file - There is no need to refresh cache, since the incremental task follows:default@CreateHarBuildProfile is up-to-date.
[2025-10-21T22:10:13.374] [DEBUG] debug-file - There is no need to refresh cache, since the incremental task news:default@MergeProfile is up-to-date.
[2025-10-21T22:10:13.374] [DEBUG] debug-file - There is no need to refresh cache, since the incremental task video:default@MergeProfile is up-to-date.
[2025-10-21T22:10:13.374] [DEBUG] debug-file - There is no need to refresh cache, since the incremental task quickstart:default@MergeProfile is up-to-date.
[2025-10-21T22:10:13.374] [DEBUG] debug-file - There is no need to refresh cache, since the incremental task follows:default@MergeProfile is up-to-date.
[2025-10-21T22:10:13.374] [DEBUG] debug-file - There is no need to refresh cache, since the incremental task default:default@GenerateLoaderJson is up-to-date.
[2025-10-21T22:10:13.374] [DEBUG] debug-file - There is no need to refresh cache, since the incremental task mine:default@CreateHarBuildProfile is up-to-date.
[2025-10-21T22:10:13.374] [DEBUG] debug-file - There is no need to refresh cache, since the incremental task mine:default@MergeProfile is up-to-date.
[2025-10-21T22:10:13.374] [DEBUG] debug-file - There is no need to refresh cache, since the incremental task default:default@CreateBuildProfile is up-to-date.
[2025-10-21T22:10:13.374] [DEBUG] debug-file - There is no need to refresh cache, since the incremental task utils:default@ProcessLibs is up-to-date.
[2025-10-21T22:10:13.374] [DEBUG] debug-file - There is no need to refresh cache, since the incremental task default:default@MergeProfile is up-to-date.
[2025-10-21T22:10:13.374] [DEBUG] debug-file - There is no need to refresh cache, since the incremental task uicomponents:default@ProcessLibs is up-to-date.
[2025-10-21T22:10:13.374] [DEBUG] debug-file - There is no need to refresh cache, since the incremental task utils:default@DoNativeStrip is up-to-date.
[2025-10-21T22:10:13.374] [DEBUG] debug-file - There is no need to refresh cache, since the incremental task default:default@MakePackInfo is up-to-date.
[2025-10-21T22:10:13.374] [DEBUG] debug-file - There is no need to refresh cache, since the incremental task default:default@ProcessProfile is up-to-date.
[2025-10-21T22:10:13.375] [DEBUG] debug-file - There is no need to refresh cache, since the incremental task uicomponents:default@DoNativeStrip is up-to-date.
[2025-10-21T22:10:13.375] [DEBUG] debug-file - There is no need to refresh cache, since the incremental task default:default@ProcessResource is up-to-date.
[2025-10-21T22:10:13.375] [DEBUG] debug-file - There is no need to refresh cache, since the incremental task login:default@ProcessLibs is up-to-date.
[2025-10-21T22:10:13.375] [DEBUG] debug-file - There is no need to refresh cache, since the incremental task default:default@CompileResource is up-to-date.
[2025-10-21T22:10:13.375] [DEBUG] debug-file - There is no need to refresh cache, since the incremental task news:default@ProcessLibs is up-to-date.
[2025-10-21T22:10:13.375] [DEBUG] debug-file - There is no need to refresh cache, since the incremental task video:default@ProcessLibs is up-to-date.
[2025-10-21T22:10:13.375] [DEBUG] debug-file - There is no need to refresh cache, since the incremental task quickstart:default@ProcessLibs is up-to-date.
[2025-10-21T22:10:13.375] [DEBUG] debug-file - There is no need to refresh cache, since the incremental task follows:default@ProcessLibs is up-to-date.
[2025-10-21T22:10:13.375] [DEBUG] debug-file - There is no need to refresh cache, since the incremental task login:default@DoNativeStrip is up-to-date.
[2025-10-21T22:10:13.377] [DEBUG] debug-file - Update task default:default@CompileArkTS input file:G:\HarmonyOsProjects\news_app-3a12a9aaec8f982bbbef9569988265dcb99f73e0\products\default\build\default\intermediates\loader\default cache by regenerate.
[2025-10-21T22:10:13.377] [DEBUG] debug-file - Update task default:default@CompileArkTS input file:G:\HarmonyOsProjects\news_app-3a12a9aaec8f982bbbef9569988265dcb99f73e0\features\video\Index.ets cache by regenerate.
[2025-10-21T22:10:13.377] [DEBUG] debug-file - Update task default:default@CompileArkTS input file:G:\HarmonyOsProjects\news_app-3a12a9aaec8f982bbbef9569988265dcb99f73e0\features\news\Index.ets cache by regenerate.
[2025-10-21T22:10:13.377] [DEBUG] debug-file - Update task default:default@CompileArkTS input file:G:\HarmonyOsProjects\news_app-3a12a9aaec8f982bbbef9569988265dcb99f73e0\features\quickstart\Index.ets cache by regenerate.
[2025-10-21T22:10:13.377] [DEBUG] debug-file - Update task default:default@CompileArkTS input file:G:\HarmonyOsProjects\news_app-3a12a9aaec8f982bbbef9569988265dcb99f73e0\features\follows\Index.ets cache by regenerate.
[2025-10-21T22:10:13.377] [DEBUG] debug-file - Update task default:default@CompileArkTS input file:G:\HarmonyOsProjects\news_app-3a12a9aaec8f982bbbef9569988265dcb99f73e0\features\mine\Index.ets cache by regenerate.
[2025-10-21T22:10:13.378] [DEBUG] debug-file - Update task default:default@CompileArkTS input file:G:\HarmonyOsProjects\news_app-3a12a9aaec8f982bbbef9569988265dcb99f73e0\features\login\Index.ets cache by regenerate.
[2025-10-21T22:10:13.378] [DEBUG] debug-file - Update task default:default@CompileArkTS input file:G:\HarmonyOsProjects\news_app-3a12a9aaec8f982bbbef9569988265dcb99f73e0\commons\uicomponents\Index.ets cache by regenerate.
[2025-10-21T22:10:13.378] [DEBUG] debug-file - Update task default:default@CompileArkTS input file:G:\HarmonyOsProjects\news_app-3a12a9aaec8f982bbbef9569988265dcb99f73e0\commons\utils\Index.ets cache by regenerate.
[2025-10-21T22:10:13.378] [DEBUG] debug-file - Update task default:default@CompileArkTS input file:G:\HarmonyOsProjects\news_app-3a12a9aaec8f982bbbef9569988265dcb99f73e0\features\video\src\main\ets cache by regenerate.
[2025-10-21T22:10:13.378] [DEBUG] debug-file - Update task default:default@CompileArkTS input file:G:\HarmonyOsProjects\news_app-3a12a9aaec8f982bbbef9569988265dcb99f73e0\features\news\src\main\ets cache by regenerate.
[2025-10-21T22:10:13.379] [DEBUG] debug-file - Update task default:default@CompileArkTS input file:G:\HarmonyOsProjects\news_app-3a12a9aaec8f982bbbef9569988265dcb99f73e0\features\quickstart\src\main\ets cache by regenerate.
[2025-10-21T22:10:13.380] [DEBUG] debug-file - Update task default:default@CompileArkTS input file:G:\HarmonyOsProjects\news_app-3a12a9aaec8f982bbbef9569988265dcb99f73e0\features\follows\src\main\ets cache by regenerate.
[2025-10-21T22:10:13.380] [DEBUG] debug-file - Update task default:default@CompileArkTS input file:G:\HarmonyOsProjects\news_app-3a12a9aaec8f982bbbef9569988265dcb99f73e0\features\mine\src\main\ets cache from map.
[2025-10-21T22:10:13.380] [DEBUG] debug-file - Update task default:default@CompileArkTS input file:G:\HarmonyOsProjects\news_app-3a12a9aaec8f982bbbef9569988265dcb99f73e0\features\login\src\main\ets cache by regenerate.
[2025-10-21T22:10:13.381] [DEBUG] debug-file - Update task default:default@CompileArkTS input file:G:\HarmonyOsProjects\news_app-3a12a9aaec8f982bbbef9569988265dcb99f73e0\commons\uicomponents\src\main\ets cache by regenerate.
[2025-10-21T22:10:13.382] [DEBUG] debug-file - Update task default:default@CompileArkTS input file:G:\HarmonyOsProjects\news_app-3a12a9aaec8f982bbbef9569988265dcb99f73e0\commons\utils\src\main\ets cache by regenerate.
[2025-10-21T22:10:13.382] [DEBUG] debug-file - Update task default:default@CompileArkTS input file:G:\HarmonyOsProjects\news_app-3a12a9aaec8f982bbbef9569988265dcb99f73e0\products\default\build\default\intermediates\res\default\resources\rawfile cache by regenerate.
[2025-10-21T22:10:13.383] [DEBUG] debug-file - Update task default:default@CompileArkTS input file:G:\HarmonyOsProjects\news_app-3a12a9aaec8f982bbbef9569988265dcb99f73e0\products\default\build\default\intermediates\res\default\ResourceTable.txt cache by regenerate.
[2025-10-21T22:10:13.383] [DEBUG] debug-file - Update task default:default@CompileArkTS input file:G:\HarmonyOsProjects\news_app-3a12a9aaec8f982bbbef9569988265dcb99f73e0\products\default\build\default\intermediates\res\default\ark_module.json cache by regenerate.
[2025-10-21T22:10:13.383] [DEBUG] debug-file - Update task default:default@CompileArkTS input file:G:\HarmonyOsProjects\news_app-3a12a9aaec8f982bbbef9569988265dcb99f73e0\products\default\build\default\intermediates\res\default\resources\base\profile cache by regenerate.
[2025-10-21T22:10:13.383] [DEBUG] debug-file - Update task default:default@CompileArkTS input file:G:\HarmonyOsProjects\news_app-3a12a9aaec8f982bbbef9569988265dcb99f73e0\products\default\src\main\ets cache by regenerate.
[2025-10-21T22:10:13.383] [DEBUG] debug-file - Update task default:default@CompileArkTS input file:G:\HarmonyOsProjects\news_app-3a12a9aaec8f982bbbef9569988265dcb99f73e0\products\default\build\default\generated\profile\default\BuildProfile.ets cache by regenerate.
[2025-10-21T22:10:13.384] [DEBUG] debug-file - Update task default:default@CompileArkTS input file:G:\HarmonyOsProjects\news_app-3a12a9aaec8f982bbbef9569988265dcb99f73e0\features\video\BuildProfile.ets cache by regenerate.
[2025-10-21T22:10:13.384] [DEBUG] debug-file - Update task default:default@CompileArkTS input file:G:\HarmonyOsProjects\news_app-3a12a9aaec8f982bbbef9569988265dcb99f73e0\features\news\BuildProfile.ets cache by regenerate.
[2025-10-21T22:10:13.384] [DEBUG] debug-file - Update task default:default@CompileArkTS input file:G:\HarmonyOsProjects\news_app-3a12a9aaec8f982bbbef9569988265dcb99f73e0\features\quickstart\BuildProfile.ets cache by regenerate.
[2025-10-21T22:10:13.384] [DEBUG] debug-file - Update task default:default@CompileArkTS input file:G:\HarmonyOsProjects\news_app-3a12a9aaec8f982bbbef9569988265dcb99f73e0\features\follows\BuildProfile.ets cache by regenerate.
[2025-10-21T22:10:13.384] [DEBUG] debug-file - Update task default:default@CompileArkTS input file:G:\HarmonyOsProjects\news_app-3a12a9aaec8f982bbbef9569988265dcb99f73e0\features\mine\BuildProfile.ets cache by regenerate.
[2025-10-21T22:10:13.384] [DEBUG] debug-file - Update task default:default@CompileArkTS input file:G:\HarmonyOsProjects\news_app-3a12a9aaec8f982bbbef9569988265dcb99f73e0\features\login\BuildProfile.ets cache by regenerate.
[2025-10-21T22:10:13.385] [DEBUG] debug-file - Update task default:default@CompileArkTS input file:G:\HarmonyOsProjects\news_app-3a12a9aaec8f982bbbef9569988265dcb99f73e0\commons\uicomponents\BuildProfile.ets cache by regenerate.
[2025-10-21T22:10:13.385] [DEBUG] debug-file - Update task default:default@CompileArkTS input file:G:\HarmonyOsProjects\news_app-3a12a9aaec8f982bbbef9569988265dcb99f73e0\commons\utils\BuildProfile.ets cache by regenerate.
[2025-10-21T22:10:13.385] [DEBUG] debug-file - Update task default:default@CompileArkTS output file:G:\HarmonyOsProjects\news_app-3a12a9aaec8f982bbbef9569988265dcb99f73e0\products\default\build\default\intermediates\loader_out\default\ets cache.
[2025-10-21T22:10:13.385] [DEBUG] debug-file - Incremental task default:default@CompileArkTS post-execution cost:11 ms .
[2025-10-21T22:10:13.386] [DEBUG] debug-file - Update task default:default@BuildJS input file:G:\HarmonyOsProjects\news_app-3a12a9aaec8f982bbbef9569988265dcb99f73e0\products\default\build\default\intermediates\loader\default cache by regenerate.
[2025-10-21T22:10:13.387] [DEBUG] debug-file - Update task default:default@BuildJS input file:G:\HarmonyOsProjects\news_app-3a12a9aaec8f982bbbef9569988265dcb99f73e0\features\video\Index.ets cache by regenerate.
[2025-10-21T22:10:13.387] [DEBUG] debug-file - Update task default:default@BuildJS input file:G:\HarmonyOsProjects\news_app-3a12a9aaec8f982bbbef9569988265dcb99f73e0\features\news\Index.ets cache by regenerate.
[2025-10-21T22:10:13.387] [DEBUG] debug-file - Update task default:default@BuildJS input file:G:\HarmonyOsProjects\news_app-3a12a9aaec8f982bbbef9569988265dcb99f73e0\features\quickstart\Index.ets cache by regenerate.
[2025-10-21T22:10:13.387] [DEBUG] debug-file - Update task default:default@BuildJS input file:G:\HarmonyOsProjects\news_app-3a12a9aaec8f982bbbef9569988265dcb99f73e0\features\follows\Index.ets cache by regenerate.
[2025-10-21T22:10:13.387] [DEBUG] debug-file - Update task default:default@BuildJS input file:G:\HarmonyOsProjects\news_app-3a12a9aaec8f982bbbef9569988265dcb99f73e0\features\mine\Index.ets cache by regenerate.
[2025-10-21T22:10:13.387] [DEBUG] debug-file - Update task default:default@BuildJS input file:G:\HarmonyOsProjects\news_app-3a12a9aaec8f982bbbef9569988265dcb99f73e0\features\login\Index.ets cache by regenerate.
[2025-10-21T22:10:13.387] [DEBUG] debug-file - Update task default:default@BuildJS input file:G:\HarmonyOsProjects\news_app-3a12a9aaec8f982bbbef9569988265dcb99f73e0\commons\uicomponents\Index.ets cache by regenerate.
[2025-10-21T22:10:13.387] [DEBUG] debug-file - Update task default:default@BuildJS input file:G:\HarmonyOsProjects\news_app-3a12a9aaec8f982bbbef9569988265dcb99f73e0\commons\utils\Index.ets cache by regenerate.
[2025-10-21T22:10:13.388] [DEBUG] debug-file - Update task default:default@BuildJS input file:G:\HarmonyOsProjects\news_app-3a12a9aaec8f982bbbef9569988265dcb99f73e0\products\default\build\default\intermediates\res\default\resources\rawfile cache by regenerate.
[2025-10-21T22:10:13.388] [DEBUG] debug-file - Update task default:default@BuildJS input file:G:\HarmonyOsProjects\news_app-3a12a9aaec8f982bbbef9569988265dcb99f73e0\products\default\build\default\intermediates\res\default\ResourceTable.txt cache by regenerate.
[2025-10-21T22:10:13.388] [DEBUG] debug-file - Update task default:default@BuildJS input file:G:\HarmonyOsProjects\news_app-3a12a9aaec8f982bbbef9569988265dcb99f73e0\products\default\build\default\intermediates\res\default\ark_module.json cache by regenerate.
[2025-10-21T22:10:13.388] [DEBUG] debug-file - Update task default:default@BuildJS input file:G:\HarmonyOsProjects\news_app-3a12a9aaec8f982bbbef9569988265dcb99f73e0\products\default\build\default\intermediates\res\default\resources\base\profile cache by regenerate.
[2025-10-21T22:10:13.388] [DEBUG] debug-file - Update task default:default@BuildJS output file:G:\HarmonyOsProjects\news_app-3a12a9aaec8f982bbbef9569988265dcb99f73e0\products\default\build\default\intermediates\loader_out\default\js cache.
[2025-10-21T22:10:13.389] [DEBUG] debug-file - Incremental task default:default@BuildJS post-execution cost:4 ms .
[2025-10-21T22:10:13.389] [DEBUG] debug-file - There is no need to refresh cache, since the incremental task news:default@DoNativeStrip is up-to-date.
[2025-10-21T22:10:13.389] [DEBUG] debug-file - There is no need to refresh cache, since the incremental task video:default@DoNativeStrip is up-to-date.
[2025-10-21T22:10:13.389] [DEBUG] debug-file - There is no need to refresh cache, since the incremental task quickstart:default@DoNativeStrip is up-to-date.
[2025-10-21T22:10:13.389] [DEBUG] debug-file - There is no need to refresh cache, since the incremental task follows:default@DoNativeStrip is up-to-date.
[2025-10-21T22:10:13.389] [DEBUG] debug-file - There is no need to refresh cache, since the incremental task mine:default@ProcessLibs is up-to-date.
[2025-10-21T22:10:13.389] [DEBUG] debug-file - There is no need to refresh cache, since the incremental task mine:default@DoNativeStrip is up-to-date.
[2025-10-21T22:10:13.389] [DEBUG] debug-file - There is no need to refresh cache, since the incremental task default:default@ProcessLibs is up-to-date.
[2025-10-21T22:10:13.389] [DEBUG] debug-file - There is no need to refresh cache, since the incremental task default:default@DoNativeStrip is up-to-date.
[2025-10-21T22:10:13.389] [DEBUG] debug-file - There is no need to refresh cache, since the incremental task default:default@CacheNativeLibs is up-to-date.
[2025-10-21T22:10:13.389] [DEBUG] debug-file - There is no need to refresh cache, since the incremental task default:default@GeneratePkgModuleJson is up-to-date.
[2025-10-21T22:10:13.389] [DEBUG] debug-file - Update task default:default@PackageHap input file:G:\HarmonyOsProjects\news_app-3a12a9aaec8f982bbbef9569988265dcb99f73e0\products\default\build\default\intermediates\stripped_native_libs\default cache by regenerate.
[2025-10-21T22:10:13.390] [DEBUG] debug-file - Update task default:default@PackageHap input file:G:\HarmonyOsProjects\news_app-3a12a9aaec8f982bbbef9569988265dcb99f73e0\products\default\build\default\intermediates\res\default\module.json cache by regenerate.
[2025-10-21T22:10:13.390] [DEBUG] debug-file - Update task default:default@PackageHap input file:G:\HarmonyOsProjects\news_app-3a12a9aaec8f982bbbef9569988265dcb99f73e0\products\default\build\default\intermediates\res\default\resources cache by regenerate.
[2025-10-21T22:10:13.394] [DEBUG] debug-file - Update task default:default@PackageHap input file:G:\HarmonyOsProjects\news_app-3a12a9aaec8f982bbbef9569988265dcb99f73e0\products\default\build\default\intermediates\res\default\resources.index cache by regenerate.
[2025-10-21T22:10:13.394] [DEBUG] debug-file - Update task default:default@PackageHap input file:G:\HarmonyOsProjects\news_app-3a12a9aaec8f982bbbef9569988265dcb99f73e0\products\default\build\default\outputs\default\pack.info cache by regenerate.
[2025-10-21T22:10:13.394] [DEBUG] debug-file - Update task default:default@PackageHap input file:G:\HarmonyOsProjects\news_app-3a12a9aaec8f982bbbef9569988265dcb99f73e0\products\default\build\default\intermediates\loader_out\default\ets cache from map.
[2025-10-21T22:10:13.394] [DEBUG] debug-file - Update task default:default@PackageHap input file:G:\HarmonyOsProjects\news_app-3a12a9aaec8f982bbbef9569988265dcb99f73e0\products\default\build\default\intermediates\loader_out\default\ets\sourceMaps.map cache by regenerate.
[2025-10-21T22:10:13.394] [DEBUG] debug-file - Update task default:default@PackageHap input file:G:\HarmonyOsProjects\news_app-3a12a9aaec8f982bbbef9569988265dcb99f73e0\products\default\build\default\generated\profile\default\BuildProfile.ets cache by regenerate.
[2025-10-21T22:10:13.395] [DEBUG] debug-file - Update task default:default@PackageHap output file:G:\HarmonyOsProjects\news_app-3a12a9aaec8f982bbbef9569988265dcb99f73e0\products\default\build\default\outputs\default\default-default-unsigned.hap cache.
[2025-10-21T22:10:13.395] [DEBUG] debug-file - Update task default:default@PackageHap output file:G:\HarmonyOsProjects\news_app-3a12a9aaec8f982bbbef9569988265dcb99f73e0\products\default\build\default\intermediates\source_map\default\sourceMaps.map cache.
[2025-10-21T22:10:13.395] [DEBUG] debug-file - Update task default:default@PackageHap output file:G:\HarmonyOsProjects\news_app-3a12a9aaec8f982bbbef9569988265dcb99f73e0\products\default\build\default\outputs\default\mapping\sourceMaps.map cache.
[2025-10-21T22:10:13.395] [DEBUG] debug-file - Incremental task default:default@PackageHap post-execution cost:7 ms .
[2025-10-21T22:10:13.395] [DEBUG] debug-file - Update task default:default@SignHap input file:G:\HarmonyOsProjects\news_app-3a12a9aaec8f982bbbef9569988265dcb99f73e0\products\default\build\default\outputs\default\default-default-unsigned.hap cache from map.
[2025-10-21T22:10:13.395] [DEBUG] debug-file - Update task default:default@SignHap output file:G:\HarmonyOsProjects\news_app-3a12a9aaec8f982bbbef9569988265dcb99f73e0\products\default\build\default\outputs\default\default-default-signed.hap cache.
[2025-10-21T22:10:13.395] [DEBUG] debug-file - Incremental task default:default@SignHap post-execution cost:1 ms .
[2025-10-21T22:10:13.397] [DEBUG] debug-file - Update task default:default@CollectDebugSymbol input file:G:\HarmonyOsProjects\news_app-3a12a9aaec8f982bbbef9569988265dcb99f73e0\products\default\build\default\intermediates\loader_out\default\ets\sourceMaps.map cache by regenerate.
[2025-10-21T22:10:13.397] [DEBUG] debug-file - Update task default:default@CollectDebugSymbol input file:G:\HarmonyOsProjects\news_app-3a12a9aaec8f982bbbef9569988265dcb99f73e0\products\default\build\default\intermediates\libs\default cache by regenerate.
[2025-10-21T22:10:13.397] [DEBUG] debug-file - Update task default:default@CollectDebugSymbol output file:G:\HarmonyOsProjects\news_app-3a12a9aaec8f982bbbef9569988265dcb99f73e0\products\default\build\default\outputs\default\symbol cache.
[2025-10-21T22:10:13.397] [DEBUG] debug-file - Incremental task default:default@CollectDebugSymbol post-execution cost:3 ms .
[2025-10-21T22:10:13.435] [DEBUG] debug-file - Cleanup worker 14.
[2025-10-21T22:10:13.436] [DEBUG] debug-file - Worker 14 has been cleaned up.
[2025-10-21T22:10:13.436] [DEBUG] debug-file - Current idle worker size: 1.
[2025-10-21T22:10:13.436] [DEBUG] debug-file - Current resident worker size: 2.
[2025-10-21T22:10:13.437] [DEBUG] debug-file - hvigor build process will be closed.
[2025-10-21T22:10:13.437] [DEBUG] debug-file - java daemon socket close code:1000 reason:close by user
[2025-10-21T22:10:13.440] [DEBUG] debug-file - session manager: send message to worker process.
[2025-10-21T22:10:13.440] [DEBUG] debug-file - session manager: send message to worker process.
[2025-10-21T22:10:13.441] [DEBUG] debug-file - watch worker: worker id should be larger than 0. Nothing will be sent to any worker thread.
[2025-10-21T22:10:13.441] [DEBUG] debug-file - watch worker: worker id should be larger than 0. Nothing will be sent to any worker thread.
[2025-10-21T22:10:13.447] [DEBUG] debug-file - worker[14] exits with exit code 1.
